cycle,length,bottleneck_kzt
100000005171642100→100000004221668100→100000005171642100,2,683600.0
100000000791285100→100000008461532100→100000000791285100,2,560000.0
100000005933757100→100000002963189100→100000005933757100,2,490000.0
100000001872484100→100000008601794100→100000001872484100,2,475400.0
100000001732159100→100000008637537100→100000001732159100,2,381890.0
100000002741024100→100000007629096100→100000002741024100,2,360000.0
100000002217161100→100000001445848100→100000002217161100,2,351850.0
100000007390016100→100000008324800100→100000007390016100,2,346500.0
100000002958343100→100000000274067100→100000002958343100,2,300000.0
100000004603109100→100000002224132100→100000004603109100,2,300000.0
100000004717647100→100000004479404100→100000004717647100,2,300000.0
100000008314203100→100000008637537100→100000001732159100→100000008314203100,3,232000.0
100000002267998100→100000003701161100→100000002267998100,2,220000.0
100000004299488100→100000007055802100→100000004299488100,2,204999.0
100000002267998100→100000003718221100→100000002267998100,2,200000.0
100000004979498100→100000008571433100→100000004135268100→100000004979498100,3,200000.0
100000003299365100→100000003684369100→100000003299365100,2,200000.0
100000006069103100→100000000201868100→100000006069103100,2,190000.0
100000004892144100→100000002224132100→100000004892144100,2,180300.0
100000006844768100→100000004759121100→100000006844768100,2,175000.0
100000004670388100→100000000291906100→100000004670388100,2,160354.0
100000002738256100→100000004135268100→100000002738256100,2,150200.0
100000006579678100→100000003237045100→100000006579678100,2,150000.0
100000008571433100→100000004135268100→100000008571433100,2,150000.0
100000008258083100→100000000673868100→100000008258083100,2,149500.0
100000000838385100→100000008213966100→100000000838385100,2,145000.0
100000005519998100→100000004017410100→100000005519998100,2,141000.0
100000004209339100→100000003635170100→100000004209339100,2,138500.0
100000005339662100→100000004820260100→100000005339662100,2,135850.0
100000003131016100→100000000661912100→100000003131016100,2,126000.0
100000003701161100→100000003718221100→100000003701161100,2,120000.0
100000006232815100→100000001380054100→100000006232815100,2,120000.0
100000002267998100→100000003701161100→100000003718221100→100000002267998100,3,120000.0
100000002267998100→100000003718221100→100000003701161100→100000002267998100,3,120000.0
100000007442518100→100000008258083100→100000000673868100→100000007442518100,3,115000.0
100000005287097100→100000003016635100→100000005287097100,2,110723.0
100000003001661100→100000007382543100→100000003001661100,2,110000.0
100000008603629100→100000001857829100→100000003880331100→100000008603629100,3,100000.0
100000004892144100→100000002224132100→100000004603109100→100000004892144100,3,100000.0
100000004407753100→100000007382543100→100000004407753100,2,100000.0
100000001857829100→100000003880331100→100000001857829100,2,100000.0
100000008314203100→100000001732159100→100000008314203100,2,95000.0
100000000594783100→100000004603109100→100000002224132100→100000000594783100,3,92500.0
100000004892144100→100000002224132100→100000000594783100→100000004603109100→100000004892144100,4,92500.0
100000008762832100→100000008748914100→100000008762832100,2,85000.0
100000003923946100→100000003977183100→100000003923946100,2,82000.0
100000008736940100→100000008659445100→100000008736940100,2,77300.0
100000008736940100→100000008659445100→100000008193577100→100000008736940100,3,77300.0
100000001677929100→100000002394199100→100000001677929100,2,76777.0
100000002578405100→100000001697501100→100000002578405100,2,73700.0
100000008736940100→100000008659445100→100000008193577100→100000008751429100→100000008736940100,4,72600.0
100000008736940100→100000008659445100→100000008751429100→100000008736940100,3,72600.0
100000004330371100→100000006534886100→100000004330371100,2,71700.0
100000008603629100→100000002723538100→100000008603629100,2,70647.0
100000004015047100→100000001616816100→100000004015047100,2,69195.0
100000008736940100→100000008193577100→100000008736940100,2,67300.0
100000008736940100→100000008193577100→100000008751429100→100000008736940100,3,67300.0
100000004351795100→100000008512552100→100000003242289100→100000008304139100→100000006866783100→100000004351795100,5,66404.0
100000004070318100→100000006866783100→100000004351795100→100000000437046100→100000004070318100,4,66404.0
100000004070318100→100000006866783100→100000004070318100,2,64725.0
100000004403675100→100000003988112100→100000004403675100,2,64000.0
100000008547844100→100000008547948100→100000008547844100,2,61000.0
100000004070318100→100000008346837100→100000005910114100→100000006866783100→100000004070318100,4,60059.0
100000004070318100→100000008346837100→100000005910114100→100000006866783100→100000004351795100→100000000437046100→100000004070318100,6,60059.0
100000000267734100→100000000031787100→100000000267734100,2,60000.0
100000008314203100→100000008637537100→100000008314203100,2,60000.0
100000008314203100→100000001732159100→100000008637537100→100000008314203100,3,60000.0
100000000594783100→100000002224132100→100000000594783100,2,60000.0
100000005820746100→100000001965374100→100000005820746100,2,60000.0
100000004603109100→100000002224132100→100000000552584100→100000004603109100,3,57500.0
100000004892144100→100000002224132100→100000000552584100→100000004603109100→100000004892144100,4,57500.0
100000008193577100→100000008659445100→100000008193577100,2,56190.0
100000008736940100→100000008193577100→100000008659445100→100000008736940100,3,56190.0
100000008736940100→100000008193577100→100000008659445100→100000008751429100→100000008736940100,4,56190.0
100000008686313100→100000008603629100→100000001857829100→100000003880331100→100000000331309100→100000008686313100,5,55500.0
100000008686313100→100000008603629100→100000008686313100,2,55500.0
100000001382002100→100000005584222100→100000001382002100,2,55000.0
100000001937767100→100000001616816100→100000001937767100,2,53000.0
100000004017410100→100000004336312100→100000004017410100,2,52650.0
100000005382566100→100000004041163100→100000005382566100,2,50000.0
100000008587459100→100000006866783100→100000004351795100→100000008512552100→100000003242289100→100000008304139100→100000008587459100,6,49000.0
100000008389800100→100000007511163100→100000008389800100,2,49000.0
100000004351795100→100000003242289100→100000008304139100→100000008477350100→100000005910114100→100000006866783100→100000004351795100,6,49000.0
100000004351795100→100000003242289100→100000008304139100→100000006866783100→100000004351795100,4,49000.0
100000008512552100→100000003242289100→100000008512552100,2,49000.0
100000008587459100→100000006866783100→100000004351795100→100000003242289100→100000008304139100→100000008587459100,5,49000.0
100000006169033100→100000008011159100→100000006169033100,2,49000.0
100000008686313100→100000006866783100→100000004351795100→100000003242289100→100000008304139100→100000008603629100→100000008686313100,6,48100.0
100000008686313100→100000006866783100→100000004351795100→100000000437046100→100000008686313100,4,48100.0
100000004070318100→100000008346837100→100000005910114100→100000008603629100→100000008686313100→100000006866783100→100000004070318100,6,48100.0
100000008686313100→100000006866783100→100000004351795100→100000000437046100→100000001279272100→100000000331309100→100000008686313100,6,48100.0
100000008686313100→100000006866783100→100000008686313100,2,48100.0
100000008686313100→100000006866783100→100000004351795100→100000008603629100→100000008686313100,4,48100.0
100000008686313100→100000006866783100→100000004403675100→100000000331309100→100000008686313100,4,47187.0
100000002796853100→100000002781227100→100000002796853100,2,46167.62
100000008686313100→100000006866783100→100000004390333100→100000000437046100→100000008686313100,4,45751.0
100000008686313100→100000006866783100→100000004390333100→100000000437046100→100000001279272100→100000000331309100→100000008686313100,6,45751.0
100000008686313100→100000006866783100→100000004390333100→100000008603629100→100000008686313100,4,45751.0
100000004070318100→100000006866783100→100000004390333100→100000000437046100→100000004070318100,4,45751.0
100000004390333100→100000006866783100→100000004390333100,2,45751.0
100000004070318100→100000008346837100→100000005910114100→100000006866783100→100000004390333100→100000000437046100→100000004070318100,6,45751.0
100000008686313100→100000006866783100→100000008137435100→100000008686313100,3,43906.0
100000006579678100→100000003016635100→100000006579678100,2,42930.0
100000005704413100→100000004569484100→100000005704413100,2,41000.0
100000008686313100→100000006866783100→100000004390333100→100000008477350100→100000008086440100→100000000437046100→100000008686313100,6,40000.0
100000008686313100→100000006866783100→100000004390333100→100000008477350100→100000005910114100→100000008603629100→100000008686313100,6,40000.0
100000008603629100→100000003178549100→100000001857829100→100000003880331100→100000008603629100,4,40000.0
100000002175422100→100000003004487100→100000002175422100,2,40000.0
100000008686313100→100000008603629100→100000003178549100→100000001857829100→100000003880331100→100000000331309100→100000008686313100,6,40000.0
100000008686313100→100000006866783100→100000004390333100→100000008477350100→100000008086440100→100000008603629100→100000008686313100,6,40000.0
100000008603629100→100000001138283100→100000008603629100,2,40000.0
100000008686313100→100000006866783100→100000004390333100→100000008477350100→100000003968044100→100000008603629100→100000008686313100,6,40000.0
100000004070318100→100000006866783100→100000004390333100→100000008477350100→100000008086440100→100000000437046100→100000004070318100,6,40000.0
100000004390333100→100000008477350100→100000005910114100→100000006866783100→100000004390333100,4,40000.0
100000000933075100→100000002193259100→100000000933075100,2,40000.0
100000004160650100→100000002731501100→100000004160650100,2,40000.0
100000001899164100→100000000297649100→100000001899164100,2,40000.0
100000003509750100→100000001808684100→100000003509750100,2,37700.0
100000008736940100→100000008751429100→100000008736940100,2,37500.0
100000005578559100→100000005704413100→100000004569484100→100000005578559100,3,36834.67
100000006385877100→100000006443391100→100000006385877100,2,36602.93
100000008686313100→100000006866783100→100000002306369100→100000008477350100→100000008086440100→100000008603629100→100000008686313100,6,35000.0
100000003616818100→100000004005964100→100000003616818100,2,35000.0
100000004160650100→100000004005964100→100000003616818100→100000004160650100,3,35000.0
100000008686313100→100000006866783100→100000002306369100→100000008111003100→100000003796063100→100000000331309100→100000008686313100,6,35000.0
100000004390333100→100000008477350100→100000005910114100→100000008111003100→100000003796063100→100000006866783100→100000004390333100,6,35000.0
100000004070318100→100000008346837100→100000005910114100→100000008111003100→100000003796063100→100000006866783100→100000004070318100,6,35000.0
100000005910114100→100000006866783100→100000002306369100→100000008111003100→100000003796063100→100000008477350100→100000005910114100,6,35000.0
100000005910114100→100000006866783100→100000002306369100→100000008111003100→100000003796063100→100000008346837100→100000005910114100,6,35000.0
100000004070318100→100000006866783100→100000002306369100→100000008477350100→100000008086440100→100000000437046100→100000004070318100,6,35000.0
100000005910114100→100000006866783100→100000002306369100→100000008477350100→100000005910114100,4,35000.0
100000005910114100→100000008111003100→100000003796063100→100000008477350100→100000005910114100,4,35000.0
100000008686313100→100000006866783100→100000002306369100→100000008477350100→100000003968044100→100000008603629100→100000008686313100,6,35000.0
100000008686313100→100000006866783100→100000002306369100→100000008477350100→100000005910114100→100000008603629100→100000008686313100,6,35000.0
100000008686313100→100000006866783100→100000002306369100→100000008477350100→100000008086440100→100000000437046100→100000008686313100,6,35000.0
100000008111003100→100000003796063100→100000008111003100,2,35000.0
100000006866783100→100000002306369100→100000008111003100→100000003796063100→100000006866783100,4,35000.0
100000005910114100→100000008111003100→100000003796063100→100000008346837100→100000005910114100,4,35000.0
100000005910114100→100000008111003100→100000003796063100→100000006866783100→100000002306369100→100000008477350100→100000005910114100,6,35000.0
100000008603629100→100000002723538100→100000003242289100→100000008304139100→100000006866783100→100000004390333100→100000008603629100,6,33000.0
100000008603629100→100000002723538100→100000003242289100→100000008304139100→100000001857829100→100000003880331100→100000008603629100,6,33000.0
100000008603629100→100000002723538100→100000003242289100→100000008304139100→100000008477350100→100000003968044100→100000008603629100,6,33000.0
100000008603629100→100000002723538100→100000003242289100→100000008304139100→100000008477350100→100000005910114100→100000008603629100,6,33000.0
100000004351795100→100000008603629100→100000002723538100→100000003242289100→100000008304139100→100000006866783100→100000004351795100,6,33000.0
100000008086440100→100000008603629100→100000002723538100→100000003242289100→100000008304139100→100000008477350100→100000008086440100,6,33000.0
100000008686313100→100000008603629100→100000002723538100→100000003242289100→100000008304139100→100000006866783100→100000008686313100,6,33000.0
100000008603629100→100000002723538100→100000003242289100→100000008304139100→100000008603629100,4,33000.0
100000005933757100→100000004569484100→100000005933757100,2,32607.0
100000003115284100→100000003360542100→100000003115284100,2,30500.0
100000008547844100→100000008465789100→100000008466579100→100000008547948100→100000008547844100,4,30000.0
100000002391278100→100000004221668100→100000002391278100,2,30000.0
100000004070318100→100000006866783100→100000004351795100→100000003242289100→100000008304139100→100000000437046100→100000004070318100,6,30000.0
100000008686313100→100000008603629100→100000002723538100→100000003242289100→100000008304139100→100000000437046100→100000008686313100,6,30000.0
100000007131370100→100000000076451100→100000007131370100,2,30000.0
100000008686313100→100000006866783100→100000004351795100→100000003242289100→100000008304139100→100000000437046100→100000008686313100,6,30000.0
100000003942602100→100000002527114100→100000003942602100,2,30000.0
100000005342513100→100000002733905100→100000005342513100,2,30000.0
100000008547948100→100000008489922100→100000008547948100,2,30000.0
100000008547844100→100000008465789100→100000008466579100→100000008489922100→100000008547948100→100000008547844100,5,30000.0
100000008545727100→100000005473151100→100000008545727100,2,30000.0
100000004070318100→100000008346837100→100000004351795100→100000003242289100→100000008304139100→100000006866783100→100000004070318100,6,29511.0
100000004070318100→100000008346837100→100000004351795100→100000000437046100→100000008686313100→100000006866783100→100000004070318100,6,29511.0
100000004070318100→100000008346837100→100000004351795100→100000000437046100→100000004070318100,4,29511.0
100000004070318100→100000008346837100→100000004351795100→100000008603629100→100000008686313100→100000006866783100→100000004070318100,6,29511.0
100000004070318100→100000008346837100→100000004351795100→100000003242289100→100000008304139100→100000000437046100→100000004070318100,6,29511.0
100000004070318100→100000006866783100→100000004403675100→100000000331309100→100000008686313100→100000000437046100→100000004070318100,6,29200.0
100000008686313100→100000000437046100→100000001279272100→100000000331309100→100000008686313100,4,29200.0
100000008686313100→100000000437046100→100000008686313100,2,29200.0
100000004070318100→100000006866783100→100000004390333100→100000008603629100→100000008686313100→100000000437046100→100000004070318100,6,29200.0
100000004070318100→100000006866783100→100000008686313100→100000000437046100→100000004070318100,4,29200.0
100000004070318100→100000006866783100→100000004351795100→100000008603629100→100000008686313100→100000000437046100→100000004070318100,6,29200.0
100000004070318100→100000008346837100→100000005910114100→100000006866783100→100000008686313100→100000000437046100→100000004070318100,6,29200.0
100000004070318100→100000008346837100→100000005910114100→100000008603629100→100000008686313100→100000000437046100→100000004070318100,6,29200.0
100000004070318100→100000008346837100→100000004351795100→100000008603629100→100000008686313100→100000000437046100→100000004070318100,6,29200.0
100000004070318100→100000006866783100→100000008137435100→100000008686313100→100000000437046100→100000004070318100,5,29200.0
100000004160650100→100000003616818100→100000004160650100,2,28000.0
100000008686313100→100000006866783100→100000004390333100→100000000437046100→100000007639767100→100000008603629100→100000008686313100,6,27868.0
100000000437046100→100000007639767100→100000000437046100,2,27868.0
100000008686313100→100000000437046100→100000007639767100→100000008603629100→100000008686313100,4,27868.0
100000008686313100→100000006866783100→100000004351795100→100000000437046100→100000007639767100→100000008603629100→100000008686313100,6,27868.0
100000008603629100→100000002723538100→100000003242289100→100000008304139100→100000000437046100→100000007639767100→100000008603629100,6,27868.0
100000008603629100→100000001857829100→100000008603629100,2,26000.0
100000008603629100→100000002723538100→100000003242289100→100000008304139100→100000001857829100→100000008603629100,5,26000.0
100000008512552100→100000003178549100→100000001857829100→100000008603629100→100000002723538100→100000003242289100→100000008512552100,6,26000.0
100000008603629100→100000003178549100→100000001857829100→100000008603629100,3,26000.0
100000008686313100→100000008477350100→100000008086440100→100000000437046100→100000008686313100,4,25800.0
100000008686313100→100000008477350100→100000005910114100→100000006866783100→100000008137435100→100000008686313100,5,25800.0
100000008686313100→100000008477350100→100000008086440100→100000000437046100→100000001279272100→100000000331309100→100000008686313100,6,25800.0
100000008686313100→100000008477350100→100000005910114100→100000008111003100→100000003796063100→100000000331309100→100000008686313100,6,25800.0
100000008686313100→100000008477350100→100000008086440100→100000008603629100→100000008686313100,4,25800.0
100000008686313100→100000008477350100→100000005910114100→100000002957787100→100000008137435100→100000008686313100,5,25800.0
100000008686313100→100000008477350100→100000005910114100→100000006866783100→100000004351795100→100000000437046100→100000008686313100,6,25800.0
100000008686313100→100000008477350100→100000005910114100→100000006866783100→100000004390333100→100000008603629100→100000008686313100,6,25800.0
100000004070318100→100000006866783100→100000008686313100→100000008477350100→100000008086440100→100000000437046100→100000004070318100,6,25800.0
100000008686313100→100000008477350100→100000008086440100→100000000437046100→100000007639767100→100000008603629100→100000008686313100,6,25800.0
100000008686313100→100000008477350100→100000005910114100→100000006866783100→100000004390333100→100000000437046100→100000008686313100,6,25800.0
100000008686313100→100000008477350100→100000003968044100→100000008603629100→100000008686313100,4,25800.0
100000008686313100→100000008477350100→100000005910114100→100000001857829100→100000008603629100→100000008686313100,5,25800.0
100000008686313100→100000008477350100→100000005910114100→100000001857829100→100000003880331100→100000008603629100→100000008686313100,6,25800.0
100000008686313100→100000008477350100→100000005910114100→100000008603629100→100000008686313100,4,25800.0
100000008686313100→100000008477350100→100000005910114100→100000008111003100→100000003796063100→100000006866783100→100000008686313100,6,25800.0
100000008686313100→100000008477350100→100000005910114100→100000006866783100→100000004403675100→100000000331309100→100000008686313100,6,25800.0
100000008686313100→100000008477350100→100000005910114100→100000006866783100→100000008686313100,4,25800.0
100000008686313100→100000008477350100→100000005910114100→100000001857829100→100000003880331100→100000000331309100→100000008686313100,6,25800.0
100000008686313100→100000008477350100→100000005910114100→100000006866783100→100000004351795100→100000008603629100→100000008686313100,6,25800.0
100000004847758100→100000008603629100→100000004847758100,2,25612.0
100000001697501100→100000006612238100→100000001697501100,2,25000.0
100000004070318100→100000008477350100→100000008086440100→100000008603629100→100000008686313100→100000006866783100→100000004070318100,6,25000.0
100000004070318100→100000008477350100→100000008086440100→100000008603629100→100000008686313100→100000000437046100→100000004070318100,6,25000.0
100000004070318100→100000008477350100→100000005910114100→100000006866783100→100000004070318100,4,25000.0
100000004070318100→100000008477350100→100000005910114100→100000006866783100→100000008686313100→100000000437046100→100000004070318100,6,25000.0
100000001697501100→100000002527114100→100000001697501100,2,25000.0
100000004070318100→100000008477350100→100000005910114100→100000008111003100→100000003796063100→100000006866783100→100000004070318100,6,25000.0
100000004070318100→100000008477350100→100000008086440100→100000000437046100→100000008686313100→100000006866783100→100000004070318100,6,25000.0
100000002733905100→100000001166289100→100000002733905100,2,25000.0
100000004070318100→100000008477350100→100000008086440100→100000000437046100→100000004070318100,4,25000.0
100000004070318100→100000008477350100→100000005910114100→100000006866783100→100000004390333100→100000000437046100→100000004070318100,6,25000.0
100000004070318100→100000008477350100→100000005910114100→100000006866783100→100000004351795100→100000000437046100→100000004070318100,6,25000.0
100000004070318100→100000008477350100→100000005910114100→100000008603629100→100000008686313100→100000006866783100→100000004070318100,6,25000.0
100000004070318100→100000008477350100→100000003968044100→100000008603629100→100000008686313100→100000000437046100→100000004070318100,6,25000.0
100000004070318100→100000008477350100→100000003968044100→100000008603629100→100000008686313100→100000006866783100→100000004070318100,6,25000.0
100000004070318100→100000008477350100→100000005910114100→100000008603629100→100000008686313100→100000000437046100→100000004070318100,6,25000.0
100000008603629100→100000002723538100→100000003242289100→100000004140487100→100000004400305100→100000005910114100→100000008603629100,6,24510.0
100000004351795100→100000003242289100→100000004140487100→100000004400305100→100000008304139100→100000006866783100→100000004351795100,6,24510.0
100000008686313100→100000008603629100→100000002723538100→100000003242289100→100000004140487100→100000004400305100→100000008686313100,6,24510.0
100000008686313100→100000006866783100→100000004351795100→100000003242289100→100000004140487100→100000004400305100→100000008686313100,6,24510.0
100000004351795100→100000003242289100→100000004140487100→100000004400305100→100000005910114100→100000006866783100→100000004351795100,6,24510.0
100000008603629100→100000002723538100→100000003242289100→100000004140487100→100000004400305100→100000008304139100→100000008603629100,6,24510.0
100000008587459100→100000006866783100→100000004351795100→100000003242289100→100000004140487100→100000004400305100→100000008587459100,6,24510.0
100000004847758100→100000008603629100→100000002723538100→100000003242289100→100000004140487100→100000004400305100→100000004847758100,6,24510.0
100000004070318100→100000008346837100→100000005910114100→100000008603629100→100000001660397100→100000006866783100→100000004070318100,6,24000.0
100000008603629100→100000001660397100→100000006866783100→100000004390333100→100000000437046100→100000007639767100→100000008603629100,6,24000.0
100000008086440100→100000008603629100→100000001660397100→100000006866783100→100000004390333100→100000008477350100→100000008086440100,6,24000.0
100000008686313100→100000008477350100→100000008086440100→100000008603629100→100000001660397100→100000006866783100→100000008686313100,6,24000.0
100000004070318100→100000008477350100→100000008086440100→100000008603629100→100000001660397100→100000006866783100→100000004070318100,6,24000.0
100000004070318100→100000008477350100→100000005910114100→100000008603629100→100000001660397100→100000006866783100→100000004070318100,6,24000.0
100000004070318100→100000008477350100→100000003968044100→100000008603629100→100000001660397100→100000006866783100→100000004070318100,6,24000.0
100000008603629100→100000001660397100→100000006866783100→100000002306369100→100000008477350100→100000005910114100→100000008603629100,6,24000.0
100000008686313100→100000008477350100→100000003968044100→100000008603629100→100000001660397100→100000006866783100→100000008686313100,6,24000.0
100000004351795100→100000003242289100→100000008304139100→100000008603629100→100000001660397100→100000006866783100→100000004351795100,6,24000.0
100000004351795100→100000000437046100→100000007639767100→100000008603629100→100000001660397100→100000006866783100→100000004351795100,6,24000.0
100000008686313100→100000008603629100→100000001660397100→100000006866783100→100000004390333100→100000000437046100→100000008686313100,6,24000.0
100000008086440100→100000008603629100→100000001660397100→100000006866783100→100000002306369100→100000008477350100→100000008086440100,6,24000.0
100000004351795100→100000008603629100→100000001660397100→100000006866783100→100000004351795100,4,24000.0
100000008686313100→100000008603629100→100000001660397100→100000006866783100→100000004403675100→100000000331309100→100000008686313100,6,24000.0
100000008686313100→100000008603629100→100000001660397100→100000006866783100→100000008686313100,4,24000.0
100000004070318100→100000008346837100→100000004351795100→100000008603629100→100000001660397100→100000006866783100→100000004070318100,6,24000.0
100000008603629100→100000001660397100→100000006866783100→100000002306369100→100000008477350100→100000003968044100→100000008603629100,6,24000.0
100000008686313100→100000008477350100→100000005910114100→100000008603629100→100000001660397100→100000006866783100→100000008686313100,6,24000.0
100000008603629100→100000001660397100→100000006866783100→100000004390333100→100000008477350100→100000005910114100→100000008603629100,6,24000.0
100000008603629100→100000001660397100→100000006866783100→100000004390333100→100000008603629100,4,24000.0
100000008686313100→100000008603629100→100000001660397100→100000006866783100→100000004351795100→100000000437046100→100000008686313100,6,24000.0
100000008686313100→100000000437046100→100000007639767100→100000008603629100→100000001660397100→100000006866783100→100000008686313100,6,24000.0
100000008686313100→100000008603629100→100000001660397100→100000006866783100→100000008137435100→100000008686313100,5,24000.0
100000008603629100→100000001660397100→100000006866783100→100000004390333100→100000008477350100→100000003968044100→100000008603629100,6,24000.0
100000008686313100→100000008477350100→100000008086440100→100000008603629100→100000007639767100→100000000437046100→100000008686313100,6,23722.0
100000004070318100→100000008346837100→100000005910114100→100000008603629100→100000007639767100→100000000437046100→100000004070318100,6,23722.0
100000008686313100→100000006866783100→100000004351795100→100000008603629100→100000007639767100→100000000437046100→100000008686313100,6,23722.0
100000004070318100→100000008477350100→100000005910114100→100000008603629100→100000007639767100→100000000437046100→100000004070318100,6,23722.0
100000008686313100→100000008477350100→100000003968044100→100000008603629100→100000007639767100→100000000437046100→100000008686313100,6,23722.0
100000004070318100→100000006866783100→100000004390333100→100000008603629100→100000007639767100→100000000437046100→100000004070318100,6,23722.0
100000008686313100→100000008477350100→100000005910114100→100000008603629100→100000007639767100→100000000437046100→100000008686313100,6,23722.0
100000004070318100→100000008477350100→100000008086440100→100000008603629100→100000007639767100→100000000437046100→100000004070318100,6,23722.0
100000004070318100→100000008477350100→100000003968044100→100000008603629100→100000007639767100→100000000437046100→100000004070318100,6,23722.0
100000008686313100→100000006866783100→100000004390333100→100000008603629100→100000007639767100→100000000437046100→100000008686313100,6,23722.0
100000004070318100→100000008346837100→100000004351795100→100000008603629100→100000007639767100→100000000437046100→100000004070318100,6,23722.0
100000004070318100→100000006866783100→100000008686313100→100000008603629100→100000007639767100→100000000437046100→100000004070318100,6,23722.0
100000004070318100→100000006866783100→100000004351795100→100000008603629100→100000007639767100→100000000437046100→100000004070318100,6,23722.0
100000008686313100→100000008603629100→100000007639767100→100000000437046100→100000008686313100,4,23722.0
100000008686313100→100000008603629100→100000007639767100→100000000437046100→100000001279272100→100000000331309100→100000008686313100,6,23722.0
100000008603629100→100000007639767100→100000008603629100,2,23722.0
100000004847758100→100000008603629100→100000002723538100→100000003242289100→100000008304139100→100000005782781100→100000004847758100,6,23717.0
100000008686313100→100000008477350100→100000005910114100→100000005782781100→100000004847758100→100000008603629100→100000008686313100,6,23717.0
100000008686313100→100000006866783100→100000008304139100→100000001857829100→100000003880331100→100000000331309100→100000008686313100,6,23567.0
100000008686313100→100000006866783100→100000008304139100→100000001857829100→100000003880331100→100000008603629100→100000008686313100,6,23567.0
100000008686313100→100000006866783100→100000008304139100→100000008603629100→100000007639767100→100000000437046100→100000008686313100,6,23567.0
100000008686313100→100000006866783100→100000008304139100→100000008603629100→100000008686313100,4,23567.0
100000004847758100→100000008603629100→100000001660397100→100000006866783100→100000008304139100→100000005782781100→100000004847758100,6,23567.0
100000005910114100→100000008111003100→100000003796063100→100000006866783100→100000008304139100→100000008477350100→100000005910114100,6,23567.0
100000008304139100→100000006866783100→100000008304139100,2,23567.0
100000008686313100→100000006866783100→100000008304139100→100000001857829100→100000008603629100→100000008686313100,5,23567.0
100000008686313100→100000006866783100→100000008304139100→100000008477350100→100000003968044100→100000008603629100→100000008686313100,6,23567.0
100000004070318100→100000006866783100→100000008304139100→100000008477350100→100000008086440100→100000000437046100→100000004070318100,6,23567.0
100000004070318100→100000006866783100→100000008304139100→100000008603629100→100000007639767100→100000000437046100→100000004070318100,6,23567.0
100000008603629100→100000001660397100→100000006866783100→100000008304139100→100000000437046100→100000007639767100→100000008603629100,6,23567.0
100000008686313100→100000006866783100→100000008304139100→100000008477350100→100000005910114100→100000008603629100→100000008686313100,6,23567.0
100000004070318100→100000006866783100→100000008304139100→100000008603629100→100000008686313100→100000000437046100→100000004070318100,6,23567.0
100000004070318100→100000008346837100→100000005910114100→100000006866783100→100000008304139100→100000000437046100→100000004070318100,6,23567.0
100000008686313100→100000006866783100→100000008304139100→100000008477350100→100000008086440100→100000008603629100→100000008686313100,6,23567.0
100000008686313100→100000006866783100→100000008304139100→100000000437046100→100000001279272100→100000000331309100→100000008686313100,6,23567.0
100000008686313100→100000006866783100→100000008304139100→100000000437046100→100000007639767100→100000008603629100→100000008686313100,6,23567.0
100000008686313100→100000006866783100→100000008304139100→100000005782781100→100000004847758100→100000008603629100→100000008686313100,6,23567.0
100000008686313100→100000006866783100→100000008304139100→100000000437046100→100000008686313100,4,23567.0
100000008603629100→100000001660397100→100000006866783100→100000008304139100→100000008477350100→100000003968044100→100000008603629100,6,23567.0
100000008603629100→100000001660397100→100000006866783100→100000008304139100→100000008477350100→100000005910114100→100000008603629100,6,23567.0
100000004070318100→100000008477350100→100000005910114100→100000006866783100→100000008304139100→100000000437046100→100000004070318100,6,23567.0
100000008686313100→100000006866783100→100000008304139100→100000008477350100→100000008086440100→100000000437046100→100000008686313100,6,23567.0
100000008603629100→100000001660397100→100000006866783100→100000008304139100→100000001857829100→100000008603629100,5,23567.0
100000008603629100→100000001660397100→100000006866783100→100000008304139100→100000001857829100→100000003880331100→100000008603629100,6,23567.0
100000008603629100→100000001660397100→100000006866783100→100000008304139100→100000008603629100,4,23567.0
100000004070318100→100000006866783100→100000008304139100→100000000437046100→100000004070318100,4,23567.0
100000008686313100→100000008603629100→100000001660397100→100000006866783100→100000008304139100→100000000437046100→100000008686313100,6,23567.0
100000008086440100→100000008603629100→100000001660397100→100000006866783100→100000008304139100→100000008477350100→100000008086440100,6,23567.0
100000008686313100→100000008477350100→100000005910114100→100000006866783100→100000008304139100→100000000437046100→100000008686313100,6,23567.0
100000008686313100→100000008477350100→100000005910114100→100000006866783100→100000008304139100→100000008603629100→100000008686313100,6,23567.0
100000008587459100→100000006866783100→100000008304139100→100000008587459100,3,23567.0
100000005910114100→100000006866783100→100000008304139100→100000008477350100→100000005910114100,4,23567.0
100000004070318100→100000008603629100→100000007639767100→100000000437046100→100000004070318100,4,23126.0
100000004070318100→100000008603629100→100000007639767100→100000000437046100→100000008686313100→100000006866783100→100000004070318100,6,23126.0
100000004070318100→100000008603629100→100000001660397100→100000006866783100→100000008304139100→100000000437046100→100000004070318100,6,23126.0
100000004070318100→100000008603629100→100000001660397100→100000006866783100→100000004351795100→100000000437046100→100000004070318100,6,23126.0
100000004070318100→100000008603629100→100000008686313100→100000006866783100→100000004070318100,4,23126.0
100000004070318100→100000008603629100→100000008686313100→100000006866783100→100000004351795100→100000000437046100→100000004070318100,6,23126.0
100000004070318100→100000008603629100→100000001660397100→100000006866783100→100000008686313100→100000000437046100→100000004070318100,6,23126.0
100000004070318100→100000008603629100→100000001660397100→100000006866783100→100000004070318100,4,23126.0
100000004070318100→100000008603629100→100000008686313100→100000008477350100→100000005910114100→100000006866783100→100000004070318100,6,23126.0
100000004070318100→100000008603629100→100000008686313100→100000008477350100→100000008086440100→100000000437046100→100000004070318100,6,23126.0
100000004070318100→100000008603629100→100000002723538100→100000003242289100→100000008304139100→100000006866783100→100000004070318100,6,23126.0
100000004070318100→100000008603629100→100000002723538100→100000003242289100→100000008304139100→100000000437046100→100000004070318100,6,23126.0
100000004070318100→100000008603629100→100000008686313100→100000000437046100→100000004070318100,4,23126.0
100000004070318100→100000008603629100→100000008686313100→100000006866783100→100000008304139100→100000000437046100→100000004070318100,6,23126.0
100000004070318100→100000008603629100→100000001660397100→100000006866783100→100000004390333100→100000000437046100→100000004070318100,6,23126.0
100000004070318100→100000008603629100→100000008686313100→100000006866783100→100000004390333100→100000000437046100→100000004070318100,6,23126.0
100000008686313100→100000006866783100→100000007639767100→100000008603629100→100000008686313100,4,23018.0
100000008603629100→100000001660397100→100000006866783100→100000007639767100→100000008603629100,4,23018.0
100000008686313100→100000008477350100→100000005910114100→100000006866783100→100000007639767100→100000008603629100→100000008686313100,6,23018.0
100000008686313100→100000008603629100→100000001660397100→100000006866783100→100000007639767100→100000000437046100→100000008686313100,6,23018.0
100000004070318100→100000006866783100→100000007639767100→100000008603629100→100000008686313100→100000000437046100→100000004070318100,6,23018.0
100000004070318100→100000008346837100→100000005910114100→100000006866783100→100000007639767100→100000000437046100→100000004070318100,6,23018.0
100000004070318100→100000006866783100→100000007639767100→100000000437046100→100000004070318100,4,23018.0
100000008603629100→100000002723538100→100000003242289100→100000008304139100→100000006866783100→100000007639767100→100000008603629100,6,23018.0
100000004070318100→100000008477350100→100000005910114100→100000006866783100→100000007639767100→100000000437046100→100000004070318100,6,23018.0
100000008686313100→100000006866783100→100000007639767100→100000000437046100→100000001279272100→100000000331309100→100000008686313100,6,23018.0
100000008686313100→100000006866783100→100000007639767100→100000000437046100→100000008686313100,4,23018.0
100000008686313100→100000008477350100→100000005910114100→100000006866783100→100000007639767100→100000000437046100→100000008686313100,6,23018.0
100000004070318100→100000008603629100→100000001660397100→100000006866783100→100000007639767100→100000000437046100→100000004070318100,6,23018.0
100000004070318100→100000008603629100→100000008686313100→100000006866783100→100000007639767100→100000000437046100→100000004070318100,6,23018.0
100000004070318100→100000008346837100→100000004351795100→100000003242289100→100000004140487100→100000004400305100→100000004070318100,6,23000.0
100000004070318100→100000008603629100→100000002723538100→100000003242289100→100000004140487100→100000004400305100→100000004070318100,6,23000.0
100000006518161100→100000005660203100→100000006518161100,2,23000.0
100000004070318100→100000006866783100→100000004351795100→100000003242289100→100000004140487100→100000004400305100→100000004070318100,6,23000.0
100000004351795100→100000003242289100→100000008304139100→100000000437046100→100000007639767100→100000008603629100→100000004351795100,6,22418.0
100000004351795100→100000003242289100→100000008304139100→100000008603629100→100000004351795100,4,22418.0
100000004351795100→100000003242289100→100000008304139100→100000006866783100→100000007639767100→100000008603629100→100000004351795100,6,22418.0
100000004351795100→100000003242289100→100000008304139100→100000008477350100→100000005910114100→100000008603629100→100000004351795100,6,22418.0
100000004351795100→100000003242289100→100000008304139100→100000001857829100→100000008603629100→100000004351795100,5,22418.0
100000004351795100→100000003242289100→100000008304139100→100000008477350100→100000008086440100→100000008603629100→100000004351795100,6,22418.0
100000004351795100→100000003242289100→100000008304139100→100000008477350100→100000003968044100→100000008603629100→100000004351795100,6,22418.0
100000004070318100→100000006866783100→100000008686313100→100000008603629100→100000004351795100→100000000437046100→100000004070318100,6,22418.0
100000004070318100→100000008477350100→100000003968044100→100000008603629100→100000004351795100→100000000437046100→100000004070318100,6,22418.0
100000004351795100→100000003242289100→100000008512552100→100000003178549100→100000001857829100→100000008603629100→100000004351795100,6,22418.0
100000004351795100→100000003242289100→100000008304139100→100000006866783100→100000004390333100→100000008603629100→100000004351795100,6,22418.0
100000004351795100→100000003242289100→100000008304139100→100000001857829100→100000003880331100→100000008603629100→100000004351795100,6,22418.0
100000004070318100→100000008346837100→100000005910114100→100000008603629100→100000004351795100→100000000437046100→100000004070318100,6,22418.0
100000004070318100→100000008477350100→100000008086440100→100000008603629100→100000004351795100→100000000437046100→100000004070318100,6,22418.0
100000004070318100→100000006866783100→100000004390333100→100000008603629100→100000004351795100→100000000437046100→100000004070318100,6,22418.0
100000004070318100→100000006866783100→100000008304139100→100000008603629100→100000004351795100→100000000437046100→100000004070318100,6,22418.0
100000004351795100→100000008603629100→100000004351795100,2,22418.0
100000008686313100→100000008603629100→100000004351795100→100000003242289100→100000008304139100→100000000437046100→100000008686313100,6,22418.0
100000004070318100→100000008603629100→100000004351795100→100000003242289100→100000004140487100→100000004400305100→100000004070318100,6,22418.0
100000004070318100→100000008477350100→100000005910114100→100000008603629100→100000004351795100→100000000437046100→100000004070318100,6,22418.0
100000004070318100→100000008603629100→100000004351795100→100000003242289100→100000008304139100→100000006866783100→100000004070318100,6,22418.0
100000008686313100→100000008603629100→100000004351795100→100000003242289100→100000008304139100→100000006866783100→100000008686313100,6,22418.0
100000008686313100→100000008477350100→100000008086440100→100000008603629100→100000004351795100→100000000437046100→100000008686313100,6,22418.0
100000008686313100→100000008603629100→100000004351795100→100000000437046100→100000001279272100→100000000331309100→100000008686313100,6,22418.0
100000004070318100→100000008603629100→100000004351795100→100000003242289100→100000008304139100→100000000437046100→100000004070318100,6,22418.0
100000004070318100→100000006866783100→100000007639767100→100000008603629100→100000004351795100→100000000437046100→100000004070318100,6,22418.0
100000004070318100→100000008603629100→100000004351795100→100000000437046100→100000008686313100→100000006866783100→100000004070318100,6,22418.0
100000008686313100→100000008477350100→100000003968044100→100000008603629100→100000004351795100→100000000437046100→100000008686313100,6,22418.0
100000008686313100→100000008477350100→100000005910114100→100000008603629100→100000004351795100→100000000437046100→100000008686313100,6,22418.0
100000004070318100→100000008603629100→100000004351795100→100000000437046100→100000004070318100,4,22418.0
100000008686313100→100000006866783100→100000004390333100→100000008603629100→100000004351795100→100000000437046100→100000008686313100,6,22418.0
100000008686313100→100000008603629100→100000004351795100→100000003242289100→100000004140487100→100000004400305100→100000008686313100,6,22418.0
100000004351795100→100000003242289100→100000004140487100→100000004400305100→100000005910114100→100000008603629100→100000004351795100,6,22418.0
100000004351795100→100000003242289100→100000004140487100→100000004400305100→100000008304139100→100000008603629100→100000004351795100,6,22418.0
100000004351795100→100000008512552100→100000003242289100→100000008304139100→100000001857829100→100000008603629100→100000004351795100,6,22418.0
100000004351795100→100000000437046100→100000007639767100→100000008603629100→100000004351795100,4,22418.0
100000004351795100→100000008512552100→100000003178549100→100000001857829100→100000003880331100→100000008603629100→100000004351795100,6,22418.0
100000004351795100→100000008512552100→100000003178549100→100000001857829100→100000008603629100→100000004351795100,5,22418.0
100000004847758100→100000008603629100→100000004351795100→100000003242289100→100000008304139100→100000005782781100→100000004847758100,6,22418.0
100000004847758100→100000008603629100→100000004351795100→100000003242289100→100000004140487100→100000004400305100→100000004847758100,6,22418.0
100000008686313100→100000006866783100→100000008304139100→100000008603629100→100000004351795100→100000000437046100→100000008686313100,6,22418.0
100000008686313100→100000008603629100→100000004351795100→100000000437046100→100000008686313100,4,22418.0
100000004351795100→100000008512552100→100000003242289100→100000008304139100→100000008603629100→100000004351795100,5,22418.0
100000008686313100→100000006866783100→100000007639767100→100000008603629100→100000004351795100→100000000437046100→100000008686313100,6,22418.0
100000002293421100→100000004180097100→100000002293421100,2,22000.0
100000002156381100→100000002696152100→100000002156381100,2,21800.0
100000008686313100→100000006866783100→100000002306369100→100000008603629100→100000004351795100→100000000437046100→100000008686313100,6,20900.0
100000008686313100→100000006866783100→100000002306369100→100000008603629100→100000008686313100,4,20900.0
100000008686313100→100000006866783100→100000002306369100→100000008603629100→100000007639767100→100000000437046100→100000008686313100,6,20900.0
100000004351795100→100000003242289100→100000008304139100→100000006866783100→100000002306369100→100000008603629100→100000004351795100,6,20900.0
100000008603629100→100000001660397100→100000006866783100→100000002306369100→100000008603629100,4,20900.0
100000004070318100→100000006866783100→100000002306369100→100000008603629100→100000007639767100→100000000437046100→100000004070318100,6,20900.0
100000008686313100→100000008477350100→100000005910114100→100000006866783100→100000002306369100→100000008603629100→100000008686313100,6,20900.0
100000004070318100→100000006866783100→100000002306369100→100000008603629100→100000004351795100→100000000437046100→100000004070318100,6,20900.0
100000008603629100→100000002723538100→100000003242289100→100000008304139100→100000006866783100→100000002306369100→100000008603629100,6,20900.0
100000004070318100→100000006866783100→100000002306369100→100000008603629100→100000008686313100→100000000437046100→100000004070318100,6,20900.0
100000008417359100→100000008512552100→100000003242289100→100000008417359100,3,20760.0
100000000607941100→100000003406094100→100000000607941100,2,20000.0
100000007898453100→100000003946524100→100000007898453100,2,20000.0
100000008686313100→100000006866783100→100000004351795100→100000003242289100→100000004140487100→100000008603629100→100000008686313100,6,20000.0
100000004351795100→100000003242289100→100000004140487100→100000008603629100→100000001660397100→100000006866783100→100000004351795100,6,20000.0
100000008389800100→100000008430691100→100000008389800100,2,20000.0
100000004351795100→100000003242289100→100000004140487100→100000008603629100→100000004351795100,4,20000.0
100000008547844100→100000008465789100→100000008547948100→100000008547844100,3,20000.0
100000002132479100→100000004159526100→100000002132479100,2,20000.0
100000002723538100→100000003242289100→100000008304139100→100000006866783100→100000002306369100→100000002723538100,5,20000.0
100000004351795100→100000008512552100→100000003242289100→100000004140487100→100000008603629100→100000004351795100,5,20000.0
100000005519998100→100000004017410100→100000004336312100→100000005519998100,3,20000.0
100000008603629100→100000002723538100→100000003242289100→100000004140487100→100000008603629100,4,20000.0
100000004076740100→100000004336312100→100000004017410100→100000005519998100→100000004076740100,4,20000.0
100000004076740100→100000004336312100→100000005519998100→100000004076740100,3,20000.0
100000008603629100→100000001660397100→100000006866783100→100000002306369100→100000002723538100→100000008603629100,5,20000.0
100000008686313100→100000006866783100→100000002306369100→100000002723538100→100000008603629100→100000008686313100,5,20000.0
100000004076740100→100000005519998100→100000004076740100,2,20000.0
100000005933757100→100000008104567100→100000005704413100→100000004569484100→100000005933757100,4,20000.0
100000002175422100→100000003557488100→100000002175422100,2,20000.0
100000008587459100→100000006866783100→100000002306369100→100000002723538100→100000003242289100→100000008304139100→100000008587459100,6,20000.0
100000001526235100→100000005505655100→100000001526235100,2,20000.0
100000004070318100→100000004400305100→100000008587459100→100000006866783100→100000004351795100→100000000437046100→100000004070318100,6,19800.0
100000004070318100→100000004400305100→100000008587459100→100000006866783100→100000008686313100→100000000437046100→100000004070318100,6,19800.0
100000004070318100→100000004400305100→100000008304139100→100000006866783100→100000004390333100→100000000437046100→100000004070318100,6,19800.0
100000004070318100→100000004400305100→100000005910114100→100000008111003100→100000003796063100→100000006866783100→100000004070318100,6,19800.0
100000004070318100→100000004400305100→100000008304139100→100000008587459100→100000006866783100→100000004070318100,5,19800.0
100000004070318100→100000004400305100→100000008304139100→100000006866783100→100000004070318100,4,19800.0
100000004070318100→100000004400305100→100000008304139100→100000008477350100→100000008086440100→100000000437046100→100000004070318100,6,19800.0
100000004070318100→100000004400305100→100000008304139100→100000008477350100→100000005910114100→100000006866783100→100000004070318100,6,19800.0
100000004070318100→100000004400305100→100000008304139100→100000008603629100→100000007639767100→100000000437046100→100000004070318100,6,19800.0
100000004070318100→100000004400305100→100000008304139100→100000008603629100→100000001660397100→100000006866783100→100000004070318100,6,19800.0
100000004070318100→100000004400305100→100000008304139100→100000008603629100→100000008686313100→100000006866783100→100000004070318100,6,19800.0
100000004070318100→100000004400305100→100000008304139100→100000008603629100→100000008686313100→100000000437046100→100000004070318100,6,19800.0
100000004070318100→100000004400305100→100000008304139100→100000008603629100→100000004351795100→100000000437046100→100000004070318100,6,19800.0
100000004070318100→100000004400305100→100000008304139100→100000000437046100→100000008686313100→100000006866783100→100000004070318100,6,19800.0
100000004070318100→100000004400305100→100000008304139100→100000000437046100→100000004070318100,4,19800.0
100000004070318100→100000004400305100→100000008304139100→100000006866783100→100000004351795100→100000000437046100→100000004070318100,6,19800.0
100000004070318100→100000004400305100→100000008304139100→100000006866783100→100000008686313100→100000000437046100→100000004070318100,6,19800.0
100000004070318100→100000004400305100→100000008304139100→100000006866783100→100000007639767100→100000000437046100→100000004070318100,6,19800.0
100000004070318100→100000004400305100→100000008587459100→100000006866783100→100000007639767100→100000000437046100→100000004070318100,6,19800.0
100000004070318100→100000004400305100→100000004847758100→100000008603629100→100000007639767100→100000000437046100→100000004070318100,6,19800.0
100000004070318100→100000004400305100→100000008587459100→100000006866783100→100000004390333100→100000000437046100→100000004070318100,6,19800.0
100000004070318100→100000004400305100→100000005910114100→100000008603629100→100000004351795100→100000000437046100→100000004070318100,6,19800.0
100000004070318100→100000004400305100→100000005910114100→100000006866783100→100000007639767100→100000000437046100→100000004070318100,6,19800.0
100000004070318100→100000004400305100→100000005910114100→100000006866783100→100000004390333100→100000000437046100→100000004070318100,6,19800.0
100000004070318100→100000004400305100→100000005910114100→100000008603629100→100000007639767100→100000000437046100→100000004070318100,6,19800.0
100000004070318100→100000004400305100→100000005910114100→100000006866783100→100000008686313100→100000000437046100→100000004070318100,6,19800.0
100000004070318100→100000004400305100→100000004847758100→100000008603629100→100000001660397100→100000006866783100→100000004070318100,6,19800.0
100000004070318100→100000004400305100→100000004847758100→100000008603629100→100000008686313100→100000006866783100→100000004070318100,6,19800.0
100000004070318100→100000004400305100→100000004847758100→100000008603629100→100000004351795100→100000000437046100→100000004070318100,6,19800.0
100000004070318100→100000004400305100→100000004847758100→100000008603629100→100000008686313100→100000000437046100→100000004070318100,6,19800.0
100000004070318100→100000004400305100→100000008587459100→100000006866783100→100000008304139100→100000000437046100→100000004070318100,6,19800.0
100000004070318100→100000004400305100→100000008587459100→100000006866783100→100000004070318100,4,19800.0
100000004070318100→100000004400305100→100000008686313100→100000006866783100→100000007639767100→100000000437046100→100000004070318100,6,19800.0
100000004070318100→100000004400305100→100000008686313100→100000006866783100→100000008304139100→100000000437046100→100000004070318100,6,19800.0
100000004070318100→100000004400305100→100000005910114100→100000006866783100→100000004351795100→100000000437046100→100000004070318100,6,19800.0
100000004070318100→100000004400305100→100000005910114100→100000006866783100→100000004070318100,4,19800.0
100000004070318100→100000004400305100→100000005910114100→100000006866783100→100000008304139100→100000000437046100→100000004070318100,6,19800.0
100000004070318100→100000004400305100→100000008686313100→100000006866783100→100000004351795100→100000000437046100→100000004070318100,6,19800.0
100000004070318100→100000004400305100→100000008686313100→100000008477350100→100000005910114100→100000006866783100→100000004070318100,6,19800.0
100000004070318100→100000004400305100→100000008686313100→100000000437046100→100000004070318100,4,19800.0
100000004070318100→100000004400305100→100000004070318100,2,19800.0
100000004070318100→100000004400305100→100000008686313100→100000006866783100→100000004070318100,4,19800.0
100000004070318100→100000004400305100→100000008686313100→100000008477350100→100000008086440100→100000000437046100→100000004070318100,6,19800.0
100000004070318100→100000004400305100→100000008686313100→100000006866783100→100000004390333100→100000000437046100→100000004070318100,6,19800.0
100000004070318100→100000004400305100→100000008686313100→100000008603629100→100000004351795100→100000000437046100→100000004070318100,6,19800.0
100000004070318100→100000004400305100→100000008686313100→100000008603629100→100000007639767100→100000000437046100→100000004070318100,6,19800.0
100000004070318100→100000004400305100→100000008686313100→100000008603629100→100000001660397100→100000006866783100→100000004070318100,6,19800.0
100000004070318100→100000004400305100→100000005910114100→100000008603629100→100000008686313100→100000006866783100→100000004070318100,6,19800.0
100000004070318100→100000004400305100→100000005910114100→100000008603629100→100000008686313100→100000000437046100→100000004070318100,6,19800.0
100000004070318100→100000004400305100→100000005910114100→100000008603629100→100000001660397100→100000006866783100→100000004070318100,6,19800.0
100000002957787100→100000005268319100→100000002957787100,2,19712.8
100000001660397100→100000006866783100→100000001660397100,2,19300.0
100000000785800100→100000008601794100→100000001872484100→100000000785800100,3,19000.0
100000004330371100→100000003016635100→100000004330371100,2,18981.0
100000008086440100→100000008477350100→100000008086440100,2,18900.0
100000008603629100→100000002723538100→100000003242289100→100000004140487100→100000004400305100→100000004390333100→100000008603629100,6,18807.0
100000004070318100→100000004400305100→100000004390333100→100000008603629100→100000004351795100→100000000437046100→100000004070318100,6,18807.0
100000004070318100→100000004400305100→100000004390333100→100000006866783100→100000004070318100,4,18807.0
100000004070318100→100000004400305100→100000004390333100→100000006866783100→100000008304139100→100000000437046100→100000004070318100,6,18807.0
100000004351795100→100000003242289100→100000004140487100→100000004400305100→100000004390333100→100000008603629100→100000004351795100,6,18807.0
100000004351795100→100000003242289100→100000004140487100→100000004400305100→100000004390333100→100000006866783100→100000004351795100,6,18807.0
100000004070318100→100000004400305100→100000004390333100→100000008603629100→100000008686313100→100000006866783100→100000004070318100,6,18807.0
100000004070318100→100000004400305100→100000004390333100→100000008477350100→100000005910114100→100000006866783100→100000004070318100,6,18807.0
100000004070318100→100000004400305100→100000004390333100→100000008603629100→100000001660397100→100000006866783100→100000004070318100,6,18807.0
100000004070318100→100000004400305100→100000004390333100→100000008603629100→100000008686313100→100000000437046100→100000004070318100,6,18807.0
100000004070318100→100000004400305100→100000004390333100→100000008477350100→100000008086440100→100000000437046100→100000004070318100,6,18807.0
100000004070318100→100000004400305100→100000004390333100→100000006866783100→100000007639767100→100000000437046100→100000004070318100,6,18807.0
100000004070318100→100000004400305100→100000004390333100→100000006866783100→100000008686313100→100000000437046100→100000004070318100,6,18807.0
100000004070318100→100000004400305100→100000004390333100→100000006866783100→100000004351795100→100000000437046100→100000004070318100,6,18807.0
100000004070318100→100000004400305100→100000004390333100→100000000437046100→100000008686313100→100000006866783100→100000004070318100,6,18807.0
100000004070318100→100000004400305100→100000004390333100→100000008603629100→100000007639767100→100000000437046100→100000004070318100,6,18807.0
100000004070318100→100000004400305100→100000004390333100→100000000437046100→100000004070318100,4,18807.0
100000008686313100→100000006866783100→100000004847758100→100000008603629100→100000004351795100→100000000437046100→100000008686313100,6,18775.0
100000008686313100→100000006866783100→100000004847758100→100000008603629100→100000008686313100,4,18775.0
100000008686313100→100000008477350100→100000005910114100→100000006866783100→100000004847758100→100000008603629100→100000008686313100,6,18775.0
100000004847758100→100000008603629100→100000002723538100→100000003242289100→100000008304139100→100000006866783100→100000004847758100,6,18775.0
100000004847758100→100000008603629100→100000001660397100→100000006866783100→100000004847758100,4,18775.0
100000004070318100→100000006866783100→100000004847758100→100000008603629100→100000004351795100→100000000437046100→100000004070318100,6,18775.0
100000004847758100→100000008603629100→100000004351795100→100000003242289100→100000008304139100→100000006866783100→100000004847758100,6,18775.0
100000004070318100→100000006866783100→100000004847758100→100000008603629100→100000007639767100→100000000437046100→100000004070318100,6,18775.0
100000008686313100→100000006866783100→100000004847758100→100000008603629100→100000007639767100→100000000437046100→100000008686313100,6,18775.0
100000004070318100→100000006866783100→100000004847758100→100000008603629100→100000008686313100→100000000437046100→100000004070318100,6,18775.0
100000008710843100→100000008547844100→100000008465789100→100000008466579100→100000008489922100→100000008710843100,5,18200.0
100000008710843100→100000008547844100→100000008465789100→100000008547948100→100000008489922100→100000008710843100,5,18200.0
100000008710843100→100000008547844100→100000008465789100→100000008466579100→100000008547948100→100000008489922100→100000008710843100,6,18200.0
100000008710843100→100000008547844100→100000008547948100→100000008489922100→100000008710843100,4,18200.0
100000004544958100→100000004677680100→100000004544958100,2,18000.0
100000001893287100→100000004698193100→100000001893287100,2,18000.0
100000004188160100→100000003016635100→100000004188160100,2,18000.0
100000006707582100→100000000850297100→100000006707582100,2,17520.0
100000008169544100→100000003016635100→100000008169544100,2,17300.0
100000008443341100→100000008477350100→100000003968044100→100000008603629100→100000001660397100→100000006866783100→100000008443341100,6,17000.0
100000008686313100→100000006866783100→100000008443341100→100000008477350100→100000003968044100→100000008603629100→100000008686313100,6,17000.0
100000004070318100→100000006866783100→100000008443341100→100000008477350100→100000008086440100→100000000437046100→100000004070318100,6,17000.0
100000008086440100→100000008603629100→100000001660397100→100000006866783100→100000008443341100→100000008477350100→100000008086440100,6,17000.0
100000008686313100→100000006866783100→100000008443341100→100000008477350100→100000008086440100→100000000437046100→100000008686313100,6,17000.0
100000008686313100→100000006866783100→100000008443341100→100000008477350100→100000005910114100→100000008603629100→100000008686313100,6,17000.0
100000008686313100→100000006866783100→100000008443341100→100000008477350100→100000008086440100→100000008603629100→100000008686313100,6,17000.0
100000008443341100→100000008477350100→100000005910114100→100000008111003100→100000003796063100→100000006866783100→100000008443341100,6,17000.0
100000008443341100→100000008477350100→100000005910114100→100000006866783100→100000008443341100,4,17000.0
100000008443341100→100000008477350100→100000005910114100→100000008603629100→100000001660397100→100000006866783100→100000008443341100,6,17000.0
100000005287097100→100000004156082100→100000005287097100,2,16450.0
100000005287097100→100000004150593100→100000008188026100→100000004527381100→100000004156082100→100000005287097100,5,16450.0
100000005287097100→100000003016635100→100000008188026100→100000004527381100→100000004156082100→100000005287097100,5,16450.0
100000004070318100→100000008477350100→100000007639767100→100000000437046100→100000008686313100→100000006866783100→100000004070318100,6,16305.0
100000004070318100→100000006866783100→100000008443341100→100000008477350100→100000007639767100→100000000437046100→100000004070318100,6,16305.0
100000008443341100→100000008477350100→100000007639767100→100000008603629100→100000001660397100→100000006866783100→100000008443341100,6,16305.0
100000004070318100→100000004400305100→100000008304139100→100000008477350100→100000007639767100→100000000437046100→100000004070318100,6,16305.0
100000004070318100→100000008477350100→100000007639767100→100000000437046100→100000004070318100,4,16305.0
100000008686313100→100000008477350100→100000007639767100→100000000437046100→100000001279272100→100000000331309100→100000008686313100,6,16305.0
100000008686313100→100000008477350100→100000007639767100→100000008603629100→100000004351795100→100000000437046100→100000008686313100,6,16305.0
100000004070318100→100000008477350100→100000007639767100→100000008603629100→100000004351795100→100000000437046100→100000004070318100,6,16305.0
100000008686313100→100000008477350100→100000007639767100→100000000437046100→100000008686313100,4,16305.0
100000004070318100→100000006866783100→100000008304139100→100000008477350100→100000007639767100→100000000437046100→100000004070318100,6,16305.0
100000004070318100→100000004400305100→100000004390333100→100000008477350100→100000007639767100→100000000437046100→100000004070318100,6,16305.0
100000008686313100→100000006866783100→100000004390333100→100000008477350100→100000007639767100→100000000437046100→100000008686313100,6,16305.0
100000004070318100→100000006866783100→100000002306369100→100000008477350100→100000007639767100→100000000437046100→100000004070318100,6,16305.0
100000004070318100→100000008603629100→100000008686313100→100000008477350100→100000007639767100→100000000437046100→100000004070318100,6,16305.0
100000004070318100→100000004400305100→100000008686313100→100000008477350100→100000007639767100→100000000437046100→100000004070318100,6,16305.0
100000008686313100→100000006866783100→100000008443341100→100000008477350100→100000007639767100→100000008603629100→100000008686313100,6,16305.0
100000004070318100→100000006866783100→100000004390333100→100000008477350100→100000007639767100→100000000437046100→100000004070318100,6,16305.0
100000008686313100→100000008477350100→100000007639767100→100000008603629100→100000008686313100,4,16305.0
100000004070318100→100000008477350100→100000007639767100→100000008603629100→100000001660397100→100000006866783100→100000004070318100,6,16305.0
100000008603629100→100000002723538100→100000003242289100→100000008304139100→100000008477350100→100000007639767100→100000008603629100,6,16305.0
100000008603629100→100000001660397100→100000006866783100→100000004390333100→100000008477350100→100000007639767100→100000008603629100,6,16305.0
100000008603629100→100000001660397100→100000006866783100→100000008304139100→100000008477350100→100000007639767100→100000008603629100,6,16305.0
100000008603629100→100000001660397100→100000006866783100→100000002306369100→100000008477350100→100000007639767100→100000008603629100,6,16305.0
100000004351795100→100000003242289100→100000008304139100→100000008477350100→100000007639767100→100000008603629100→100000004351795100,6,16305.0
100000008686313100→100000006866783100→100000002306369100→100000008477350100→100000007639767100→100000000437046100→100000008686313100,6,16305.0
100000008686313100→100000006866783100→100000008304139100→100000008477350100→100000007639767100→100000008603629100→100000008686313100,6,16305.0
100000008686313100→100000006866783100→100000008304139100→100000008477350100→100000007639767100→100000000437046100→100000008686313100,6,16305.0
100000004070318100→100000006866783100→100000008686313100→100000008477350100→100000007639767100→100000000437046100→100000004070318100,6,16305.0
100000008686313100→100000006866783100→100000008443341100→100000008477350100→100000007639767100→100000000437046100→100000008686313100,6,16305.0
100000008686313100→100000006866783100→100000002306369100→100000008477350100→100000007639767100→100000008603629100→100000008686313100,6,16305.0
100000008686313100→100000006866783100→100000004390333100→100000008477350100→100000007639767100→100000008603629100→100000008686313100,6,16305.0
100000004070318100→100000008477350100→100000007639767100→100000008603629100→100000008686313100→100000000437046100→100000004070318100,6,16305.0
100000008686313100→100000008477350100→100000007639767100→100000008603629100→100000001660397100→100000006866783100→100000008686313100,6,16305.0
100000004070318100→100000008477350100→100000007639767100→100000008603629100→100000008686313100→100000006866783100→100000004070318100,6,16305.0
100000004847758100→100000008603629100→100000001660397100→100000006866783100→100000004679953100→100000005782781100→100000004847758100,6,16000.0
100000008686313100→100000006866783100→100000004679953100→100000005782781100→100000004847758100→100000008603629100→100000008686313100,6,16000.0
100000004847758100→100000008603629100→100000004679953100→100000005782781100→100000004847758100,4,16000.0
100000005168487100→100000002941114100→100000005168487100,2,15000.0
100000002723538100→100000003242289100→100000004140487100→100000004400305100→100000002723538100,4,15000.0
100000008293431100→100000000437046100→100000008293431100,2,15000.0
100000004070318100→100000004400305100→100000002723538100→100000008603629100→100000008686313100→100000000437046100→100000004070318100,6,15000.0
100000004070318100→100000004400305100→100000002723538100→100000008603629100→100000004351795100→100000000437046100→100000004070318100,6,15000.0
100000004070318100→100000004400305100→100000002723538100→100000003242289100→100000008304139100→100000000437046100→100000004070318100,6,15000.0
100000004007116100→100000003616818100→100000004160650100→100000002731501100→100000004007116100,4,15000.0
100000004070318100→100000004400305100→100000002723538100→100000008603629100→100000001660397100→100000006866783100→100000004070318100,6,15000.0
100000004070318100→100000004400305100→100000002723538100→100000003242289100→100000008304139100→100000006866783100→100000004070318100,6,15000.0
100000000011452100→100000005140601100→100000000011452100,2,15000.0
100000004007116100→100000003616818100→100000004160650100→100000004007116100,3,15000.0
100000005507142100→100000002612809100→100000005507142100,2,15000.0
100000004007116100→100000003616818100→100000004005964100→100000004007116100,3,15000.0
100000004007116100→100000003616818100→100000004160650100→100000004005964100→100000004007116100,4,15000.0
100000004070318100→100000004400305100→100000002723538100→100000008603629100→100000008686313100→100000006866783100→100000004070318100,6,15000.0
100000004070318100→100000004400305100→100000002723538100→100000008603629100→100000007639767100→100000000437046100→100000004070318100,6,15000.0
100000004351795100→100000003242289100→100000004140487100→100000004400305100→100000002723538100→100000008603629100→100000004351795100,6,15000.0
100000004692798100→100000000831684100→100000004692798100,2,15000.0
100000005339662100→100000004820260100→100000005175148100→100000005339662100,3,15000.0
100000005037490100→100000008733194100→100000005037490100,2,14000.0
100000008413748100→100000008304139100→100000008477350100→100000005910114100→100000002957787100→100000002645993100→100000008413748100,6,13480.0
100000004070318100→100000004400305100→100000005910114100→100000002957787100→100000002645993100→100000008413748100→100000004070318100,6,13480.0
100000004070318100→100000008477350100→100000005910114100→100000002957787100→100000002645993100→100000008413748100→100000004070318100,6,13480.0
100000004070318100→100000004400305100→100000002645993100→100000008413748100→100000008304139100→100000006866783100→100000004070318100,6,13480.0
100000004070318100→100000004400305100→100000002645993100→100000008413748100→100000004070318100,4,13480.0
100000004070318100→100000004400305100→100000002645993100→100000008413748100→100000008304139100→100000000437046100→100000004070318100,6,13480.0
100000004070318100→100000008346837100→100000005910114100→100000002957787100→100000002645993100→100000008413748100→100000004070318100,6,13480.0
100000004070318100→100000006866783100→100000008304139100→100000008603629100→100000001660397100→100000008413748100→100000004070318100,6,13000.0
100000004475818100→100000005665181100→100000004475818100,2,13000.0
100000004070318100→100000008346837100→100000004351795100→100000008603629100→100000001660397100→100000008413748100→100000004070318100,6,13000.0
100000004070318100→100000008346837100→100000005910114100→100000008603629100→100000001660397100→100000008413748100→100000004070318100,6,13000.0
100000004070318100→100000004400305100→100000002723538100→100000008603629100→100000001660397100→100000008413748100→100000004070318100,6,13000.0
100000005264874100→100000005507142100→100000005264874100,2,13000.0
100000004070318100→100000008346837100→100000005910114100→100000006866783100→100000001660397100→100000008413748100→100000004070318100,6,13000.0
100000004070318100→100000008477350100→100000007639767100→100000008603629100→100000001660397100→100000008413748100→100000004070318100,6,13000.0
100000004070318100→100000006866783100→100000001660397100→100000008413748100→100000004070318100,4,13000.0
100000004070318100→100000006866783100→100000004351795100→100000008603629100→100000001660397100→100000008413748100→100000004070318100,6,13000.0
100000004070318100→100000006866783100→100000001660397100→100000008413748100→100000008304139100→100000000437046100→100000004070318100,6,13000.0
100000004070318100→100000006866783100→100000004847758100→100000008603629100→100000001660397100→100000008413748100→100000004070318100,6,13000.0
100000004070318100→100000004400305100→100000008686313100→100000008603629100→100000001660397100→100000008413748100→100000004070318100,6,13000.0
100000004070318100→100000006866783100→100000008686313100→100000008603629100→100000001660397100→100000008413748100→100000004070318100,6,13000.0
100000004070318100→100000006866783100→100000007639767100→100000008603629100→100000001660397100→100000008413748100→100000004070318100,6,13000.0
100000004070318100→100000008477350100→100000005910114100→100000008603629100→100000001660397100→100000008413748100→100000004070318100,6,13000.0
100000004070318100→100000008477350100→100000003968044100→100000008603629100→100000001660397100→100000008413748100→100000004070318100,6,13000.0
100000004070318100→100000008477350100→100000005910114100→100000006866783100→100000001660397100→100000008413748100→100000004070318100,6,13000.0
100000004070318100→100000004400305100→100000008686313100→100000006866783100→100000001660397100→100000008413748100→100000004070318100,6,13000.0
100000004070318100→100000008477350100→100000008086440100→100000008603629100→100000001660397100→100000008413748100→100000004070318100,6,13000.0
100000004070318100→100000006866783100→100000004390333100→100000008603629100→100000001660397100→100000008413748100→100000004070318100,6,13000.0
100000004070318100→100000004400305100→100000005910114100→100000006866783100→100000001660397100→100000008413748100→100000004070318100,6,13000.0
100000004070318100→100000006866783100→100000002306369100→100000008603629100→100000001660397100→100000008413748100→100000004070318100,6,13000.0
100000004070318100→100000004400305100→100000004390333100→100000008603629100→100000001660397100→100000008413748100→100000004070318100,6,13000.0
100000004070318100→100000008603629100→100000008686313100→100000006866783100→100000001660397100→100000008413748100→100000004070318100,6,13000.0
100000004070318100→100000004400305100→100000004390333100→100000006866783100→100000001660397100→100000008413748100→100000004070318100,6,13000.0
100000004070318100→100000004400305100→100000008304139100→100000006866783100→100000001660397100→100000008413748100→100000004070318100,6,13000.0
100000004070318100→100000004400305100→100000008304139100→100000008603629100→100000001660397100→100000008413748100→100000004070318100,6,13000.0
100000008413748100→100000008304139100→100000006866783100→100000002306369100→100000008603629100→100000001660397100→100000008413748100,6,13000.0
100000008413748100→100000008304139100→100000006866783100→100000004351795100→100000008603629100→100000001660397100→100000008413748100,6,13000.0
100000008413748100→100000008304139100→100000008603629100→100000008686313100→100000006866783100→100000001660397100→100000008413748100,6,13000.0
100000008413748100→100000008304139100→100000006866783100→100000001660397100→100000008413748100,4,13000.0
100000008413748100→100000008304139100→100000005782781100→100000004847758100→100000008603629100→100000001660397100→100000008413748100,6,13000.0
100000008413748100→100000008304139100→100000001857829100→100000003880331100→100000008603629100→100000001660397100→100000008413748100,6,13000.0
100000008413748100→100000008304139100→100000001857829100→100000008603629100→100000001660397100→100000008413748100,5,13000.0
100000008587459100→100000006866783100→100000001660397100→100000008413748100→100000008304139100→100000008587459100,5,13000.0
100000004070318100→100000008603629100→100000001660397100→100000008413748100→100000008304139100→100000006866783100→100000004070318100,6,13000.0
100000004070318100→100000008603629100→100000001660397100→100000008413748100→100000008304139100→100000000437046100→100000004070318100,6,13000.0
100000004070318100→100000008603629100→100000001660397100→100000008413748100→100000004070318100,4,13000.0
100000008413748100→100000008304139100→100000008603629100→100000001660397100→100000008413748100,4,13000.0
100000008413748100→100000008304139100→100000006866783100→100000004847758100→100000008603629100→100000001660397100→100000008413748100,6,13000.0
100000004070318100→100000004400305100→100000004847758100→100000008603629100→100000001660397100→100000008413748100→100000004070318100,6,13000.0
100000004070318100→100000004400305100→100000005910114100→100000008603629100→100000001660397100→100000008413748100→100000004070318100,6,13000.0
100000004070318100→100000004400305100→100000008587459100→100000006866783100→100000001660397100→100000008413748100→100000004070318100,6,13000.0
100000008413748100→100000008304139100→100000008477350100→100000003968044100→100000008603629100→100000001660397100→100000008413748100,6,13000.0
100000008413748100→100000008304139100→100000000437046100→100000008686313100→100000006866783100→100000001660397100→100000008413748100,6,13000.0
100000008413748100→100000008304139100→100000008477350100→100000007639767100→100000008603629100→100000001660397100→100000008413748100,6,13000.0
100000008413748100→100000008304139100→100000000437046100→100000007639767100→100000008603629100→100000001660397100→100000008413748100,6,13000.0
100000008413748100→100000008304139100→100000000437046100→100000008686313100→100000008603629100→100000001660397100→100000008413748100,6,13000.0
100000008413748100→100000008304139100→100000008477350100→100000005910114100→100000008603629100→100000001660397100→100000008413748100,6,13000.0
100000008413748100→100000008304139100→100000008477350100→100000005910114100→100000006866783100→100000001660397100→100000008413748100,6,13000.0
100000008413748100→100000008304139100→100000006866783100→100000007639767100→100000008603629100→100000001660397100→100000008413748100,6,13000.0
100000008413748100→100000008304139100→100000006866783100→100000008686313100→100000008603629100→100000001660397100→100000008413748100,6,13000.0
100000008413748100→100000008304139100→100000006866783100→100000004390333100→100000008603629100→100000001660397100→100000008413748100,6,13000.0
100000008413748100→100000008304139100→100000008477350100→100000008086440100→100000008603629100→100000001660397100→100000008413748100,6,13000.0
100000008636603100→100000003016635100→100000000667713100→100000008636603100,3,12750.0
100000008636603100→100000000667713100→100000008636603100,2,12750.0
100000005910114100→100000002957787100→100000008636603100→100000003016635100→100000008003034100→100000008346837100→100000005910114100,6,12201.0
100000003888271100→100000000580561100→100000003888271100,2,12177.0
100000008603629100→100000001660397100→100000008477350100→100000007639767100→100000008603629100,4,12000.0
100000008603629100→100000001660397100→100000008477350100→100000005910114100→100000006866783100→100000004390333100→100000008603629100,6,12000.0
100000008603629100→100000001660397100→100000008477350100→100000005910114100→100000008603629100,4,12000.0
100000008603629100→100000001660397100→100000008477350100→100000005910114100→100000001857829100→100000008603629100,5,12000.0
100000008686313100→100000006866783100→100000001660397100→100000008477350100→100000007639767100→100000000437046100→100000008686313100,6,12000.0
100000008686313100→100000006866783100→100000001660397100→100000008477350100→100000007639767100→100000008603629100→100000008686313100,6,12000.0
100000004070318100→100000008603629100→100000001660397100→100000008477350100→100000008086440100→100000000437046100→100000004070318100,6,12000.0
100000004070318100→100000008603629100→100000001660397100→100000008477350100→100000005910114100→100000006866783100→100000004070318100,6,12000.0
100000001660397100→100000008477350100→100000005910114100→100000008111003100→100000003796063100→100000006866783100→100000001660397100,6,12000.0
100000008686313100→100000006866783100→100000001660397100→100000008477350100→100000003968044100→100000008603629100→100000008686313100,6,12000.0
100000008686313100→100000006866783100→100000001660397100→100000008477350100→100000005910114100→100000008603629100→100000008686313100,6,12000.0
100000008686313100→100000006866783100→100000001660397100→100000008477350100→100000008086440100→100000000437046100→100000008686313100,6,12000.0
100000008603629100→100000001660397100→100000008477350100→100000005910114100→100000001857829100→100000003880331100→100000008603629100,6,12000.0
100000008603629100→100000001660397100→100000008477350100→100000003968044100→100000008603629100,4,12000.0
100000008686313100→100000008603629100→100000001660397100→100000008477350100→100000007639767100→100000000437046100→100000008686313100,6,12000.0
100000008686313100→100000008603629100→100000001660397100→100000008477350100→100000008086440100→100000000437046100→100000008686313100,6,12000.0
100000004070318100→100000006866783100→100000001660397100→100000008477350100→100000007639767100→100000000437046100→100000004070318100,6,12000.0
100000004070318100→100000006866783100→100000001660397100→100000008477350100→100000008086440100→100000000437046100→100000004070318100,6,12000.0
100000008686313100→100000008603629100→100000001660397100→100000008477350100→100000005910114100→100000006866783100→100000008686313100,6,12000.0
100000008603629100→100000001660397100→100000008477350100→100000005910114100→100000006866783100→100000002306369100→100000008603629100,6,12000.0
100000008086440100→100000000437046100→100000007639767100→100000008603629100→100000001660397100→100000008477350100→100000008086440100,6,12000.0
100000004847758100→100000008603629100→100000001660397100→100000008477350100→100000005910114100→100000006866783100→100000004847758100,6,12000.0
100000008603629100→100000001660397100→100000008477350100→100000005910114100→100000006866783100→100000007639767100→100000008603629100,6,12000.0
100000004847758100→100000008603629100→100000001660397100→100000008477350100→100000005910114100→100000005782781100→100000004847758100,6,12000.0
100000008086440100→100000008603629100→100000001660397100→100000008477350100→100000008086440100,4,12000.0
100000001660397100→100000008477350100→100000005910114100→100000006866783100→100000001660397100,4,12000.0
100000008603629100→100000001660397100→100000008477350100→100000005910114100→100000006866783100→100000008304139100→100000008603629100,6,12000.0
100000008686313100→100000006866783100→100000001660397100→100000008477350100→100000008086440100→100000008603629100→100000008686313100,6,12000.0
100000004351795100→100000008603629100→100000001660397100→100000008477350100→100000005910114100→100000006866783100→100000004351795100,6,12000.0
100000004070318100→100000008603629100→100000001660397100→100000008477350100→100000007639767100→100000000437046100→100000004070318100,6,12000.0
100000008603629100→100000001609499100→100000006866783100→100000004390333100→100000000437046100→100000007639767100→100000008603629100,6,11000.0
100000004070318100→100000008477350100→100000008086440100→100000008603629100→100000001609499100→100000006866783100→100000004070318100,6,11000.0
100000004070318100→100000008477350100→100000007639767100→100000008603629100→100000001609499100→100000006866783100→100000004070318100,6,11000.0
100000004070318100→100000008477350100→100000003968044100→100000008603629100→100000001609499100→100000006866783100→100000004070318100,6,11000.0
100000008413748100→100000008304139100→100000008603629100→100000001609499100→100000006866783100→100000001660397100→100000008413748100,6,11000.0
100000004070318100→100000008346837100→100000004351795100→100000008603629100→100000001609499100→100000006866783100→100000004070318100,6,11000.0
100000008603629100→100000001609499100→100000006866783100→100000008304139100→100000008477350100→100000003968044100→100000008603629100,6,11000.0
100000008603629100→100000001609499100→100000006866783100→100000008304139100→100000008477350100→100000007639767100→100000008603629100,6,11000.0
100000008603629100→100000001609499100→100000006866783100→100000004390333100→100000008603629100,4,11000.0
100000008603629100→100000001609499100→100000006866783100→100000004390333100→100000008477350100→100000005910114100→100000008603629100,6,11000.0
100000008603629100→100000001609499100→100000006866783100→100000004390333100→100000008477350100→100000003968044100→100000008603629100,6,11000.0
100000008443341100→100000008477350100→100000005910114100→100000008603629100→100000001609499100→100000006866783100→100000008443341100,6,11000.0
100000008603629100→100000001609499100→100000006866783100→100000004390333100→100000008477350100→100000007639767100→100000008603629100,6,11000.0
100000008603629100→100000001609499100→100000006866783100→100000007639767100→100000008603629100,4,11000.0
100000008086440100→100000008603629100→100000001609499100→100000006866783100→100000008304139100→100000008477350100→100000008086440100,6,11000.0
100000008686313100→100000008477350100→100000008086440100→100000008603629100→100000001609499100→100000006866783100→100000008686313100,6,11000.0
100000008603629100→100000001609499100→100000006866783100→100000008304139100→100000001857829100→100000003880331100→100000008603629100,6,11000.0
100000008603629100→100000001609499100→100000006866783100→100000008304139100→100000008603629100,4,11000.0
100000004070318100→100000008477350100→100000005910114100→100000008603629100→100000001609499100→100000006866783100→100000004070318100,6,11000.0
100000008603629100→100000001609499100→100000006866783100→100000002306369100→100000002723538100→100000008603629100,5,11000.0
100000008603629100→100000001609499100→100000006866783100→100000002306369100→100000008477350100→100000005910114100→100000008603629100,6,11000.0
100000008603629100→100000001609499100→100000006866783100→100000002306369100→100000008477350100→100000003968044100→100000008603629100,6,11000.0
100000008603629100→100000001609499100→100000006866783100→100000008304139100→100000001857829100→100000008603629100,5,11000.0
100000008603629100→100000001609499100→100000006866783100→100000001660397100→100000008477350100→100000007639767100→100000008603629100,6,11000.0
100000008603629100→100000001609499100→100000006866783100→100000008304139100→100000000437046100→100000007639767100→100000008603629100,6,11000.0
100000008443341100→100000008477350100→100000007639767100→100000008603629100→100000001609499100→100000006866783100→100000008443341100,6,11000.0
100000008603629100→100000001609499100→100000006866783100→100000002306369100→100000008477350100→100000007639767100→100000008603629100,6,11000.0
100000008603629100→100000001609499100→100000006866783100→100000002306369100→100000008603629100,4,11000.0
100000008603629100→100000001609499100→100000006866783100→100000001660397100→100000008477350100→100000005910114100→100000008603629100,6,11000.0
100000008603629100→100000001609499100→100000006866783100→100000001660397100→100000008477350100→100000003968044100→100000008603629100,6,11000.0
100000008603629100→100000001609499100→100000006866783100→100000008304139100→100000008477350100→100000005910114100→100000008603629100,6,11000.0
100000008443341100→100000008477350100→100000003968044100→100000008603629100→100000001609499100→100000006866783100→100000008443341100,6,11000.0
100000004070318100→100000004400305100→100000001609499100→100000006866783100→100000008686313100→100000000437046100→100000004070318100,6,11000.0
100000004070318100→100000004400305100→100000001609499100→100000006866783100→100000007639767100→100000000437046100→100000004070318100,6,11000.0
100000004351795100→100000003242289100→100000008304139100→100000008603629100→100000001609499100→100000006866783100→100000004351795100,6,11000.0
100000008086440100→100000008603629100→100000001609499100→100000006866783100→100000004390333100→100000008477350100→100000008086440100,6,11000.0
100000008086440100→100000008603629100→100000001609499100→100000006866783100→100000008443341100→100000008477350100→100000008086440100,6,11000.0
100000008086440100→100000008603629100→100000001609499100→100000006866783100→100000001660397100→100000008477350100→100000008086440100,6,11000.0
100000004070318100→100000004400305100→100000005910114100→100000008603629100→100000001609499100→100000006866783100→100000004070318100,6,11000.0
100000004070318100→100000004400305100→100000001609499100→100000006866783100→100000008304139100→100000000437046100→100000004070318100,6,11000.0
100000004070318100→100000004400305100→100000001609499100→100000006866783100→100000004070318100,4,11000.0
100000004070318100→100000004400305100→100000001609499100→100000006866783100→100000004351795100→100000000437046100→100000004070318100,6,11000.0
100000004070318100→100000004400305100→100000001609499100→100000006866783100→100000001660397100→100000008413748100→100000004070318100,6,11000.0
100000008086440100→100000008603629100→100000001609499100→100000006866783100→100000002306369100→100000008477350100→100000008086440100,6,11000.0
100000004070318100→100000004400305100→100000002723538100→100000008603629100→100000001609499100→100000006866783100→100000004070318100,6,11000.0
100000004070318100→100000004400305100→100000001609499100→100000006866783100→100000004390333100→100000000437046100→100000004070318100,6,11000.0
100000004847758100→100000008603629100→100000001609499100→100000006866783100→100000008304139100→100000005782781100→100000004847758100,6,11000.0
100000004847758100→100000008603629100→100000001609499100→100000006866783100→100000004679953100→100000005782781100→100000004847758100,6,11000.0
100000004351795100→100000000437046100→100000007639767100→100000008603629100→100000001609499100→100000006866783100→100000004351795100,6,11000.0
100000004070318100→100000004400305100→100000008686313100→100000008603629100→100000001609499100→100000006866783100→100000004070318100,6,11000.0
100000004070318100→100000004400305100→100000004390333100→100000008603629100→100000001609499100→100000006866783100→100000004070318100,6,11000.0
100000004070318100→100000008603629100→100000001609499100→100000006866783100→100000007639767100→100000000437046100→100000004070318100,6,11000.0
100000004070318100→100000008603629100→100000001609499100→100000006866783100→100000004390333100→100000000437046100→100000004070318100,6,11000.0
100000004070318100→100000004400305100→100000004847758100→100000008603629100→100000001609499100→100000006866783100→100000004070318100,6,11000.0
100000004070318100→100000004400305100→100000008304139100→100000008603629100→100000001609499100→100000006866783100→100000004070318100,6,11000.0
100000004351795100→100000003242289100→100000004140487100→100000004400305100→100000001609499100→100000006866783100→100000004351795100,6,11000.0
100000004351795100→100000003242289100→100000004140487100→100000008603629100→100000001609499100→100000006866783100→100000004351795100,6,11000.0
100000006866783100→100000001609499100→100000006866783100,2,11000.0
100000004351795100→100000008603629100→100000001609499100→100000006866783100→100000004351795100,4,11000.0
100000008686313100→100000008603629100→100000001609499100→100000006866783100→100000008304139100→100000000437046100→100000008686313100,6,11000.0
100000008686313100→100000008603629100→100000001609499100→100000006866783100→100000004351795100→100000000437046100→100000008686313100,6,11000.0
100000008686313100→100000008603629100→100000001609499100→100000006866783100→100000004403675100→100000000331309100→100000008686313100,6,11000.0
100000008686313100→100000000437046100→100000007639767100→100000008603629100→100000001609499100→100000006866783100→100000008686313100,6,11000.0
100000008686313100→100000008603629100→100000001609499100→100000006866783100→100000008137435100→100000008686313100,5,11000.0
100000008686313100→100000008603629100→100000001609499100→100000006866783100→100000007639767100→100000000437046100→100000008686313100,6,11000.0
100000008686313100→100000008603629100→100000001609499100→100000006866783100→100000004390333100→100000000437046100→100000008686313100,6,11000.0
100000008686313100→100000008603629100→100000001609499100→100000006866783100→100000008686313100,4,11000.0
100000004847758100→100000008603629100→100000001609499100→100000006866783100→100000004847758100,4,11000.0
100000004070318100→100000008346837100→100000005910114100→100000008603629100→100000001609499100→100000006866783100→100000004070318100,6,11000.0
100000008686313100→100000008477350100→100000003968044100→100000008603629100→100000001609499100→100000006866783100→100000008686313100,6,11000.0
100000008686313100→100000008477350100→100000007639767100→100000008603629100→100000001609499100→100000006866783100→100000008686313100,6,11000.0
100000008686313100→100000008477350100→100000005910114100→100000008603629100→100000001609499100→100000006866783100→100000008686313100,6,11000.0
100000004070318100→100000008603629100→100000001609499100→100000006866783100→100000004351795100→100000000437046100→100000004070318100,6,11000.0
100000004070318100→100000008603629100→100000001609499100→100000006866783100→100000001660397100→100000008413748100→100000004070318100,6,11000.0
100000004070318100→100000008603629100→100000001609499100→100000006866783100→100000008686313100→100000000437046100→100000004070318100,6,11000.0
100000004070318100→100000008603629100→100000001609499100→100000006866783100→100000008304139100→100000000437046100→100000004070318100,6,11000.0
100000001600934100→100000005140601100→100000001600934100,2,11000.0
100000004070318100→100000008603629100→100000001609499100→100000006866783100→100000004070318100,4,11000.0
100000005287097100→100000004150593100→100000008595687100→100000003016635100→100000005287097100,4,10400.0
100000008254069100→100000003809101100→100000008254069100,2,10200.0
100000004070318100→100000004400305100→100000005048668100→100000008603629100→100000001660397100→100000006866783100→100000004070318100,6,10168.0
100000008603629100→100000002723538100→100000003242289100→100000004140487100→100000004400305100→100000005048668100→100000008603629100,6,10168.0
100000004070318100→100000004400305100→100000005048668100→100000008603629100→100000004351795100→100000000437046100→100000004070318100,6,10168.0
100000004070318100→100000004400305100→100000005048668100→100000008603629100→100000008686313100→100000000437046100→100000004070318100,6,10168.0
100000004070318100→100000004400305100→100000005048668100→100000008603629100→100000008686313100→100000006866783100→100000004070318100,6,10168.0
100000004070318100→100000004400305100→100000005048668100→100000008603629100→100000001609499100→100000006866783100→100000004070318100,6,10168.0
100000004070318100→100000004400305100→100000005048668100→100000008603629100→100000007639767100→100000000437046100→100000004070318100,6,10168.0
100000004351795100→100000003242289100→100000004140487100→100000004400305100→100000005048668100→100000008603629100→100000004351795100,6,10168.0
100000004070318100→100000004400305100→100000005048668100→100000008603629100→100000001660397100→100000008413748100→100000004070318100,6,10168.0
100000008587459100→100000006866783100→100000004847758100→100000008603629100→100000007639767100→100000004400305100→100000008587459100,6,10000.0
100000007593823100→100000008111003100→100000003796063100→100000008477350100→100000007593823100,4,10000.0
100000008686313100→100000008477350100→100000008086440100→100000008603629100→100000007639767100→100000006866783100→100000008686313100,6,10000.0
100000008686313100→100000006866783100→100000000089154100→100000000437046100→100000001279272100→100000000331309100→100000008686313100,6,10000.0
100000004070318100→100000008603629100→100000007639767100→100000004400305100→100000004390333100→100000006866783100→100000004070318100,6,10000.0
100000008686313100→100000006866783100→100000000089154100→100000000437046100→100000007639767100→100000004400305100→100000008686313100,6,10000.0
100000004070318100→100000008603629100→100000007639767100→100000004400305100→100000008686313100→100000006866783100→100000004070318100,6,10000.0
100000008686313100→100000006866783100→100000000089154100→100000005782781100→100000004847758100→100000008603629100→100000008686313100,6,10000.0
100000008686313100→100000006866783100→100000000089154100→100000000437046100→100000007639767100→100000008603629100→100000008686313100,6,10000.0
100000008686313100→100000006866783100→100000000089154100→100000000437046100→100000008686313100,4,10000.0
100000008686313100→100000008477350100→100000008086440100→100000000437046100→100000007639767100→100000004400305100→100000008686313100,6,10000.0
100000004070318100→100000008603629100→100000007639767100→100000004400305100→100000008304139100→100000000437046100→100000004070318100,6,10000.0
100000004070318100→100000008603629100→100000007639767100→100000004400305100→100000008304139100→100000006866783100→100000004070318100,6,10000.0
100000004070318100→100000008603629100→100000007639767100→100000004400305100→100000001609499100→100000006866783100→100000004070318100,6,10000.0
100000004070318100→100000008603629100→100000007639767100→100000004400305100→100000005910114100→100000006866783100→100000004070318100,6,10000.0
100000004070318100→100000008603629100→100000007639767100→100000004400305100→100000003213473100→100000006866783100→100000004070318100,6,10000.0
100000008587459100→100000006866783100→100000008304139100→100000000437046100→100000007639767100→100000004400305100→100000008587459100,6,10000.0
100000008587459100→100000006866783100→100000008304139100→100000008477350100→100000007639767100→100000004400305100→100000008587459100,6,10000.0
100000008587459100→100000006866783100→100000008304139100→100000008603629100→100000007639767100→100000004400305100→100000008587459100,6,10000.0
100000004070318100→100000008603629100→100000008686313100→100000006866783100→100000000089154100→100000000437046100→100000004070318100,6,10000.0
100000004070318100→100000008603629100→100000008686313100→100000006866783100→100000007639767100→100000004400305100→100000004070318100,6,10000.0
100000004070318100→100000008603629100→100000001660397100→100000006866783100→100000000089154100→100000000437046100→100000004070318100,6,10000.0
100000004070318100→100000008603629100→100000001660397100→100000006866783100→100000007639767100→100000004400305100→100000004070318100,6,10000.0
100000004070318100→100000008603629100→100000007639767100→100000004400305100→100000004070318100,4,10000.0
100000008443341100→100000008477350100→100000003968044100→100000008603629100→100000007639767100→100000006866783100→100000008443341100,6,10000.0
100000008443341100→100000008477350100→100000007639767100→100000006866783100→100000008443341100,4,10000.0
100000008603629100→100000007639767100→100000006866783100→100000002306369100→100000008603629100,4,10000.0
100000001660397100→100000008477350100→100000007639767100→100000004400305100→100000001609499100→100000006866783100→100000001660397100,6,10000.0
100000001660397100→100000008477350100→100000007639767100→100000004400305100→100000008304139100→100000006866783100→100000001660397100,6,10000.0
100000001660397100→100000008477350100→100000007639767100→100000004400305100→100000004390333100→100000006866783100→100000001660397100,6,10000.0
100000004070318100→100000008477350100→100000005910114100→100000006866783100→100000007639767100→100000004400305100→100000004070318100,6,10000.0
100000004070318100→100000008603629100→100000007639767100→100000004400305100→100000008686313100→100000000437046100→100000004070318100,6,10000.0
100000004070318100→100000008477350100→100000005910114100→100000008603629100→100000007639767100→100000006866783100→100000004070318100,6,10000.0
100000008443341100→100000008477350100→100000007639767100→100000004400305100→100000003213473100→100000006866783100→100000008443341100,6,10000.0
100000008443341100→100000008477350100→100000007639767100→100000004400305100→100000005910114100→100000006866783100→100000008443341100,6,10000.0
100000004070318100→100000008603629100→100000008686313100→100000008477350100→100000007639767100→100000006866783100→100000004070318100,6,10000.0
100000001660397100→100000008477350100→100000007593823100→100000008111003100→100000003796063100→100000006866783100→100000001660397100,6,10000.0
100000004390333100→100000000437046100→100000007639767100→100000006866783100→100000004390333100,4,10000.0
100000004390333100→100000000437046100→100000007639767100→100000004400305100→100000003213473100→100000006866783100→100000004390333100,6,10000.0
100000001660397100→100000008477350100→100000007639767100→100000006866783100→100000001660397100,4,10000.0
100000004070318100→100000008477350100→100000005910114100→100000006866783100→100000000089154100→100000000437046100→100000004070318100,6,10000.0
100000004070318100→100000008603629100→100000001609499100→100000006866783100→100000000089154100→100000000437046100→100000004070318100,6,10000.0
100000004070318100→100000008603629100→100000003582677100→100000008111003100→100000003796063100→100000006866783100→100000004070318100,6,10000.0
100000008686313100→100000008477350100→100000008086440100→100000008603629100→100000007639767100→100000004400305100→100000008686313100,6,10000.0
100000008686313100→100000008477350100→100000008086440100→100000000437046100→100000007639767100→100000006866783100→100000008686313100,6,10000.0
100000008603629100→100000007639767100→100000006866783100→100000001660397100→100000008477350100→100000005910114100→100000008603629100,6,10000.0
100000008603629100→100000007639767100→100000006866783100→100000001660397100→100000008477350100→100000003968044100→100000008603629100,6,10000.0
100000008603629100→100000007639767100→100000006866783100→100000004390333100→100000008603629100,4,10000.0
100000008443341100→100000008477350100→100000005910114100→100000008603629100→100000007639767100→100000006866783100→100000008443341100,6,10000.0
100000008603629100→100000007639767100→100000006866783100→100000004390333100→100000008477350100→100000003968044100→100000008603629100,6,10000.0
100000008603629100→100000007639767100→100000006866783100→100000008304139100→100000001857829100→100000003880331100→100000008603629100,6,10000.0
100000008603629100→100000007639767100→100000006866783100→100000008304139100→100000008603629100,4,10000.0
100000008603629100→100000007639767100→100000006866783100→100000008304139100→100000008477350100→100000005910114100→100000008603629100,6,10000.0
100000008443341100→100000008477350100→100000007639767100→100000004400305100→100000001609499100→100000006866783100→100000008443341100,6,10000.0
100000008443341100→100000008477350100→100000007639767100→100000004400305100→100000008304139100→100000006866783100→100000008443341100,6,10000.0
100000008443341100→100000008477350100→100000007639767100→100000004400305100→100000004390333100→100000006866783100→100000008443341100,6,10000.0
100000008443341100→100000008477350100→100000007593823100→100000008111003100→100000003796063100→100000006866783100→100000008443341100,6,10000.0
100000008603629100→100000007639767100→100000006866783100→100000004390333100→100000008477350100→100000005910114100→100000008603629100,6,10000.0
100000004351795100→100000008603629100→100000007639767100→100000004400305100→100000004390333100→100000006866783100→100000004351795100,6,10000.0
100000008086440100→100000008603629100→100000007639767100→100000006866783100→100000008443341100→100000008477350100→100000008086440100,6,10000.0
100000004390333100→100000000437046100→100000007639767100→100000004400305100→100000008304139100→100000006866783100→100000004390333100,6,10000.0
100000004070318100→100000008603629100→100000004351795100→100000000437046100→100000007639767100→100000004400305100→100000004070318100,6,10000.0
100000004070318100→100000008603629100→100000004351795100→100000000437046100→100000007639767100→100000006866783100→100000004070318100,6,10000.0
100000004070318100→100000008603629100→100000008686313100→100000000437046100→100000007639767100→100000004400305100→100000004070318100,6,10000.0
100000004070318100→100000008603629100→100000008686313100→100000000437046100→100000007639767100→100000006866783100→100000004070318100,6,10000.0
100000004070318100→100000008603629100→100000008686313100→100000008477350100→100000007639767100→100000004400305100→100000004070318100,6,10000.0
100000004390333100→100000006866783100→100000000089154100→100000000437046100→100000007639767100→100000004400305100→100000004390333100,6,10000.0
100000004390333100→100000006866783100→100000007639767100→100000004400305100→100000004390333100,4,10000.0
100000004351795100→100000003242289100→100000004140487100→100000008603629100→100000007639767100→100000006866783100→100000004351795100,6,10000.0
100000004070318100→100000004400305100→100000008304139100→100000000437046100→100000007639767100→100000006866783100→100000004070318100,6,10000.0
100000004070318100→100000004400305100→100000008304139100→100000008477350100→100000007639767100→100000006866783100→100000004070318100,6,10000.0
100000004070318100→100000004400305100→100000008304139100→100000006866783100→100000000089154100→100000000437046100→100000004070318100,6,10000.0
100000004390333100→100000000437046100→100000007639767100→100000004400305100→100000005910114100→100000006866783100→100000004390333100,6,10000.0
100000004070318100→100000004400305100→100000007593823100→100000008111003100→100000003796063100→100000006866783100→100000004070318100,6,10000.0
100000004390333100→100000006866783100→100000008304139100→100000008477350100→100000007639767100→100000004400305100→100000004390333100,6,10000.0
100000004390333100→100000000437046100→100000007639767100→100000004400305100→100000004390333100,4,10000.0
100000004351795100→100000000437046100→100000007639767100→100000004400305100→100000008304139100→100000008603629100→100000004351795100,6,10000.0
100000004351795100→100000000437046100→100000007639767100→100000004400305100→100000001609499100→100000006866783100→100000004351795100,6,10000.0
100000004351795100→100000000437046100→100000007639767100→100000004400305100→100000002723538100→100000008603629100→100000004351795100,6,10000.0
100000004351795100→100000000437046100→100000007639767100→100000004400305100→100000005910114100→100000008603629100→100000004351795100,6,10000.0
100000004351795100→100000000437046100→100000007639767100→100000004400305100→100000005910114100→100000006866783100→100000004351795100,6,10000.0
100000004351795100→100000000437046100→100000007639767100→100000004400305100→100000004390333100→100000006866783100→100000004351795100,6,10000.0
100000004351795100→100000000437046100→100000007639767100→100000004400305100→100000004390333100→100000008603629100→100000004351795100,6,10000.0
100000004351795100→100000003242289100→100000004140487100→100000004400305100→100000003213473100→100000006866783100→100000004351795100,6,10000.0
100000004351795100→100000008603629100→100000007639767100→100000004400305100→100000008304139100→100000006866783100→100000004351795100,6,10000.0
100000004351795100→100000008603629100→100000007639767100→100000004400305100→100000001609499100→100000006866783100→100000004351795100,6,10000.0
100000004351795100→100000008603629100→100000007639767100→100000004400305100→100000005910114100→100000006866783100→100000004351795100,6,10000.0
100000004070318100→100000004400305100→100000008304139100→100000008603629100→100000007639767100→100000006866783100→100000004070318100,6,10000.0
100000004070318100→100000008603629100→100000007639767100→100000004400305100→100000004390333100→100000000437046100→100000004070318100,6,10000.0
100000004070318100→100000008603629100→100000007639767100→100000004400305100→100000002645993100→100000008413748100→100000004070318100,6,10000.0
100000004070318100→100000008603629100→100000007639767100→100000004400305100→100000008587459100→100000006866783100→100000004070318100,6,10000.0
100000004070318100→100000004400305100→100000005910114100→100000006866783100→100000000089154100→100000000437046100→100000004070318100,6,10000.0
100000004070318100→100000004400305100→100000005048668100→100000008603629100→100000007639767100→100000006866783100→100000004070318100,6,10000.0
100000004070318100→100000004400305100→100000001609499100→100000006866783100→100000000089154100→100000000437046100→100000004070318100,6,10000.0
100000004351795100→100000003242289100→100000008304139100→100000000437046100→100000007639767100→100000006866783100→100000004351795100,6,10000.0
100000004351795100→100000003242289100→100000008304139100→100000008477350100→100000007639767100→100000006866783100→100000004351795100,6,10000.0
100000004351795100→100000003242289100→100000008304139100→100000008603629100→100000007639767100→100000006866783100→100000004351795100,6,10000.0
100000008086440100→100000008603629100→100000007639767100→100000006866783100→100000004390333100→100000008477350100→100000008086440100,6,10000.0
100000008086440100→100000000437046100→100000007639767100→100000004400305100→100000004390333100→100000008477350100→100000008086440100,6,10000.0
100000008086440100→100000000437046100→100000007639767100→100000004400305100→100000008304139100→100000008477350100→100000008086440100,6,10000.0
100000008086440100→100000000437046100→100000007639767100→100000006866783100→100000004390333100→100000008477350100→100000008086440100,6,10000.0
100000008086440100→100000000437046100→100000007639767100→100000006866783100→100000008443341100→100000008477350100→100000008086440100,6,10000.0
100000004351795100→100000008603629100→100000003582677100→100000008111003100→100000003796063100→100000006866783100→100000004351795100,6,10000.0
100000004070318100→100000004400305100→100000002723538100→100000008603629100→100000007639767100→100000006866783100→100000004070318100,6,10000.0
100000004070318100→100000004400305100→100000005910114100→100000008603629100→100000007639767100→100000006866783100→100000004070318100,6,10000.0
100000008086440100→100000008603629100→100000007639767100→100000006866783100→100000001660397100→100000008477350100→100000008086440100,6,10000.0
100000008086440100→100000008603629100→100000007639767100→100000006866783100→100000002306369100→100000008477350100→100000008086440100,6,10000.0
100000008086440100→100000008603629100→100000007639767100→100000006866783100→100000008304139100→100000008477350100→100000008086440100,6,10000.0
100000008086440100→100000000437046100→100000007639767100→100000006866783100→100000002306369100→100000008477350100→100000008086440100,6,10000.0
100000008086440100→100000000437046100→100000007639767100→100000006866783100→100000008304139100→100000008477350100→100000008086440100,6,10000.0
100000008086440100→100000008603629100→100000003582677100→100000008111003100→100000003796063100→100000008477350100→100000008086440100,6,10000.0
100000008086440100→100000008603629100→100000007639767100→100000004400305100→100000004390333100→100000008477350100→100000008086440100,6,10000.0
100000008086440100→100000008603629100→100000007639767100→100000004400305100→100000008304139100→100000008477350100→100000008086440100,6,10000.0
100000007593823100→100000008111003100→100000003796063100→100000008477350100→100000007639767100→100000004400305100→100000007593823100,6,10000.0
100000004070318100→100000008603629100→100000001660397100→100000008477350100→100000007639767100→100000004400305100→100000004070318100,6,10000.0
100000004390333100→100000000437046100→100000007639767100→100000004400305100→100000001609499100→100000006866783100→100000004390333100,6,10000.0
100000004351795100→100000008603629100→100000001660397100→100000008477350100→100000007639767100→100000006866783100→100000004351795100,6,10000.0
100000004351795100→100000008603629100→100000003582677100→100000008111003100→100000003796063100→100000008346837100→100000004351795100,6,10000.0
100000008086440100→100000000437046100→100000007639767100→100000006866783100→100000001660397100→100000008477350100→100000008086440100,6,10000.0
100000004007116100→100000003616818100→100000004005964100→100000002731501100→100000004160650100→100000004007116100,5,10000.0
100000004007116100→100000003616818100→100000004005964100→100000002731501100→100000004007116100,4,10000.0
100000004007116100→100000003616818100→100000004160650100→100000004005964100→100000002731501100→100000004007116100,5,10000.0
100000005882013100→100000005074393100→100000005882013100,2,10000.0
100000008603629100→100000003582677100→100000008111003100→100000003796063100→100000008346837100→100000005910114100→100000008603629100,6,10000.0
100000008603629100→100000003582677100→100000008111003100→100000003796063100→100000008477350100→100000007639767100→100000008603629100,6,10000.0
100000004070318100→100000008346837100→100000005910114100→100000006866783100→100000000089154100→100000000437046100→100000004070318100,6,10000.0
100000004007116100→100000002731501100→100000004160650100→100000004005964100→100000004007116100,4,10000.0
100000004007116100→100000002731501100→100000004160650100→100000004007116100,3,10000.0
100000004007116100→100000002731501100→100000004160650100→100000003616818100→100000004005964100→100000004007116100,5,10000.0
100000004007116100→100000002731501100→100000004007116100,2,10000.0
100000004007116100→100000004005964100→100000003616818100→100000004160650100→100000004007116100,4,10000.0
100000004007116100→100000004005964100→100000003616818100→100000004160650100→100000002731501100→100000004007116100,5,10000.0
100000004007116100→100000004005964100→100000004007116100,2,10000.0
100000008686313100→100000008477350100→100000003968044100→100000008603629100→100000007639767100→100000006866783100→100000008686313100,6,10000.0
100000001660397100→100000008477350100→100000007639767100→100000004400305100→100000005910114100→100000006866783100→100000001660397100,6,10000.0
100000008686313100→100000008477350100→100000005910114100→100000008603629100→100000007639767100→100000006866783100→100000008686313100,6,10000.0
100000008413748100→100000008304139100→100000006866783100→100000007639767100→100000004400305100→100000002645993100→100000008413748100,6,10000.0
100000008686313100→100000006866783100→100000002306369100→100000008603629100→100000007639767100→100000004400305100→100000008686313100,6,10000.0
100000004007116100→100000004005964100→100000002731501100→100000004007116100,3,10000.0
100000004070318100→100000008346837100→100000005910114100→100000008603629100→100000007639767100→100000004400305100→100000004070318100,6,10000.0
100000004070318100→100000008346837100→100000005910114100→100000008603629100→100000007639767100→100000006866783100→100000004070318100,6,10000.0
100000008587459100→100000006866783100→100000007639767100→100000004400305100→100000008304139100→100000008587459100,5,10000.0
100000008686313100→100000008477350100→100000007639767100→100000004400305100→100000001609499100→100000006866783100→100000008686313100,6,10000.0
100000008686313100→100000008477350100→100000007639767100→100000004400305100→100000002723538100→100000008603629100→100000008686313100,6,10000.0
100000008686313100→100000008477350100→100000007639767100→100000004400305100→100000005910114100→100000008603629100→100000008686313100,6,10000.0
100000008686313100→100000008477350100→100000007639767100→100000004400305100→100000008686313100,4,10000.0
100000008686313100→100000008477350100→100000007639767100→100000004400305100→100000004390333100→100000006866783100→100000008686313100,6,10000.0
100000008686313100→100000008477350100→100000007639767100→100000004400305100→100000004390333100→100000008603629100→100000008686313100,6,10000.0
100000008686313100→100000008477350100→100000007639767100→100000004400305100→100000004390333100→100000000437046100→100000008686313100,6,10000.0
100000004070318100→100000004400305100→100000003213473100→100000006866783100→100000001660397100→100000008413748100→100000004070318100,6,10000.0
100000008686313100→100000008477350100→100000005910114100→100000008603629100→100000007639767100→100000004400305100→100000008686313100,6,10000.0
100000008686313100→100000006866783100→100000000089154100→100000008111003100→100000003796063100→100000000331309100→100000008686313100,6,10000.0
100000008686313100→100000006866783100→100000004390333100→100000008477350100→100000007639767100→100000004400305100→100000008686313100,6,10000.0
100000008686313100→100000006866783100→100000004390333100→100000008603629100→100000007639767100→100000004400305100→100000008686313100,6,10000.0
100000008686313100→100000006866783100→100000004351795100→100000000437046100→100000007639767100→100000004400305100→100000008686313100,6,10000.0
100000008686313100→100000006866783100→100000004847758100→100000008603629100→100000007639767100→100000004400305100→100000008686313100,6,10000.0
100000008686313100→100000006866783100→100000001660397100→100000008477350100→100000007639767100→100000004400305100→100000008686313100,6,10000.0
100000008587459100→100000006866783100→100000004390333100→100000008477350100→100000007639767100→100000004400305100→100000008587459100,6,10000.0
100000008587459100→100000006866783100→100000004390333100→100000008603629100→100000007639767100→100000004400305100→100000008587459100,6,10000.0
100000008587459100→100000006866783100→100000004390333100→100000000437046100→100000007639767100→100000004400305100→100000008587459100,6,10000.0
100000008686313100→100000006866783100→100000004390333100→100000000437046100→100000007639767100→100000004400305100→100000008686313100,6,10000.0
100000008686313100→100000006866783100→100000008443341100→100000008477350100→100000007639767100→100000004400305100→100000008686313100,6,10000.0
100000008686313100→100000006866783100→100000007639767100→100000004400305100→100000008686313100,4,10000.0
100000008686313100→100000006866783100→100000007639767100→100000004400305100→100000004390333100→100000008603629100→100000008686313100,6,10000.0
100000008686313100→100000006866783100→100000007639767100→100000004400305100→100000004390333100→100000000437046100→100000008686313100,6,10000.0
100000003917461100→100000004386258100→100000003917461100,2,10000.0
100000005142492100→100000002870463100→100000005142492100,2,10000.0
100000004070318100→100000008346837100→100000004351795100→100000008603629100→100000007639767100→100000006866783100→100000004070318100,6,10000.0
100000004070318100→100000008346837100→100000004351795100→100000000437046100→100000007639767100→100000004400305100→100000004070318100,6,10000.0
100000004070318100→100000008346837100→100000004351795100→100000000437046100→100000007639767100→100000006866783100→100000004070318100,6,10000.0
100000008413748100→100000008304139100→100000008603629100→100000007639767100→100000004400305100→100000002645993100→100000008413748100,6,10000.0
100000008413748100→100000008304139100→100000008603629100→100000007639767100→100000006866783100→100000001660397100→100000008413748100,6,10000.0
100000008587459100→100000006866783100→100000000089154100→100000000437046100→100000007639767100→100000004400305100→100000008587459100,6,10000.0
100000008587459100→100000006866783100→100000008443341100→100000008477350100→100000007639767100→100000004400305100→100000008587459100,6,10000.0
100000008603629100→100000001660397100→100000006866783100→100000007639767100→100000004400305100→100000002723538100→100000008603629100,6,10000.0
100000008603629100→100000001660397100→100000006866783100→100000007639767100→100000004400305100→100000005910114100→100000008603629100,6,10000.0
100000004070318100→100000008477350100→100000008086440100→100000000437046100→100000007639767100→100000004400305100→100000004070318100,6,10000.0
100000004070318100→100000008477350100→100000008086440100→100000000437046100→100000007639767100→100000006866783100→100000004070318100,6,10000.0
100000004070318100→100000008477350100→100000008086440100→100000008603629100→100000007639767100→100000004400305100→100000004070318100,6,10000.0
100000004070318100→100000008477350100→100000008086440100→100000008603629100→100000007639767100→100000006866783100→100000004070318100,6,10000.0
100000004070318100→100000008603629100→100000001660397100→100000008477350100→100000007639767100→100000006866783100→100000004070318100,6,10000.0
100000008686313100→100000006866783100→100000007639767100→100000004400305100→100000005910114100→100000008603629100→100000008686313100,6,10000.0
100000004070318100→100000008346837100→100000004351795100→100000008603629100→100000007639767100→100000004400305100→100000004070318100,6,10000.0
100000008603629100→100000001609499100→100000006866783100→100000000089154100→100000000437046100→100000007639767100→100000008603629100,6,10000.0
100000008603629100→100000007639767100→100000006866783100→100000002306369100→100000008477350100→100000003968044100→100000008603629100,6,10000.0
100000008603629100→100000007639767100→100000006866783100→100000002306369100→100000008477350100→100000005910114100→100000008603629100,6,10000.0
100000008603629100→100000007639767100→100000006866783100→100000002306369100→100000002723538100→100000008603629100,5,10000.0
100000008603629100→100000007639767100→100000006866783100→100000008304139100→100000008477350100→100000003968044100→100000008603629100,6,10000.0
100000008603629100→100000007639767100→100000004400305100→100000004390333100→100000008603629100,4,10000.0
100000008603629100→100000007639767100→100000004400305100→100000005048668100→100000008603629100,4,10000.0
100000008603629100→100000007639767100→100000004400305100→100000008304139100→100000008477350100→100000003968044100→100000008603629100,6,10000.0
100000008603629100→100000007639767100→100000004400305100→100000008304139100→100000008477350100→100000005910114100→100000008603629100,6,10000.0
100000008603629100→100000007639767100→100000004400305100→100000008304139100→100000006866783100→100000004390333100→100000008603629100,6,10000.0
100000008603629100→100000001609499100→100000006866783100→100000007639767100→100000004400305100→100000004390333100→100000008603629100,6,10000.0
100000008603629100→100000001609499100→100000006866783100→100000007639767100→100000004400305100→100000005048668100→100000008603629100,6,10000.0
100000008603629100→100000001609499100→100000006866783100→100000007639767100→100000004400305100→100000008304139100→100000008603629100,6,10000.0
100000008603629100→100000007639767100→100000004400305100→100000002723538100→100000003242289100→100000004140487100→100000008603629100,6,10000.0
100000008603629100→100000007639767100→100000004400305100→100000002723538100→100000008603629100,4,10000.0
100000004070318100→100000004400305100→100000003213473100→100000006866783100→100000004351795100→100000000437046100→100000004070318100,6,10000.0
100000008603629100→100000007639767100→100000004400305100→100000005910114100→100000001857829100→100000008603629100,5,10000.0
100000008603629100→100000007639767100→100000004400305100→100000008304139100→100000006866783100→100000002306369100→100000008603629100,6,10000.0
100000008603629100→100000007639767100→100000004400305100→100000008304139100→100000008603629100,4,10000.0
100000008603629100→100000007639767100→100000004400305100→100000008304139100→100000001857829100→100000003880331100→100000008603629100,6,10000.0
100000008603629100→100000007639767100→100000004400305100→100000008304139100→100000001857829100→100000008603629100,5,10000.0
100000008603629100→100000007639767100→100000004400305100→100000005910114100→100000006866783100→100000008304139100→100000008603629100,6,10000.0
100000008603629100→100000007639767100→100000004400305100→100000003213473100→100000006866783100→100000004390333100→100000008603629100,6,10000.0
100000008603629100→100000007639767100→100000004400305100→100000003213473100→100000006866783100→100000002306369100→100000008603629100,6,10000.0
100000008603629100→100000007639767100→100000004400305100→100000003213473100→100000006866783100→100000008304139100→100000008603629100,6,10000.0
100000008603629100→100000007639767100→100000004400305100→100000001609499100→100000006866783100→100000004390333100→100000008603629100,6,10000.0
100000008603629100→100000007639767100→100000004400305100→100000001609499100→100000006866783100→100000002306369100→100000008603629100,6,10000.0
100000008603629100→100000007639767100→100000004400305100→100000001609499100→100000006866783100→100000008304139100→100000008603629100,6,10000.0
100000008603629100→100000007639767100→100000004400305100→100000002723538100→100000003242289100→100000008304139100→100000008603629100,6,10000.0
100000004351795100→100000008603629100→100000007639767100→100000004400305100→100000003213473100→100000006866783100→100000004351795100,6,10000.0
100000001660397100→100000008477350100→100000007639767100→100000004400305100→100000003213473100→100000006866783100→100000001660397100,6,10000.0
100000008603629100→100000007639767100→100000004400305100→100000005910114100→100000001857829100→100000003880331100→100000008603629100,6,10000.0
100000004070318100→100000004400305100→100000003213473100→100000006866783100→100000004070318100,4,10000.0
100000004070318100→100000004400305100→100000003213473100→100000006866783100→100000008304139100→100000000437046100→100000004070318100,6,10000.0
100000004070318100→100000008477350100→100000007593823100→100000008111003100→100000003796063100→100000006866783100→100000004070318100,6,10000.0
100000008603629100→100000007639767100→100000004400305100→100000005910114100→100000008603629100,4,10000.0
100000008603629100→100000007639767100→100000004400305100→100000005910114100→100000006866783100→100000004390333100→100000008603629100,6,10000.0
100000008603629100→100000007639767100→100000004400305100→100000005910114100→100000006866783100→100000002306369100→100000008603629100,6,10000.0
100000004070318100→100000008477350100→100000007639767100→100000004400305100→100000008686313100→100000000437046100→100000004070318100,6,10000.0
100000004070318100→100000008477350100→100000007639767100→100000004400305100→100000008686313100→100000006866783100→100000004070318100,6,10000.0
100000004070318100→100000008477350100→100000007639767100→100000004400305100→100000004070318100,4,10000.0
100000004070318100→100000008477350100→100000007639767100→100000004400305100→100000004390333100→100000006866783100→100000004070318100,6,10000.0
100000004070318100→100000008477350100→100000007639767100→100000004400305100→100000004390333100→100000000437046100→100000004070318100,6,10000.0
100000004070318100→100000008477350100→100000007639767100→100000004400305100→100000002645993100→100000008413748100→100000004070318100,6,10000.0
100000004070318100→100000004400305100→100000003213473100→100000006866783100→100000007639767100→100000000437046100→100000004070318100,6,10000.0
100000004070318100→100000004400305100→100000003213473100→100000006866783100→100000008686313100→100000000437046100→100000004070318100,6,10000.0
100000004070318100→100000008477350100→100000007639767100→100000004400305100→100000008587459100→100000006866783100→100000004070318100,6,10000.0
100000008603629100→100000007639767100→100000006866783100→100000008304139100→100000001857829100→100000008603629100,5,10000.0
100000004070318100→100000008477350100→100000007639767100→100000004400305100→100000008304139100→100000006866783100→100000004070318100,6,10000.0
100000004070318100→100000008477350100→100000007639767100→100000004400305100→100000001609499100→100000006866783100→100000004070318100,6,10000.0
100000004070318100→100000008477350100→100000007639767100→100000004400305100→100000005910114100→100000006866783100→100000004070318100,6,10000.0
100000008603629100→100000003582677100→100000008111003100→100000003796063100→100000008477350100→100000003968044100→100000008603629100,6,10000.0
100000008603629100→100000003582677100→100000008111003100→100000003796063100→100000008477350100→100000005910114100→100000008603629100,6,10000.0
100000008603629100→100000003582677100→100000008111003100→100000003796063100→100000006866783100→100000004390333100→100000008603629100,6,10000.0
100000008603629100→100000003582677100→100000008111003100→100000003796063100→100000006866783100→100000007639767100→100000008603629100,6,10000.0
100000008603629100→100000003582677100→100000008111003100→100000003796063100→100000006866783100→100000002306369100→100000008603629100,6,10000.0
100000008603629100→100000003582677100→100000008111003100→100000003796063100→100000006866783100→100000008304139100→100000008603629100,6,10000.0
100000008603629100→100000007639767100→100000004400305100→100000004390333100→100000008477350100→100000003968044100→100000008603629100,6,10000.0
100000008603629100→100000007639767100→100000004400305100→100000004390333100→100000008477350100→100000005910114100→100000008603629100,6,10000.0
100000008603629100→100000007639767100→100000004400305100→100000004390333100→100000006866783100→100000002306369100→100000008603629100,6,10000.0
100000008603629100→100000007639767100→100000004400305100→100000004390333100→100000006866783100→100000008304139100→100000008603629100,6,10000.0
100000008603629100→100000001609499100→100000006866783100→100000007639767100→100000004400305100→100000002723538100→100000008603629100,6,10000.0
100000008603629100→100000001609499100→100000006866783100→100000007639767100→100000004400305100→100000005910114100→100000008603629100,6,10000.0
100000004070318100→100000008477350100→100000007639767100→100000004400305100→100000008304139100→100000000437046100→100000004070318100,6,10000.0
100000008686313100→100000008477350100→100000007639767100→100000006866783100→100000004390333100→100000008603629100→100000008686313100,6,10000.0
100000008686313100→100000008477350100→100000007639767100→100000006866783100→100000004390333100→100000000437046100→100000008686313100,6,10000.0
100000008686313100→100000008477350100→100000007639767100→100000006866783100→100000008686313100,4,10000.0
100000008686313100→100000008477350100→100000007639767100→100000006866783100→100000004403675100→100000000331309100→100000008686313100,6,10000.0
100000008686313100→100000008477350100→100000007639767100→100000004400305100→100000004847758100→100000008603629100→100000008686313100,6,10000.0
100000008686313100→100000008477350100→100000007639767100→100000004400305100→100000005048668100→100000008603629100→100000008686313100,6,10000.0
100000008686313100→100000008477350100→100000007639767100→100000004400305100→100000008304139100→100000000437046100→100000008686313100,6,10000.0
100000008686313100→100000008477350100→100000007639767100→100000004400305100→100000008304139100→100000006866783100→100000008686313100,6,10000.0
100000008304139100→100000008477350100→100000007639767100→100000004400305100→100000001609499100→100000006866783100→100000008304139100,6,10000.0
100000008304139100→100000008477350100→100000007639767100→100000004400305100→100000003213473100→100000006866783100→100000008304139100,6,10000.0
100000008686313100→100000008477350100→100000007639767100→100000006866783100→100000008137435100→100000008686313100,5,10000.0
100000008686313100→100000008477350100→100000007639767100→100000006866783100→100000004351795100→100000008603629100→100000008686313100,6,10000.0
100000008686313100→100000008477350100→100000007639767100→100000006866783100→100000004351795100→100000000437046100→100000008686313100,6,10000.0
100000008686313100→100000008477350100→100000007639767100→100000004400305100→100000005910114100→100000006866783100→100000008686313100,6,10000.0
100000004351795100→100000000437046100→100000007639767100→100000004400305100→100000008304139100→100000006866783100→100000004351795100,6,10000.0
100000008686313100→100000008477350100→100000007639767100→100000006866783100→100000000089154100→100000000437046100→100000008686313100,6,10000.0
100000008304139100→100000006866783100→100000002306369100→100000008477350100→100000007639767100→100000004400305100→100000008304139100,6,10000.0
100000002723538100→100000003242289100→100000008304139100→100000000437046100→100000007639767100→100000004400305100→100000002723538100,6,10000.0
100000002723538100→100000003242289100→100000008304139100→100000008477350100→100000007639767100→100000004400305100→100000002723538100,6,10000.0
100000008304139100→100000000437046100→100000007639767100→100000004400305100→100000001609499100→100000006866783100→100000008304139100,6,10000.0
100000008304139100→100000000437046100→100000007639767100→100000004400305100→100000003213473100→100000006866783100→100000008304139100,6,10000.0
100000008304139100→100000000437046100→100000007639767100→100000006866783100→100000008304139100,4,10000.0
100000008304139100→100000008477350100→100000007593823100→100000008111003100→100000003796063100→100000006866783100→100000008304139100,6,10000.0
100000008304139100→100000008477350100→100000007639767100→100000004400305100→100000008304139100,4,10000.0
100000008686313100→100000000437046100→100000007639767100→100000004400305100→100000008686313100,4,10000.0
100000008686313100→100000000437046100→100000007639767100→100000004400305100→100000004390333100→100000006866783100→100000008686313100,6,10000.0
100000005910114100→100000008111003100→100000003796063100→100000008477350100→100000007639767100→100000004400305100→100000005910114100,6,10000.0
100000005910114100→100000008111003100→100000003796063100→100000006866783100→100000007639767100→100000004400305100→100000005910114100,6,10000.0
100000005910114100→100000006866783100→100000007639767100→100000004400305100→100000008304139100→100000008477350100→100000005910114100,6,10000.0
100000002723538100→100000003242289100→100000008304139100→100000006866783100→100000007639767100→100000004400305100→100000002723538100,6,10000.0
100000008686313100→100000008477350100→100000007639767100→100000004400305100→100000003213473100→100000006866783100→100000008686313100,6,10000.0
100000008686313100→100000000437046100→100000007639767100→100000004400305100→100000004390333100→100000008603629100→100000008686313100,6,10000.0
100000008686313100→100000000437046100→100000007639767100→100000004400305100→100000004847758100→100000008603629100→100000008686313100,6,10000.0
100000008686313100→100000000437046100→100000007639767100→100000004400305100→100000005048668100→100000008603629100→100000008686313100,6,10000.0
100000008686313100→100000000437046100→100000007639767100→100000004400305100→100000008304139100→100000006866783100→100000008686313100,6,10000.0
100000008686313100→100000000437046100→100000007639767100→100000004400305100→100000008304139100→100000008603629100→100000008686313100,6,10000.0
100000008686313100→100000000437046100→100000007639767100→100000004400305100→100000001609499100→100000006866783100→100000008686313100,6,10000.0
100000008686313100→100000000437046100→100000007639767100→100000004400305100→100000002723538100→100000008603629100→100000008686313100,6,10000.0
100000008686313100→100000000437046100→100000007639767100→100000004400305100→100000005910114100→100000008603629100→100000008686313100,6,10000.0
100000008686313100→100000008477350100→100000007593823100→100000008111003100→100000003796063100→100000006866783100→100000008686313100,6,10000.0
100000008686313100→100000000437046100→100000007639767100→100000004400305100→100000005910114100→100000006866783100→100000008686313100,6,10000.0
100000008686313100→100000000437046100→100000007639767100→100000004400305100→100000003213473100→100000006866783100→100000008686313100,6,10000.0
100000008686313100→100000000437046100→100000007639767100→100000006866783100→100000004390333100→100000008603629100→100000008686313100,6,10000.0
100000008686313100→100000000437046100→100000007639767100→100000006866783100→100000008686313100,4,10000.0
100000008686313100→100000000437046100→100000007639767100→100000006866783100→100000004403675100→100000000331309100→100000008686313100,6,10000.0
100000008686313100→100000000437046100→100000007639767100→100000006866783100→100000008137435100→100000008686313100,5,10000.0
100000004070318100→100000006866783100→100000001660397100→100000008477350100→100000007639767100→100000004400305100→100000004070318100,6,10000.0
100000004070318100→100000006866783100→100000004351795100→100000008603629100→100000007639767100→100000004400305100→100000004070318100,6,10000.0
100000008686313100→100000008603629100→100000007639767100→100000004400305100→100000008686313100,4,10000.0
100000008686313100→100000008603629100→100000007639767100→100000004400305100→100000004390333100→100000006866783100→100000008686313100,6,10000.0
100000008686313100→100000008603629100→100000007639767100→100000004400305100→100000004390333100→100000000437046100→100000008686313100,6,10000.0
100000008686313100→100000000437046100→100000007639767100→100000006866783100→100000002306369100→100000008603629100→100000008686313100,6,10000.0
100000008686313100→100000000437046100→100000007639767100→100000006866783100→100000008304139100→100000008603629100→100000008686313100,6,10000.0
100000008686313100→100000000437046100→100000007639767100→100000006866783100→100000004847758100→100000008603629100→100000008686313100,6,10000.0
100000008686313100→100000008477350100→100000007593823100→100000008111003100→100000003796063100→100000000331309100→100000008686313100,6,10000.0
100000008686313100→100000008603629100→100000007639767100→100000004400305100→100000001609499100→100000006866783100→100000008686313100,6,10000.0
100000008686313100→100000008603629100→100000007639767100→100000004400305100→100000005910114100→100000006866783100→100000008686313100,6,10000.0
100000008686313100→100000008603629100→100000007639767100→100000004400305100→100000003213473100→100000006866783100→100000008686313100,6,10000.0
100000008686313100→100000008603629100→100000007639767100→100000006866783100→100000000089154100→100000000437046100→100000008686313100,6,10000.0
100000008686313100→100000008603629100→100000007639767100→100000006866783100→100000004390333100→100000000437046100→100000008686313100,6,10000.0
100000008686313100→100000008603629100→100000007639767100→100000006866783100→100000008686313100,4,10000.0
100000004070318100→100000006866783100→100000008686313100→100000008477350100→100000007639767100→100000004400305100→100000004070318100,6,10000.0
100000008686313100→100000000437046100→100000007639767100→100000006866783100→100000004351795100→100000008603629100→100000008686313100,6,10000.0
100000008587459100→100000006866783100→100000008686313100→100000008603629100→100000007639767100→100000004400305100→100000008587459100,6,10000.0
100000008587459100→100000006866783100→100000008686313100→100000000437046100→100000007639767100→100000004400305100→100000008587459100,6,10000.0
100000008587459100→100000006866783100→100000008686313100→100000008477350100→100000007639767100→100000004400305100→100000008587459100,6,10000.0
100000008587459100→100000006866783100→100000001660397100→100000008477350100→100000007639767100→100000004400305100→100000008587459100,6,10000.0
100000008587459100→100000006866783100→100000004351795100→100000008603629100→100000007639767100→100000004400305100→100000008587459100,6,10000.0
100000005519998100→100000004017410100→100000003934614100→100000004336312100→100000005519998100,4,10000.0
100000004070318100→100000008603629100→100000001609499100→100000006866783100→100000007639767100→100000004400305100→100000004070318100,6,10000.0
100000002741024100→100000001439416100→100000002741024100,2,10000.0
100000003636627100→100000002692750100→100000003636627100,2,10000.0
100000004017410100→100000003934614100→100000004336312100→100000004017410100,3,10000.0
100000004070318100→100000008346837100→100000005910114100→100000006866783100→100000007639767100→100000004400305100→100000004070318100,6,10000.0
100000008474308100→100000008443341100→100000008474308100,2,10000.0
100000004160650100→100000004005964100→100000002731501100→100000004160650100,3,10000.0
100000003509750100→100000004697956100→100000003509750100,2,10000.0
100000008304139100→100000008477350100→100000007639767100→100000006866783100→100000008304139100,4,10000.0
100000008603629100→100000001660397100→100000006866783100→100000007639767100→100000004400305100→100000008304139100→100000008603629100,6,10000.0
100000004070318100→100000008477350100→100000007639767100→100000006866783100→100000000089154100→100000000437046100→100000004070318100,6,10000.0
100000008686313100→100000008477350100→100000007639767100→100000004400305100→100000008304139100→100000008603629100→100000008686313100,6,10000.0
100000008686313100→100000006866783100→100000007639767100→100000004400305100→100000004847758100→100000008603629100→100000008686313100,6,10000.0
100000004070318100→100000004400305100→100000003213473100→100000006866783100→100000000089154100→100000000437046100→100000004070318100,6,10000.0
100000004070318100→100000004400305100→100000003213473100→100000006866783100→100000004390333100→100000000437046100→100000004070318100,6,10000.0
100000008603629100→100000001660397100→100000008477350100→100000007639767100→100000006866783100→100000004390333100→100000008603629100,6,10000.0
100000008603629100→100000001660397100→100000008477350100→100000007639767100→100000006866783100→100000002306369100→100000008603629100,6,10000.0
100000008603629100→100000001660397100→100000008477350100→100000007639767100→100000006866783100→100000008304139100→100000008603629100,6,10000.0
100000008686313100→100000006866783100→100000004351795100→100000008603629100→100000007639767100→100000004400305100→100000008686313100,6,10000.0
100000008587459100→100000006866783100→100000004351795100→100000000437046100→100000007639767100→100000004400305100→100000008587459100,6,10000.0
100000008587459100→100000006866783100→100000002306369100→100000008603629100→100000007639767100→100000004400305100→100000008587459100,6,10000.0
100000008587459100→100000006866783100→100000002306369100→100000008477350100→100000007639767100→100000004400305100→100000008587459100,6,10000.0
100000008686313100→100000006866783100→100000007639767100→100000004400305100→100000005048668100→100000008603629100→100000008686313100,6,10000.0
100000008686313100→100000006866783100→100000007639767100→100000004400305100→100000008304139100→100000000437046100→100000008686313100,6,10000.0
100000004007116100→100000004005964100→100000002731501100→100000004160650100→100000004007116100,4,10000.0
100000008304139100→100000006866783100→100000007639767100→100000004400305100→100000008304139100,4,10000.0
100000008587459100→100000006866783100→100000007639767100→100000004400305100→100000008587459100,4,10000.0
100000004070318100→100000008477350100→100000007639767100→100000006866783100→100000004390333100→100000000437046100→100000004070318100,6,10000.0
100000004070318100→100000008477350100→100000007639767100→100000006866783100→100000008686313100→100000000437046100→100000004070318100,6,10000.0
100000004070318100→100000008477350100→100000007639767100→100000006866783100→100000001660397100→100000008413748100→100000004070318100,6,10000.0
100000004070318100→100000008477350100→100000007639767100→100000006866783100→100000004351795100→100000000437046100→100000004070318100,6,10000.0
100000008603629100→100000001660397100→100000006866783100→100000000089154100→100000000437046100→100000007639767100→100000008603629100,6,10000.0
100000008603629100→100000001660397100→100000006866783100→100000007639767100→100000004400305100→100000004390333100→100000008603629100,6,10000.0
100000008603629100→100000001660397100→100000006866783100→100000007639767100→100000004400305100→100000005048668100→100000008603629100,6,10000.0
100000008603629100→100000001660397100→100000008477350100→100000007639767100→100000004400305100→100000002723538100→100000008603629100,6,10000.0
100000008603629100→100000001660397100→100000008477350100→100000007639767100→100000004400305100→100000005910114100→100000008603629100,6,10000.0
100000004070318100→100000008477350100→100000007639767100→100000006866783100→100000004070318100,4,10000.0
100000004070318100→100000008477350100→100000007639767100→100000006866783100→100000008304139100→100000000437046100→100000004070318100,6,10000.0
100000004070318100→100000008477350100→100000003968044100→100000008603629100→100000007639767100→100000004400305100→100000004070318100,6,10000.0
100000004070318100→100000008477350100→100000003968044100→100000008603629100→100000007639767100→100000006866783100→100000004070318100,6,10000.0
100000008686313100→100000006866783100→100000008304139100→100000008603629100→100000007639767100→100000004400305100→100000008686313100,6,10000.0
100000004070318100→100000008477350100→100000007639767100→100000004400305100→100000003213473100→100000006866783100→100000004070318100,6,10000.0
100000008413748100→100000008304139100→100000000437046100→100000007639767100→100000004400305100→100000002645993100→100000008413748100,6,10000.0
100000008413748100→100000008304139100→100000000437046100→100000007639767100→100000006866783100→100000001660397100→100000008413748100,6,10000.0
100000008413748100→100000008304139100→100000008477350100→100000007639767100→100000004400305100→100000002645993100→100000008413748100,6,10000.0
100000008413748100→100000008304139100→100000008477350100→100000007639767100→100000006866783100→100000001660397100→100000008413748100,6,10000.0
100000008603629100→100000001660397100→100000008477350100→100000007639767100→100000004400305100→100000004390333100→100000008603629100,6,10000.0
100000008603629100→100000001660397100→100000008477350100→100000007639767100→100000004400305100→100000005048668100→100000008603629100,6,10000.0
100000008603629100→100000001660397100→100000008477350100→100000007639767100→100000004400305100→100000008304139100→100000008603629100,6,10000.0
100000008686313100→100000006866783100→100000007639767100→100000004400305100→100000002723538100→100000008603629100→100000008686313100,6,10000.0
100000003390036100→100000005873152100→100000003360542100→100000003390036100,3,10000.0
100000003390036100→100000005873152100→100000003360542100→100000003115284100→100000003390036100,4,10000.0
100000004160650100→100000003616818100→100000004005964100→100000002731501100→100000004160650100,4,10000.0
100000008686313100→100000006866783100→100000002306369100→100000008477350100→100000007639767100→100000004400305100→100000008686313100,6,10000.0
100000008686313100→100000006866783100→100000008304139100→100000000437046100→100000007639767100→100000004400305100→100000008686313100,6,10000.0
100000008686313100→100000006866783100→100000008304139100→100000008477350100→100000007639767100→100000004400305100→100000008686313100,6,10000.0
100000004070318100→100000008477350100→100000005910114100→100000008603629100→100000007639767100→100000004400305100→100000004070318100,6,10000.0
100000004390333100→100000008477350100→100000007639767100→100000004400305100→100000005910114100→100000006866783100→100000004390333100,6,10000.0
100000004390333100→100000008477350100→100000007639767100→100000004400305100→100000003213473100→100000006866783100→100000004390333100,6,10000.0
100000004390333100→100000008477350100→100000007639767100→100000006866783100→100000004390333100,4,10000.0
100000004351795100→100000000437046100→100000007639767100→100000006866783100→100000004351795100,4,10000.0
100000004351795100→100000000437046100→100000007639767100→100000006866783100→100000002306369100→100000008603629100→100000004351795100,6,10000.0
100000004351795100→100000000437046100→100000007639767100→100000006866783100→100000008304139100→100000008603629100→100000004351795100,6,10000.0
100000000089154100→100000000437046100→100000007639767100→100000004400305100→100000001609499100→100000006866783100→100000000089154100,6,10000.0
100000000089154100→100000000437046100→100000007639767100→100000004400305100→100000005910114100→100000006866783100→100000000089154100,6,10000.0
100000000089154100→100000000437046100→100000007639767100→100000004400305100→100000003213473100→100000006866783100→100000000089154100,6,10000.0
100000000089154100→100000000437046100→100000007639767100→100000006866783100→100000000089154100,4,10000.0
100000000089154100→100000000437046100→100000007639767100→100000004400305100→100000008304139100→100000006866783100→100000000089154100,6,10000.0
100000004847758100→100000008603629100→100000004351795100→100000000437046100→100000007639767100→100000004400305100→100000004847758100,6,10000.0
100000004847758100→100000008603629100→100000004351795100→100000000437046100→100000007639767100→100000006866783100→100000004847758100,6,10000.0
100000004070318100→100000004400305100→100000004390333100→100000008603629100→100000007639767100→100000006866783100→100000004070318100,6,10000.0
100000004070318100→100000006866783100→100000002306369100→100000008603629100→100000007639767100→100000004400305100→100000004070318100,6,10000.0
100000004070318100→100000004400305100→100000008587459100→100000006866783100→100000000089154100→100000000437046100→100000004070318100,6,10000.0
100000004351795100→100000000437046100→100000007639767100→100000004400305100→100000003213473100→100000006866783100→100000004351795100,6,10000.0
100000004351795100→100000000437046100→100000007639767100→100000006866783100→100000004390333100→100000008603629100→100000004351795100,6,10000.0
100000000089154100→100000008111003100→100000003796063100→100000008477350100→100000005910114100→100000006866783100→100000000089154100,6,10000.0
100000000089154100→100000008111003100→100000003796063100→100000006866783100→100000000089154100,4,10000.0
100000000089154100→100000006866783100→100000000089154100,2,10000.0
100000004390333100→100000008477350100→100000007593823100→100000008111003100→100000003796063100→100000006866783100→100000004390333100,6,10000.0
100000004070318100→100000004400305100→100000004847758100→100000008603629100→100000007639767100→100000006866783100→100000004070318100,6,10000.0
100000004070318100→100000008603629100→100000007639767100→100000006866783100→100000000089154100→100000000437046100→100000004070318100,6,10000.0
100000004070318100→100000008603629100→100000007639767100→100000006866783100→100000004390333100→100000000437046100→100000004070318100,6,10000.0
100000004070318100→100000008603629100→100000007639767100→100000006866783100→100000008686313100→100000000437046100→100000004070318100,6,10000.0
100000004070318100→100000008603629100→100000007639767100→100000006866783100→100000001660397100→100000008413748100→100000004070318100,6,10000.0
100000004070318100→100000008603629100→100000007639767100→100000006866783100→100000004351795100→100000000437046100→100000004070318100,6,10000.0
100000004070318100→100000008603629100→100000007639767100→100000006866783100→100000004070318100,4,10000.0
100000004070318100→100000008603629100→100000007639767100→100000006866783100→100000008304139100→100000000437046100→100000004070318100,6,10000.0
100000004070318100→100000004400305100→100000004390333100→100000000437046100→100000007639767100→100000006866783100→100000004070318100,6,10000.0
100000004351795100→100000008603629100→100000007639767100→100000006866783100→100000004351795100,4,10000.0
100000004351795100→100000000437046100→100000007639767100→100000004400305100→100000005048668100→100000008603629100→100000004351795100,6,10000.0
100000008686313100→100000006866783100→100000007639767100→100000004400305100→100000008304139100→100000008603629100→100000008686313100,6,10000.0
100000006866783100→100000002306369100→100000008477350100→100000007639767100→100000004400305100→100000003213473100→100000006866783100,6,10000.0
100000006866783100→100000002306369100→100000008477350100→100000007639767100→100000006866783100,4,10000.0
100000006866783100→100000002306369100→100000008111003100→100000003796063100→100000008477350100→100000007639767100→100000006866783100,6,10000.0
100000008304139100→100000000437046100→100000007639767100→100000004400305100→100000008304139100,4,10000.0
100000006866783100→100000007639767100→100000004400305100→100000007593823100→100000008111003100→100000003796063100→100000006866783100,6,10000.0
100000006866783100→100000007639767100→100000004400305100→100000001609499100→100000006866783100,4,10000.0
100000006866783100→100000007639767100→100000004400305100→100000003213473100→100000006866783100,4,10000.0
100000006866783100→100000007639767100→100000006866783100,2,10000.0
100000008686313100→100000008477350100→100000007639767100→100000006866783100→100000008304139100→100000000437046100→100000008686313100,6,10000.0
100000008686313100→100000008477350100→100000007639767100→100000006866783100→100000008304139100→100000008603629100→100000008686313100,6,10000.0
100000008686313100→100000008477350100→100000007639767100→100000006866783100→100000004847758100→100000008603629100→100000008686313100,6,10000.0
100000008686313100→100000008477350100→100000003968044100→100000008603629100→100000007639767100→100000004400305100→100000008686313100,6,10000.0
100000004390333100→100000008477350100→100000007639767100→100000004400305100→100000001609499100→100000006866783100→100000004390333100,6,10000.0
100000004070318100→100000006866783100→100000000089154100→100000000437046100→100000007639767100→100000004400305100→100000004070318100,6,10000.0
100000006866783100→100000002306369100→100000008477350100→100000007593823100→100000008111003100→100000003796063100→100000006866783100,6,10000.0
100000006866783100→100000002306369100→100000008477350100→100000007639767100→100000004400305100→100000001609499100→100000006866783100,6,10000.0
100000004390333100→100000008477350100→100000005910114100→100000006866783100→100000007639767100→100000004400305100→100000004390333100,6,10000.0
100000000089154100→100000008111003100→100000003796063100→100000008346837100→100000005910114100→100000006866783100→100000000089154100,6,10000.0
100000008686313100→100000008477350100→100000005910114100→100000006866783100→100000000089154100→100000000437046100→100000008686313100,6,10000.0
100000008686313100→100000008477350100→100000005910114100→100000006866783100→100000007639767100→100000004400305100→100000008686313100,6,10000.0
100000004070318100→100000006866783100→100000004390333100→100000008477350100→100000007639767100→100000004400305100→100000004070318100,6,10000.0
100000004070318100→100000006866783100→100000004390333100→100000008603629100→100000007639767100→100000004400305100→100000004070318100,6,10000.0
100000004070318100→100000006866783100→100000004390333100→100000000437046100→100000007639767100→100000004400305100→100000004070318100,6,10000.0
100000008686313100→100000008477350100→100000007639767100→100000006866783100→100000002306369100→100000008603629100→100000008686313100,6,10000.0
100000004390333100→100000006866783100→100000002306369100→100000008477350100→100000007639767100→100000004400305100→100000004390333100,6,10000.0
100000004390333100→100000006866783100→100000008304139100→100000000437046100→100000007639767100→100000004400305100→100000004390333100,6,10000.0
100000004390333100→100000008477350100→100000007639767100→100000004400305100→100000004390333100,4,10000.0
100000004390333100→100000008477350100→100000007639767100→100000004400305100→100000008304139100→100000006866783100→100000004390333100,6,10000.0
100000004070318100→100000006866783100→100000000089154100→100000000437046100→100000004070318100,4,10000.0
100000008686313100→100000008603629100→100000007639767100→100000006866783100→100000008137435100→100000008686313100,5,10000.0
100000008686313100→100000008603629100→100000007639767100→100000006866783100→100000004351795100→100000000437046100→100000008686313100,6,10000.0
100000008686313100→100000008603629100→100000007639767100→100000006866783100→100000008304139100→100000000437046100→100000008686313100,6,10000.0
100000008686313100→100000008603629100→100000001609499100→100000006866783100→100000000089154100→100000000437046100→100000008686313100,6,10000.0
100000008686313100→100000008603629100→100000001609499100→100000006866783100→100000007639767100→100000004400305100→100000008686313100,6,10000.0
100000008686313100→100000008603629100→100000007639767100→100000004400305100→100000008304139100→100000000437046100→100000008686313100,6,10000.0
100000008686313100→100000008603629100→100000007639767100→100000004400305100→100000008304139100→100000006866783100→100000008686313100,6,10000.0
100000008686313100→100000008603629100→100000003582677100→100000008111003100→100000003796063100→100000006866783100→100000008686313100,6,10000.0
100000004070318100→100000004400305100→100000008686313100→100000006866783100→100000000089154100→100000000437046100→100000004070318100,6,10000.0
100000004070318100→100000004400305100→100000004390333100→100000008477350100→100000007639767100→100000006866783100→100000004070318100,6,10000.0
100000004070318100→100000004400305100→100000004390333100→100000006866783100→100000000089154100→100000000437046100→100000004070318100,6,10000.0
100000008686313100→100000008603629100→100000004351795100→100000000437046100→100000007639767100→100000004400305100→100000008686313100,6,10000.0
100000008686313100→100000008603629100→100000004351795100→100000000437046100→100000007639767100→100000006866783100→100000008686313100,6,10000.0
100000008686313100→100000008603629100→100000001660397100→100000006866783100→100000000089154100→100000000437046100→100000008686313100,6,10000.0
100000000089154100→100000008111003100→100000003796063100→100000008477350100→100000007639767100→100000006866783100→100000000089154100,6,10000.0
100000004070318100→100000006866783100→100000002306369100→100000008477350100→100000007639767100→100000004400305100→100000004070318100,6,10000.0
100000004070318100→100000006866783100→100000008304139100→100000000437046100→100000007639767100→100000004400305100→100000004070318100,6,10000.0
100000004070318100→100000006866783100→100000008304139100→100000008477350100→100000007639767100→100000004400305100→100000004070318100,6,10000.0
100000004070318100→100000006866783100→100000008304139100→100000008603629100→100000007639767100→100000004400305100→100000004070318100,6,10000.0
100000004070318100→100000006866783100→100000004847758100→100000008603629100→100000007639767100→100000004400305100→100000004070318100,6,10000.0
100000008686313100→100000008603629100→100000001660397100→100000008477350100→100000007639767100→100000004400305100→100000008686313100,6,10000.0
100000008686313100→100000008603629100→100000001660397100→100000008477350100→100000007639767100→100000006866783100→100000008686313100,6,10000.0
100000008686313100→100000008603629100→100000003582677100→100000008111003100→100000003796063100→100000000331309100→100000008686313100,6,10000.0
100000004070318100→100000006866783100→100000007639767100→100000004400305100→100000004070318100,4,10000.0
100000004070318100→100000006866783100→100000007639767100→100000004400305100→100000004390333100→100000000437046100→100000004070318100,6,10000.0
100000004070318100→100000006866783100→100000007639767100→100000004400305100→100000002645993100→100000008413748100→100000004070318100,6,10000.0
100000004070318100→100000006866783100→100000007639767100→100000004400305100→100000008304139100→100000000437046100→100000004070318100,6,10000.0
100000004070318100→100000006866783100→100000008686313100→100000008603629100→100000007639767100→100000004400305100→100000004070318100,6,10000.0
100000004070318100→100000006866783100→100000008686313100→100000000437046100→100000007639767100→100000004400305100→100000004070318100,6,10000.0
100000004070318100→100000006866783100→100000004351795100→100000000437046100→100000007639767100→100000004400305100→100000004070318100,6,10000.0
100000008686313100→100000008603629100→100000001660397100→100000006866783100→100000007639767100→100000004400305100→100000008686313100,6,10000.0
100000004847758100→100000008603629100→100000007639767100→100000004400305100→100000001609499100→100000006866783100→100000004847758100,6,10000.0
100000004847758100→100000008603629100→100000001660397100→100000006866783100→100000000089154100→100000005782781100→100000004847758100,6,10000.0
100000004847758100→100000008603629100→100000001660397100→100000006866783100→100000007639767100→100000004400305100→100000004847758100,6,10000.0
100000004847758100→100000008603629100→100000001660397100→100000008477350100→100000007639767100→100000004400305100→100000004847758100,6,10000.0
100000004847758100→100000008603629100→100000001660397100→100000008477350100→100000007639767100→100000006866783100→100000004847758100,6,10000.0
100000004070318100→100000006866783100→100000008443341100→100000008477350100→100000007639767100→100000004400305100→100000004070318100,6,10000.0
100000004070318100→100000006866783100→100000007639767100→100000004400305100→100000008686313100→100000000437046100→100000004070318100,6,10000.0
100000004847758100→100000008603629100→100000007639767100→100000006866783100→100000004847758100,4,10000.0
100000004847758100→100000008603629100→100000003582677100→100000008111003100→100000003796063100→100000005782781100→100000004847758100,6,10000.0
100000004847758100→100000008603629100→100000003582677100→100000008111003100→100000003796063100→100000006866783100→100000004847758100,6,10000.0
100000004847758100→100000008603629100→100000007639767100→100000004400305100→100000004679953100→100000005782781100→100000004847758100,6,10000.0
100000004847758100→100000008603629100→100000007639767100→100000004400305100→100000004390333100→100000006866783100→100000004847758100,6,10000.0
100000004847758100→100000008603629100→100000007639767100→100000004400305100→100000004847758100,4,10000.0
100000004847758100→100000008603629100→100000007639767100→100000004400305100→100000008304139100→100000006866783100→100000004847758100,6,10000.0
100000004847758100→100000008603629100→100000007639767100→100000004400305100→100000008304139100→100000005782781100→100000004847758100,6,10000.0
100000008686313100→100000008603629100→100000007639767100→100000006866783100→100000004403675100→100000000331309100→100000008686313100,6,10000.0
100000004847758100→100000008603629100→100000007639767100→100000004400305100→100000005910114100→100000006866783100→100000004847758100,6,10000.0
100000004847758100→100000008603629100→100000007639767100→100000004400305100→100000005910114100→100000005782781100→100000004847758100,6,10000.0
100000004847758100→100000008603629100→100000007639767100→100000004400305100→100000003213473100→100000006866783100→100000004847758100,6,10000.0
100000004847758100→100000008603629100→100000007639767100→100000004400305100→100000003213473100→100000005782781100→100000004847758100,6,10000.0
100000004847758100→100000008603629100→100000007639767100→100000006866783100→100000000089154100→100000005782781100→100000004847758100,6,10000.0
100000004847758100→100000008603629100→100000007639767100→100000006866783100→100000004679953100→100000005782781100→100000004847758100,6,10000.0
100000004847758100→100000008603629100→100000007639767100→100000006866783100→100000008304139100→100000005782781100→100000004847758100,6,10000.0
100000005910114100→100000006866783100→100000008304139100→100000008477350100→100000007639767100→100000004400305100→100000005910114100,6,10000.0
100000005910114100→100000006866783100→100000007639767100→100000004400305100→100000005910114100,4,10000.0
100000005910114100→100000006866783100→100000002306369100→100000008477350100→100000007639767100→100000004400305100→100000005910114100,6,10000.0
100000005910114100→100000006866783100→100000008304139100→100000000437046100→100000007639767100→100000004400305100→100000005910114100,6,10000.0
100000004847758100→100000008603629100→100000001609499100→100000006866783100→100000000089154100→100000005782781100→100000004847758100,6,10000.0
100000004847758100→100000008603629100→100000001609499100→100000006866783100→100000007639767100→100000004400305100→100000004847758100,6,10000.0
100000004070318100→100000004400305100→100000008686313100→100000008603629100→100000007639767100→100000006866783100→100000004070318100,6,10000.0
100000004070318100→100000004400305100→100000008686313100→100000000437046100→100000007639767100→100000006866783100→100000004070318100,6,10000.0
100000004070318100→100000004400305100→100000008686313100→100000008477350100→100000007639767100→100000006866783100→100000004070318100,6,10000.0
100000004400305100→100000005052998100→100000008477350100→100000007639767100→100000004400305100,4,9500.0
100000004070318100→100000004400305100→100000005052998100→100000008477350100→100000007639767100→100000006866783100→100000004070318100,6,9500.0
100000008603629100→100000007639767100→100000004400305100→100000005052998100→100000008477350100→100000005910114100→100000008603629100,6,9500.0
100000008603629100→100000007639767100→100000004400305100→100000005052998100→100000008477350100→100000003968044100→100000008603629100,6,9500.0
100000004070318100→100000004400305100→100000005052998100→100000008477350100→100000008086440100→100000000437046100→100000004070318100,6,9500.0
100000004070318100→100000004400305100→100000005052998100→100000008477350100→100000005910114100→100000006866783100→100000004070318100,6,9500.0
100000004070318100→100000004400305100→100000005052998100→100000008477350100→100000007639767100→100000000437046100→100000004070318100,6,9500.0
100000008086440100→100000000437046100→100000007639767100→100000004400305100→100000005052998100→100000008477350100→100000008086440100,6,9500.0
100000008086440100→100000008603629100→100000007639767100→100000004400305100→100000005052998100→100000008477350100→100000008086440100,6,9500.0
100000005910114100→100000006866783100→100000007639767100→100000004400305100→100000005052998100→100000008477350100→100000005910114100,6,9500.0
100000000580561100→100000007939160100→100000000580561100,2,9300.0
100000004847758100→100000008603629100→100000003582677100→100000008111003100→100000003796063100→100000004400305100→100000004847758100,6,9000.0
100000008587459100→100000006866783100→100000002306369100→100000008111003100→100000003796063100→100000004400305100→100000008587459100,6,9000.0
100000004400305100→100000003213473100→100000004400305100,2,9000.0
100000005910114100→100000008111003100→100000003796063100→100000004400305100→100000005910114100,4,9000.0
100000004390333100→100000008477350100→100000005910114100→100000008111003100→100000003796063100→100000004400305100→100000004390333100,6,9000.0
100000004070318100→100000006866783100→100000002306369100→100000008111003100→100000003796063100→100000004400305100→100000004070318100,6,9000.0
100000000089154100→100000008111003100→100000003796063100→100000004400305100→100000003213473100→100000006866783100→100000000089154100,6,9000.0
100000000089154100→100000008111003100→100000003796063100→100000004400305100→100000008304139100→100000006866783100→100000000089154100,6,9000.0
100000008304139100→100000008477350100→100000007593823100→100000008111003100→100000003796063100→100000004400305100→100000008304139100,6,9000.0
100000004070318100→100000008477350100→100000007593823100→100000008111003100→100000003796063100→100000004400305100→100000004070318100,6,9000.0
100000004390333100→100000006866783100→100000000089154100→100000008111003100→100000003796063100→100000004400305100→100000004390333100,6,9000.0
100000006866783100→100000002306369100→100000008111003100→100000003796063100→100000004400305100→100000001609499100→100000006866783100,6,9000.0
100000006866783100→100000002306369100→100000008111003100→100000003796063100→100000004400305100→100000003213473100→100000006866783100,6,9000.0
100000004390333100→100000006866783100→100000002306369100→100000008111003100→100000003796063100→100000004400305100→100000004390333100,6,9000.0
100000004070318100→100000008477350100→100000005910114100→100000008111003100→100000003796063100→100000004400305100→100000004070318100,6,9000.0
100000008686313100→100000008477350100→100000007593823100→100000008111003100→100000003796063100→100000004400305100→100000008686313100,6,9000.0
100000004390333100→100000008477350100→100000007593823100→100000008111003100→100000003796063100→100000004400305100→100000004390333100,6,9000.0
100000008686313100→100000008603629100→100000003582677100→100000008111003100→100000003796063100→100000004400305100→100000008686313100,6,9000.0
100000005910114100→100000008111003100→100000003796063100→100000004400305100→100000008304139100→100000008477350100→100000005910114100,6,9000.0
100000008304139100→100000006866783100→100000002306369100→100000008111003100→100000003796063100→100000004400305100→100000008304139100,6,9000.0
100000000089154100→100000008111003100→100000003796063100→100000004400305100→100000001609499100→100000006866783100→100000000089154100,6,9000.0
100000000089154100→100000008111003100→100000003796063100→100000004400305100→100000005910114100→100000006866783100→100000000089154100,6,9000.0
100000007593823100→100000008111003100→100000003796063100→100000004400305100→100000005052998100→100000008477350100→100000007593823100,6,9000.0
100000004070318100→100000008603629100→100000003582677100→100000008111003100→100000003796063100→100000004400305100→100000004070318100,6,9000.0
100000007593823100→100000008111003100→100000003796063100→100000004400305100→100000007593823100,4,9000.0
100000005910114100→100000008111003100→100000003796063100→100000004400305100→100000005052998100→100000008477350100→100000005910114100,6,9000.0
100000008686313100→100000006866783100→100000000089154100→100000008111003100→100000003796063100→100000004400305100→100000008686313100,6,9000.0
100000008587459100→100000006866783100→100000000089154100→100000008111003100→100000003796063100→100000004400305100→100000008587459100,6,9000.0
100000008603629100→100000003582677100→100000008111003100→100000003796063100→100000004400305100→100000005910114100→100000008603629100,6,9000.0
100000008603629100→100000003582677100→100000008111003100→100000003796063100→100000004400305100→100000008304139100→100000008603629100,6,9000.0
100000005910114100→100000006866783100→100000002306369100→100000008111003100→100000003796063100→100000004400305100→100000005910114100,6,9000.0
100000008603629100→100000003582677100→100000008111003100→100000003796063100→100000004400305100→100000002723538100→100000008603629100,6,9000.0
100000002527114100→100000006656003100→100000002527114100,2,9000.0
100000008603629100→100000003582677100→100000008111003100→100000003796063100→100000004400305100→100000004390333100→100000008603629100,6,9000.0
100000008603629100→100000003582677100→100000008111003100→100000003796063100→100000004400305100→100000005048668100→100000008603629100,6,9000.0
100000008686313100→100000006866783100→100000002306369100→100000008111003100→100000003796063100→100000004400305100→100000008686313100,6,9000.0
100000004070318100→100000008346837100→100000005910114100→100000008111003100→100000003796063100→100000004400305100→100000004070318100,6,9000.0
100000008686313100→100000008477350100→100000005910114100→100000008111003100→100000003796063100→100000004400305100→100000008686313100,6,9000.0
100000004070318100→100000006866783100→100000000089154100→100000008111003100→100000003796063100→100000004400305100→100000004070318100,6,9000.0
100000004188160100→100000003016635100→100000008188026100→100000004527381100→100000004156082100→100000004188160100,5,8600.0
100000005287097100→100000004156082100→100000004188160100→100000003016635100→100000005287097100,4,8600.0
100000002175422100→100000002975437100→100000002175422100,2,8500.0
100000005910114100→100000002957787100→100000003582677100→100000008111003100→100000003796063100→100000008346837100→100000005910114100,6,8104.99
100000005910114100→100000002957787100→100000003582677100→100000008111003100→100000003796063100→100000004400305100→100000005910114100,6,8104.99
100000005910114100→100000002957787100→100000003582677100→100000008111003100→100000003796063100→100000008477350100→100000005910114100,6,8104.99
100000001788284100→100000001526235100→100000001788284100,2,8000.0
100000001899164100→100000002193259100→100000001899164100,2,8000.0
100000005546031100→100000005547096100→100000005546031100,2,8000.0
100000003886323100→100000007749092100→100000003886323100,2,7650.0
100000004070318100→100000002957787100→100000003582677100→100000008111003100→100000003796063100→100000004400305100→100000004070318100,6,7600.0
100000004070318100→100000002957787100→100000002645993100→100000008413748100→100000008304139100→100000000437046100→100000004070318100,6,7600.0
100000004070318100→100000002957787100→100000002645993100→100000008413748100→100000008304139100→100000006866783100→100000004070318100,6,7600.0
100000004070318100→100000002957787100→100000008137435100→100000008686313100→100000006866783100→100000004070318100,5,7600.0
100000004070318100→100000002957787100→100000002645993100→100000008413748100→100000004070318100,4,7600.0
100000004070318100→100000002957787100→100000003582677100→100000008111003100→100000003796063100→100000006866783100→100000004070318100,6,7600.0
100000004070318100→100000002957787100→100000008137435100→100000008686313100→100000000437046100→100000004070318100,5,7600.0
100000000331309100→100000004746397100→100000002957787100→100000003582677100→100000008111003100→100000003796063100→100000000331309100,6,7500.0
100000005077484100→100000001380054100→100000005077484100,2,7050.0
100000002838861100→100000002812641100→100000002838861100,2,7023.95
100000005910114100→100000008111003100→100000003796063100→100000004400305100→100000005048668100→100000008346837100→100000005910114100,6,7000.0
100000004070318100→100000004400305100→100000005048668100→100000008346837100→100000004351795100→100000000437046100→100000004070318100,6,7000.0
100000004351795100→100000003242289100→100000004140487100→100000004400305100→100000005048668100→100000008346837100→100000004351795100,6,7000.0
100000004351795100→100000000437046100→100000007639767100→100000004400305100→100000005048668100→100000008346837100→100000004351795100,6,7000.0
100000005519998100→100000003934614100→100000004336312100→100000004017410100→100000005519998100,4,7000.0
100000005519998100→100000003934614100→100000004336312100→100000005519998100,3,7000.0
100000004076740100→100000004467157100→100000004076740100,2,7000.0
100000005910114100→100000006866783100→100000007639767100→100000004400305100→100000005048668100→100000008346837100→100000005910114100,6,7000.0
100000004070318100→100000004400305100→100000005048668100→100000008346837100→100000005910114100→100000006866783100→100000004070318100,6,7000.0
100000008603629100→100000007639767100→100000004400305100→100000005048668100→100000008346837100→100000005910114100→100000008603629100,6,7000.0
100000005911352100→100000004508696100→100000005911352100,2,7000.0
100000004351795100→100000008603629100→100000007639767100→100000004400305100→100000005048668100→100000008346837100→100000004351795100,6,7000.0
100000004070318100→100000008346837100→100000005048668100→100000008603629100→100000007639767100→100000004400305100→100000004070318100,6,6500.0
100000004070318100→100000008346837100→100000005048668100→100000008603629100→100000007639767100→100000000437046100→100000004070318100,6,6500.0
100000004070318100→100000008346837100→100000005048668100→100000008603629100→100000008686313100→100000006866783100→100000004070318100,6,6500.0
100000005048668100→100000008346837100→100000005048668100,2,6500.0
100000004070318100→100000008346837100→100000005048668100→100000008603629100→100000001660397100→100000006866783100→100000004070318100,6,6500.0
100000004070318100→100000008346837100→100000005048668100→100000008603629100→100000001660397100→100000008413748100→100000004070318100,6,6500.0
100000004070318100→100000008346837100→100000005048668100→100000008603629100→100000008686313100→100000000437046100→100000004070318100,6,6500.0
100000008603629100→100000003582677100→100000008111003100→100000003796063100→100000008346837100→100000005048668100→100000008603629100,6,6500.0
100000004070318100→100000008346837100→100000005048668100→100000008603629100→100000007639767100→100000006866783100→100000004070318100,6,6500.0
100000004070318100→100000008346837100→100000005048668100→100000008603629100→100000001609499100→100000006866783100→100000004070318100,6,6500.0
100000004070318100→100000008346837100→100000005048668100→100000008603629100→100000004351795100→100000000437046100→100000004070318100,6,6500.0
100000006912294100→100000006443391100→100000006912294100,2,6335.09
100000004321983100→100000005171642100→100000004221668100→100000004321983100,3,6200.0
100000001049200100→100000004156082100→100000004188160100→100000003016635100→100000001049200100,4,6014.0
100000005287097100→100000004150593100→100000008595687100→100000003016635100→100000001049200100→100000004156082100→100000005287097100,6,6014.0
100000005287097100→100000003016635100→100000001049200100→100000004156082100→100000005287097100,4,6014.0
100000004070318100→100000008346837100→100000005910114100→100000002957787100→100000008632060100→100000000437046100→100000004070318100,6,6000.0
100000004070318100→100000008346837100→100000005910114100→100000002957787100→100000008632060100→100000004400305100→100000004070318100,6,6000.0
100000008443341100→100000008477350100→100000005910114100→100000002957787100→100000008632060100→100000006866783100→100000008443341100,6,6000.0
100000001279272100→100000000331309100→100000004746397100→100000002957787100→100000008632060100→100000000437046100→100000001279272100,6,6000.0
100000004070318100→100000002957787100→100000008632060100→100000008603629100→100000004351795100→100000000437046100→100000004070318100,6,6000.0
100000004070318100→100000002957787100→100000008632060100→100000008603629100→100000008686313100→100000000437046100→100000004070318100,6,6000.0
100000004070318100→100000002957787100→100000008632060100→100000008603629100→100000008686313100→100000006866783100→100000004070318100,6,6000.0
100000004070318100→100000002957787100→100000008632060100→100000008603629100→100000001660397100→100000006866783100→100000004070318100,6,6000.0
100000004070318100→100000002957787100→100000008632060100→100000008603629100→100000001660397100→100000008413748100→100000004070318100,6,6000.0
100000004070318100→100000002957787100→100000008632060100→100000008603629100→100000007639767100→100000000437046100→100000004070318100,6,6000.0
100000004070318100→100000002957787100→100000008632060100→100000008603629100→100000007639767100→100000004400305100→100000004070318100,6,6000.0
100000008686313100→100000008477350100→100000005910114100→100000002957787100→100000008632060100→100000004400305100→100000008686313100,6,6000.0
100000004070318100→100000002957787100→100000008632060100→100000000437046100→100000004070318100,4,6000.0
100000004070318100→100000002957787100→100000008632060100→100000000437046100→100000007639767100→100000004400305100→100000004070318100,6,6000.0
100000004070318100→100000002957787100→100000008632060100→100000000437046100→100000008686313100→100000006866783100→100000004070318100,6,6000.0
100000004070318100→100000002957787100→100000008632060100→100000000437046100→100000007639767100→100000006866783100→100000004070318100,6,6000.0
100000008686313100→100000008477350100→100000005910114100→100000002957787100→100000008632060100→100000008603629100→100000008686313100,6,6000.0
100000008686313100→100000008477350100→100000005910114100→100000002957787100→100000008632060100→100000000437046100→100000008686313100,6,6000.0
100000008686313100→100000008477350100→100000005910114100→100000002957787100→100000008632060100→100000006866783100→100000008686313100,6,6000.0
100000001526235100→100000000926766100→100000001526235100,2,6000.0
100000004070318100→100000008346837100→100000005910114100→100000002957787100→100000008632060100→100000006866783100→100000004070318100,6,6000.0
100000004070318100→100000008477350100→100000005910114100→100000002957787100→100000008632060100→100000004400305100→100000004070318100,6,6000.0
100000008603629100→100000007639767100→100000004400305100→100000005910114100→100000002957787100→100000008632060100→100000008603629100,6,6000.0
100000004070318100→100000008477350100→100000005910114100→100000002957787100→100000008632060100→100000006866783100→100000004070318100,6,6000.0
100000001660397100→100000008477350100→100000005910114100→100000002957787100→100000008632060100→100000006866783100→100000001660397100,6,6000.0
100000004070318100→100000008477350100→100000005910114100→100000002957787100→100000008632060100→100000000437046100→100000004070318100,6,6000.0
100000000331309100→100000004746397100→100000002957787100→100000008632060100→100000001857829100→100000003880331100→100000000331309100,6,6000.0
100000000331309100→100000004746397100→100000002957787100→100000008632060100→100000006866783100→100000004403675100→100000000331309100,6,6000.0
100000004070318100→100000002957787100→100000008632060100→100000004400305100→100000003213473100→100000006866783100→100000004070318100,6,6000.0
100000004070318100→100000002957787100→100000008632060100→100000004400305100→100000005910114100→100000006866783100→100000004070318100,6,6000.0
100000004070318100→100000002957787100→100000008632060100→100000004400305100→100000008304139100→100000006866783100→100000004070318100,6,6000.0
100000004070318100→100000002957787100→100000008632060100→100000004400305100→100000001609499100→100000006866783100→100000004070318100,6,6000.0
100000004070318100→100000002957787100→100000008632060100→100000004400305100→100000008587459100→100000006866783100→100000004070318100,6,6000.0
100000004070318100→100000002957787100→100000008632060100→100000004400305100→100000008304139100→100000000437046100→100000004070318100,6,6000.0
100000004390333100→100000008477350100→100000005910114100→100000002957787100→100000008632060100→100000004400305100→100000004390333100,6,6000.0
100000005910114100→100000002957787100→100000008632060100→100000004400305100→100000008304139100→100000008477350100→100000005910114100,6,6000.0
100000005910114100→100000002957787100→100000008632060100→100000004400305100→100000005048668100→100000008346837100→100000005910114100,6,6000.0
100000004070318100→100000002957787100→100000008632060100→100000004400305100→100000002645993100→100000008413748100→100000004070318100,6,6000.0
100000004070318100→100000002957787100→100000008632060100→100000004400305100→100000004390333100→100000000437046100→100000004070318100,6,6000.0
100000005910114100→100000002957787100→100000008636603100→100000003016635100→100000004188160100→100000008346837100→100000005910114100,6,6000.0
100000005910114100→100000002957787100→100000008632060100→100000004400305100→100000005910114100,4,6000.0
100000005910114100→100000002957787100→100000008632060100→100000004400305100→100000005052998100→100000008477350100→100000005910114100,6,6000.0
100000004070318100→100000002957787100→100000008632060100→100000004400305100→100000004390333100→100000006866783100→100000004070318100,6,6000.0
100000004070318100→100000002957787100→100000008632060100→100000004400305100→100000008686313100→100000006866783100→100000004070318100,6,6000.0
100000004070318100→100000002957787100→100000008632060100→100000004400305100→100000004070318100,4,6000.0
100000005910114100→100000002957787100→100000008632060100→100000000437046100→100000007639767100→100000004400305100→100000005910114100,6,6000.0
100000005910114100→100000002957787100→100000008632060100→100000006866783100→100000007639767100→100000004400305100→100000005910114100,6,6000.0
100000004390333100→100000008477350100→100000005910114100→100000002957787100→100000008632060100→100000006866783100→100000004390333100,6,6000.0
100000005910114100→100000002957787100→100000008632060100→100000006866783100→100000008304139100→100000008477350100→100000005910114100,6,6000.0
100000005910114100→100000002957787100→100000008632060100→100000006866783100→100000002306369100→100000008477350100→100000005910114100,6,6000.0
100000004070318100→100000002957787100→100000008632060100→100000008603629100→100000007639767100→100000006866783100→100000004070318100,6,6000.0
100000004070318100→100000002957787100→100000008632060100→100000008603629100→100000001609499100→100000006866783100→100000004070318100,6,6000.0
100000004070318100→100000002957787100→100000008632060100→100000006866783100→100000000089154100→100000000437046100→100000004070318100,6,6000.0
100000004070318100→100000002957787100→100000008632060100→100000004400305100→100000008686313100→100000000437046100→100000004070318100,6,6000.0
100000004070318100→100000002957787100→100000008632060100→100000006866783100→100000001660397100→100000008413748100→100000004070318100,6,6000.0
100000004070318100→100000002957787100→100000008632060100→100000006866783100→100000008686313100→100000000437046100→100000004070318100,6,6000.0
100000004070318100→100000002957787100→100000008632060100→100000006866783100→100000007639767100→100000004400305100→100000004070318100,6,6000.0
100000004070318100→100000002957787100→100000008632060100→100000006866783100→100000007639767100→100000000437046100→100000004070318100,6,6000.0
100000004070318100→100000002957787100→100000008632060100→100000006866783100→100000008304139100→100000000437046100→100000004070318100,6,6000.0
100000004070318100→100000002957787100→100000008632060100→100000006866783100→100000004390333100→100000000437046100→100000004070318100,6,6000.0
100000004070318100→100000002957787100→100000008632060100→100000006866783100→100000004070318100,4,6000.0
100000004070318100→100000002957787100→100000008632060100→100000006866783100→100000004351795100→100000000437046100→100000004070318100,6,6000.0
100000004070318100→100000004400305100→100000005910114100→100000002957787100→100000008632060100→100000000437046100→100000004070318100,6,6000.0
100000004070318100→100000004400305100→100000005910114100→100000002957787100→100000008632060100→100000006866783100→100000004070318100,6,6000.0
100000004071070100→100000004071080100→100000004071070100,2,6000.0
100000008603629100→100000001660397100→100000008477350100→100000005910114100→100000002957787100→100000008632060100→100000008603629100,6,6000.0
100000002741024100→100000008680912100→100000002741024100,2,5990.85
100000005910114100→100000008111003100→100000003796063100→100000008477350100→100000007593823100→100000008346837100→100000005910114100,6,5800.0
100000005910114100→100000008111003100→100000003796063100→100000004400305100→100000007593823100→100000008346837100→100000005910114100,6,5800.0
100000004390333100→100000008477350100→100000007593823100→100000008346837100→100000005910114100→100000006866783100→100000004390333100,6,5800.0
100000008686313100→100000008477350100→100000007593823100→100000008346837100→100000005048668100→100000008603629100→100000008686313100,6,5800.0
100000008686313100→100000008477350100→100000007593823100→100000008346837100→100000004351795100→100000008603629100→100000008686313100,6,5800.0
100000005910114100→100000006866783100→100000007639767100→100000004400305100→100000007593823100→100000008346837100→100000005910114100,6,5800.0
100000005910114100→100000006866783100→100000002306369100→100000008477350100→100000007593823100→100000008346837100→100000005910114100,6,5800.0
100000004351795100→100000000437046100→100000007639767100→100000004400305100→100000007593823100→100000008346837100→100000004351795100,6,5800.0
100000008686313100→100000008477350100→100000007593823100→100000008346837100→100000005910114100→100000006866783100→100000008686313100,6,5800.0
100000004351795100→100000008603629100→100000001660397100→100000008477350100→100000007593823100→100000008346837100→100000004351795100,6,5800.0
100000004351795100→100000003242289100→100000008304139100→100000008477350100→100000007593823100→100000008346837100→100000004351795100,6,5800.0
100000004351795100→100000008603629100→100000007639767100→100000004400305100→100000007593823100→100000008346837100→100000004351795100,6,5800.0
100000008686313100→100000008477350100→100000007593823100→100000008346837100→100000004351795100→100000000437046100→100000008686313100,6,5800.0
100000008686313100→100000008477350100→100000007593823100→100000008346837100→100000005910114100→100000008603629100→100000008686313100,6,5800.0
100000005910114100→100000002957787100→100000008632060100→100000004400305100→100000007593823100→100000008346837100→100000005910114100,6,5800.0
100000005910114100→100000006866783100→100000008304139100→100000008477350100→100000007593823100→100000008346837100→100000005910114100,6,5800.0
100000001660397100→100000008477350100→100000007593823100→100000008346837100→100000005910114100→100000006866783100→100000001660397100,6,5800.0
100000004070318100→100000004400305100→100000007593823100→100000008346837100→100000004351795100→100000000437046100→100000004070318100,6,5800.0
100000004070318100→100000004400305100→100000007593823100→100000008346837100→100000005910114100→100000006866783100→100000004070318100,6,5800.0
100000004351795100→100000003242289100→100000004140487100→100000004400305100→100000007593823100→100000008346837100→100000004351795100,6,5800.0
100000004070318100→100000008477350100→100000007593823100→100000008346837100→100000004351795100→100000000437046100→100000004070318100,6,5800.0
100000004070318100→100000008477350100→100000007593823100→100000008346837100→100000005910114100→100000006866783100→100000004070318100,6,5800.0
100000008603629100→100000001660397100→100000008477350100→100000007593823100→100000008346837100→100000005048668100→100000008603629100,6,5800.0
100000008603629100→100000007639767100→100000004400305100→100000007593823100→100000008346837100→100000005048668100→100000008603629100,6,5800.0
100000008603629100→100000001660397100→100000008477350100→100000007593823100→100000008346837100→100000005910114100→100000008603629100,6,5800.0
100000008603629100→100000007639767100→100000004400305100→100000007593823100→100000008346837100→100000005910114100→100000008603629100,6,5800.0
100000008443341100→100000008477350100→100000007593823100→100000008346837100→100000005910114100→100000006866783100→100000008443341100,6,5800.0
100000003148220100→100000004971871100→100000003148220100,2,5650.0
100000000706545100→100000006901046100→100000000706545100,2,5500.0
100000008686313100→100000000437046100→100000008603629100→100000008686313100,3,5000.0
100000008686313100→100000000437046100→100000008603629100→100000001857829100→100000003880331100→100000000331309100→100000008686313100,6,5000.0
100000008686313100→100000000437046100→100000008603629100→100000001660397100→100000006866783100→100000008686313100,5,5000.0
100000008686313100→100000006866783100→100000004390333100→100000000437046100→100000008603629100→100000008686313100,5,5000.0
100000008686313100→100000006866783100→100000007639767100→100000000437046100→100000008603629100→100000008686313100,5,5000.0
100000004070318100→100000008346837100→100000007593823100→100000008111003100→100000003796063100→100000004400305100→100000004070318100,6,5000.0
100000008603629100→100000001660397100→100000008477350100→100000007639767100→100000000437046100→100000008603629100,5,5000.0
100000005339662100→100000005175148100→100000005339662100,2,5000.0
100000000076451100→100000004629688100→100000000076451100,2,5000.0
100000006274203100→100000007594394100→100000006274203100,2,5000.0
100000003741418100→100000006111439100→100000003741418100,2,5000.0
100000002578405100→100000005041905100→100000002578405100,2,5000.0
100000008686313100→100000006866783100→100000008304139100→100000000437046100→100000008603629100→100000008686313100,5,5000.0
100000008413748100→100000008304139100→100000000437046100→100000008603629100→100000001660397100→100000008413748100,5,5000.0
100000005367445100→100000005413948100→100000005367445100,2,5000.0
100000008582730100→100000008546855100→100000008582730100,2,5000.0
100000008546855100→100000007689942100→100000008546855100,2,5000.0
100000001232297100→100000005074393100→100000001232297100,2,5000.0
100000001232297100→100000005882013100→100000005074393100→100000001232297100,3,5000.0
100000008121806100→100000008346837100→100000005048668100→100000008603629100→100000003178549100→100000001857829100→100000008121806100,6,5000.0
100000008121806100→100000008346837100→100000004351795100→100000008603629100→100000001857829100→100000008121806100,5,5000.0
100000008121806100→100000008346837100→100000004351795100→100000008603629100→100000003178549100→100000001857829100→100000008121806100,6,5000.0
100000008121806100→100000008346837100→100000004351795100→100000003242289100→100000008304139100→100000001857829100→100000008121806100,6,5000.0
100000008121806100→100000008346837100→100000004351795100→100000008512552100→100000003178549100→100000001857829100→100000008121806100,6,5000.0
100000008121806100→100000008346837100→100000004351795100→100000000437046100→100000008603629100→100000001857829100→100000008121806100,6,5000.0
100000008121806100→100000008346837100→100000005910114100→100000001857829100→100000008121806100,4,5000.0
100000008121806100→100000008346837100→100000005910114100→100000008603629100→100000001857829100→100000008121806100,5,5000.0
100000008121806100→100000008346837100→100000005910114100→100000008603629100→100000003178549100→100000001857829100→100000008121806100,6,5000.0
100000008121806100→100000008346837100→100000005910114100→100000006866783100→100000008304139100→100000001857829100→100000008121806100,6,5000.0
100000008121806100→100000008346837100→100000005910114100→100000002957787100→100000008632060100→100000001857829100→100000008121806100,6,5000.0
100000001049200100→100000003016635100→100000001049200100,2,5000.0
100000008686313100→100000000437046100→100000008603629100→100000001660397100→100000006866783100→100000008137435100→100000008686313100,6,5000.0
100000008686313100→100000000437046100→100000008603629100→100000007639767100→100000006866783100→100000008137435100→100000008686313100,6,5000.0
100000008686313100→100000000437046100→100000008603629100→100000007639767100→100000006866783100→100000008686313100,5,5000.0
100000008686313100→100000000437046100→100000008603629100→100000007639767100→100000004400305100→100000008686313100,5,5000.0
100000005287097100→100000004150593100→100000008595687100→100000003016635100→100000008169544100→100000004156082100→100000005287097100,6,5000.0
100000008686313100→100000006866783100→100000004351795100→100000000437046100→100000008603629100→100000008686313100,5,5000.0
100000005287097100→100000003016635100→100000008169544100→100000004156082100→100000005287097100,4,5000.0
100000008686313100→100000000437046100→100000008603629100→100000001609499100→100000006866783100→100000008686313100,5,5000.0
100000008686313100→100000000437046100→100000008603629100→100000001609499100→100000006866783100→100000008137435100→100000008686313100,6,5000.0
100000004351795100→100000000437046100→100000008603629100→100000001609499100→100000006866783100→100000004351795100,5,5000.0
100000008086440100→100000000437046100→100000008603629100→100000001660397100→100000008477350100→100000008086440100,5,5000.0
100000004351795100→100000003242289100→100000008304139100→100000000437046100→100000008603629100→100000004351795100,5,5000.0
100000004351795100→100000000437046100→100000008603629100→100000007639767100→100000006866783100→100000004351795100,5,5000.0
100000004351795100→100000000437046100→100000008603629100→100000001660397100→100000006866783100→100000004351795100,5,5000.0
100000004351795100→100000000437046100→100000008603629100→100000004351795100,3,5000.0
100000008603629100→100000002723538100→100000003242289100→100000008304139100→100000000437046100→100000008603629100,5,5000.0
100000008686313100→100000008477350100→100000007639767100→100000000437046100→100000008603629100→100000008686313100,5,5000.0
100000005048668100→100000008346837100→100000007593823100→100000008111003100→100000003796063100→100000004400305100→100000005048668100,6,5000.0
100000008121806100→100000008346837100→100000005048668100→100000008603629100→100000001857829100→100000008121806100,5,5000.0
100000004351795100→100000008512552100→100000003242289100→100000008304139100→100000000437046100→100000008603629100→100000004351795100,6,5000.0
100000008603629100→100000001660397100→100000006866783100→100000000089154100→100000000437046100→100000008603629100,5,5000.0
100000008603629100→100000007639767100→100000000437046100→100000008603629100,3,5000.0
100000008603629100→100000001660397100→100000006866783100→100000007639767100→100000000437046100→100000008603629100,5,5000.0
100000008603629100→100000001660397100→100000006866783100→100000004390333100→100000000437046100→100000008603629100,5,5000.0
100000008603629100→100000001660397100→100000006866783100→100000008304139100→100000000437046100→100000008603629100,5,5000.0
100000008603629100→100000001609499100→100000006866783100→100000004390333100→100000000437046100→100000008603629100,5,5000.0
100000008603629100→100000001609499100→100000006866783100→100000007639767100→100000000437046100→100000008603629100,5,5000.0
100000008603629100→100000007639767100→100000004400305100→100000008304139100→100000000437046100→100000008603629100,5,5000.0
100000008603629100→100000007639767100→100000006866783100→100000008304139100→100000000437046100→100000008603629100,5,5000.0
100000008603629100→100000007639767100→100000006866783100→100000004390333100→100000000437046100→100000008603629100,5,5000.0
100000008603629100→100000007639767100→100000006866783100→100000000089154100→100000000437046100→100000008603629100,5,5000.0
100000008169544100→100000004156082100→100000004188160100→100000003016635100→100000008169544100,4,5000.0
100000008603629100→100000001609499100→100000006866783100→100000008304139100→100000000437046100→100000008603629100,5,5000.0
100000007593823100→100000008346837100→100000007593823100,2,5000.0
100000008603629100→100000001609499100→100000006866783100→100000000089154100→100000000437046100→100000008603629100,5,5000.0
100000008603629100→100000007639767100→100000004400305100→100000004390333100→100000000437046100→100000008603629100,5,5000.0
100000008686313100→100000008477350100→100000008086440100→100000000437046100→100000008603629100→100000008686313100,5,5000.0
100000008686313100→100000006866783100→100000000089154100→100000000437046100→100000008603629100→100000008686313100,5,5000.0
100000007593823100→100000008111003100→100000003796063100→100000008346837100→100000007593823100,4,5000.0
100000004715209100→100000008603331100→100000004715209100,2,5000.0
100000001740277100→100000001677929100→100000001740277100,2,5000.0
100000004765639100→100000002293421100→100000004180097100→100000004765639100,3,5000.0
100000004386331100→100000004386258100→100000004386331100,2,5000.0
100000004070318100→100000008346837100→100000007593823100→100000008111003100→100000003796063100→100000006866783100→100000004070318100,6,5000.0
100000008659445100→100000005456919100→100000008659445100,2,5000.0
100000004765639100→100000004180097100→100000004765639100,2,5000.0
100000008193577100→100000005456919100→100000008659445100→100000008193577100,3,5000.0
100000007322059100→100000004552204100→100000007322059100,2,5000.0
100000008736940100→100000008193577100→100000005456919100→100000008659445100→100000008751429100→100000008736940100,5,5000.0
100000008736940100→100000008193577100→100000005456919100→100000008659445100→100000008736940100,4,5000.0
100000005602999100→100000003635170100→100000005602999100,2,5000.0
100000008686247100→100000005664922100→100000008686247100,2,5000.0
