gid,role,role_score,cluster_id,priority_score,evidence,is_seed,depth,component,in_deg,out_deg,in_kzt,out_kzt,in_tx,out_tx,pass_through,fan_ratio,seed_reach,merge_gain,n_agg_payers,n_seed_payers,seed_traced_in_kzt,pagerank,hub,authority,betweenness,truncated_by_depth,p_continue,terminal_kind,fast_out_share,median_lag_days,max_payers_same_day,near_threshold_tx,flag_structuring,n_cycles,anomaly_z,anomaly_feature,flag_anomaly,coord_criteria,prio_role,prio_traced,prio_merge,prio_reach,prio_pr,prio_btw,prio_flags
100000000343175100,consolidator,0.695,12,0.5394,Получает от 8 плательщиков (1 seed) 179 тыс.; передаёт дальше 2238%; сходятся потоки 7 seed (seed: входящие занижены) [сквозной пропуск ≤2дн; аномалия для колена],True,0,0,8,31,178712.0,4000039.0,14,33,22.382598818210305,3.875,7,0,8,1,78033.54169062535,0.000713258197938405,0.006589397634695977,0.00028933066034012765,0.0010946926090299827,False,,,1.0,0.0,2.0,4,False,0,20.23,out_deg,True,,0.1564,0.1795,0.0,0.0799,0.0914,0.094,0.0333
100000000456947100,peripheral,0.95,0,0.021,Нет переводов ≥5 000 KZT внутри банка в выгрузке; признаков роли нет,True,0,16,0,0,0.0,0.0,0,0,,0.0,0,0,0,0,0.0,0.0002855692942172909,0.0,0.0,0.0,False,,,0.0,,0.0,0,False,0,2.14,log_out,False,,0.0238,0.0,0.0,0.0,0.001,0.0,0.0
100000000580561100,peripheral,0.6,34,0.2394,"Вход 28 тыс. от 2, выход 1.5 млн на 3; пороги ролей не достигнуты (seed: входящие занижены) [возвратный поток]",True,0,4,2,3,27980.0,1488077.0,3,13,53.183595425303785,1.5,0,0,0,0,18188.876905041034,0.0008349888856684653,1.57847465707e-313,2.47239970773e-313,1.1888811083225246e-06,False,,,0.5712070007130008,4.0,1.0,2,False,2,1.7,log_in,False,,0.015,0.1468,0.0,0.0,0.0933,0.0098,0.0167
100000001415126100,peripheral,0.658,10,0.2419,"Вход 27 тыс. от 1, выход 0 на 0; пороги ролей не достигнуты (seed: входящие занижены)",True,0,0,1,0,27000.0,0.0,1,0,0.0,0.0,7,0,1,0,5036.305219051012,0.00040961890543080487,0.0,2.8874363102964077e-07,0.0,False,,,0.0,,1.0,0,False,0,2.14,log_out,False,,0.0165,0.1168,0.0,0.0799,0.0714,0.0,0.0
100000001429930100,peripheral,0.673,21,0.1942,"Вход 26 тыс. от 1, выход 0 на 0; пороги ролей не достигнуты (seed: входящие занижены)",True,0,0,1,0,26000.0,0.0,1,0,0.0,0.0,7,0,1,0,360.59223383630336,0.00035079789147407785,0.0,4.259945964858586e-08,0.0,False,,,0.0,,1.0,0,False,0,2.14,log_out,False,,0.0168,0.0689,0.0,0.0799,0.0628,0.0,0.0
100000001616816100,consolidator,0.477,6,0.5431,Получает от 5 плательщиков (0 seed) 176 тыс.; передаёт дальше 103%; сходятся потоки 10 seed (seed: входящие занижены) [дробление у порога: 6 перев.; возвратный поток],True,0,0,5,3,176195.0,181326.0,12,10,1.0291211441868384,0.6,10,0,4,0,83490.98198156028,0.002434657190684458,2.187037192193137e-05,4.749001296107421e-07,0.00010470096527690845,False,,,0.6939214453525694,0.5,1.0,6,True,2,2.01,log_in,False,,0.1073,0.1801,0.0,0.1441,0.0994,0.0748,0.0333
100000001732159100,peripheral,0.05,4,0.4331,"Вход 2.4 млн от 2, выход 1.5 млн на 4; пороги ролей не достигнуты (seed: входящие занижены) [сквозной пропуск ≤2дн; возвратный поток]",True,0,0,2,4,2378100.0,1505966.0,30,23,0.633264370716118,2.0,9,0,2,2,2378100.0,0.0010950567872996843,5.340185710009986e-05,7.699492300574109e-07,2.027094433598164e-05,False,,,0.9144735007297642,1.0,2.0,0,False,4,2.44,log_in,False,,0.0013,0.2,0.0,0.1361,0.0957,0.0431,0.0333
100000002527114100,distributor,0.994,5,0.4882,Рассылает на 111 получателей 3.3 млн (веер 37:1); плательщиков 3 (seed: входящие занижены) [возвратный поток; аномалия для колена],True,0,1,3,111,129000.0,3289249.0,4,113,25.49805426356589,37.0,0,0,0,0,40704.86036516865,0.0008111056953132627,2.945275148755155e-09,7.753396952778706e-13,0.00019339132695379732,False,,,0.4463742331456208,4.0,1.0,1,False,3,74.19,out_deg,True,,0.1988,0.1656,0.0,0.0,0.0931,0.0835,0.0333
100000002916006100,peripheral,0.9,10,0.0199,"Вход 0 от 0, выход 32 тыс. на 1; пороги ролей не достигнуты (seed: входящие занижены)",True,0,0,0,1,0.0,32000.0,0,1,,1.0,0,0,0,0,0.0,0.0002855692942172909,8.203488390521243e-303,0.0,0.0,False,,,0.0,,0.0,0,False,0,0.09,log_out,False,,0.0225,0.0,0.0,0.0,0.001,0.0,0.0
100000003016635100,consolidator,0.683,3,0.5319,Получает от 8 плательщиков (0 seed) 587 тыс.; передаёт дальше 1604%; сходятся потоки 6 seed (seed: входящие занижены),True,0,0,8,73,586981.0,9414081.0,36,151,16.038135817002594,9.125,6,0,8,0,117241.70467513504,0.0011896363343877673,0.01584259467759334,1.2490790524899619e-05,0.007215469082446287,False,,,0.9350810769527053,0.0,3.0,23,True,19,48.56,out_deg,True,,0.1537,0.1849,0.0,0.0412,0.0963,0.0998,0.05
100000003200071100,peripheral,0.9,44,0.0199,"Вход 0 от 0, выход 30 тыс. на 1; пороги ролей не достигнуты (seed: входящие занижены)",True,0,14,0,1,0.0,30000.0,0,1,,1.0,0,0,0,0,0.0,0.0002855692942172909,0.0,0.0,0.0,False,,,0.0,,0.0,0,False,0,0.1,log_out,False,,0.0225,0.0,0.0,0.0,0.001,0.0,0.0
100000003265658100,peripheral,0.95,0,0.021,Нет переводов ≥5 000 KZT внутри банка в выгрузке; признаков роли нет,True,0,17,0,0,0.0,0.0,0,0,,0.0,0,0,0,0,0.0,0.0002855692942172909,0.0,0.0,0.0,False,,,0.0,,0.0,0,False,0,2.14,log_out,False,,0.0238,0.0,0.0,0.0,0.001,0.0,0.0
100000003349739100,peripheral,0.95,0,0.021,Нет переводов ≥5 000 KZT внутри банка в выгрузке; признаков роли нет,True,0,18,0,0,0.0,0.0,0,0,,0.0,0,0,0,0,0.0,0.0002855692942172909,0.0,0.0,0.0,False,,,0.0,,0.0,0,False,0,2.14,log_out,False,,0.0238,0.0,0.0,0.0,0.001,0.0,0.0
100000003684369100,coordinator,0.69,8,0.6394,"Сходятся деньги 9 seed, вход 3.8 млн; собирает и рассылает одновременно [сквозной пропуск ≤2дн; 6 плательщ. в 1 день; возвратный поток; аномалия для колена]",True,0,0,24,62,3848436.0,8588655.0,58,67,2.2317260830113845,2.5833333333333335,9,0,22,1,502136.2336161654,0.0020202912084868667,0.024746163207784545,0.0013537173943347284,0.0023030748381841454,False,,,1.0,0.0,6.0,0,False,1,41.14,out_deg,True,собирает и рассылает одновременно,0.1725,0.1977,0.0,0.1361,0.0988,0.0972,0.05
100000003770083100,peripheral,0.95,0,0.021,Нет переводов ≥5 000 KZT внутри банка в выгрузке; признаков роли нет,True,0,19,0,0,0.0,0.0,0,0,,0.0,0,0,0,0,0.0,0.0002855692942172909,0.0,0.0,0.0,False,,,0.0,,0.0,0,False,0,2.14,log_out,False,,0.0238,0.0,0.0,0.0,0.001,0.0,0.0
100000003975102100,peripheral,0.676,3,0.284,"Вход 26 тыс. от 1, выход 88 тыс. на 2; пороги ролей не достигнуты (seed: входящие занижены)",True,0,0,1,2,25650.0,88500.0,1,2,3.4502923976608186,2.0,7,0,1,0,25650.0,0.0003454652180169808,4.6427046275323924e-07,7.33291794314557e-257,5.914683513904559e-06,False,,,0.3615819209039548,1.0,1.0,0,False,0,1.69,log_in,False,,0.0169,0.156,0.0,0.0799,0.0617,0.0195,0.0
100000003977183100,peripheral,0.307,6,0.2495,"Вход 124 тыс. от 2, выход 766 тыс. на 4; пороги ролей не достигнуты (seed: входящие занижены) [возвратный поток]",True,0,0,2,4,123800.0,766000.0,2,6,6.187399030694669,2.0,1,0,1,1,76057.77777777778,0.000331460381699444,4.9519258097790276e-05,4.200664014254977e-05,1.5851748110966993e-06,False,,,0.21148825065274152,0.0,1.0,0,False,1,2.02,out_deg,False,,0.0077,0.1791,0.0,0.0192,0.058,0.0129,0.0167
100000004007116100,peripheral,0.05,23,0.2177,"Вход 765 тыс. от 3, выход 148 тыс. на 4; пороги ролей не достигнуты (seed: входящие занижены) [сквозной пропуск ≤2дн; возвратный поток]",True,0,2,3,4,764704.0,148000.0,24,6,0.19353893794200108,1.3333333333333333,0,0,0,0,9754.237260712836,0.0006277769573248429,1.1001602779511113e-178,6.473231502161352e-179,3.962937027741748e-07,False,,,0.9324324324324325,1.0,1.0,3,False,16,2.26,log_in,False,,0.0013,0.1292,0.0,0.0,0.0893,0.0031,0.0333
100000004019124100,terminal,0.911,3,0.5323,"Получил 193 тыс. от 3 плательщ.; исходящих нет, хотя колено 0 обходилось — деньги остались",True,0,0,3,0,193000.0,0.0,3,0,0.0,0.0,11,1,2,2,157359.67078189302,0.0012028680902033705,0.0,2.667322772934689e-08,0.0,False,,observed,0.0,,1.0,0,False,0,2.14,log_out,False,,0.1253,0.1888,0.067,0.1488,0.0964,0.0,0.0
100000004021459100,peripheral,0.95,0,0.021,Нет переводов ≥5 000 KZT внутри банка в выгрузке; признаков роли нет,True,0,20,0,0,0.0,0.0,0,0,,0.0,0,0,0,0,0.0,0.0002855692942172909,0.0,0.0,0.0,False,,,0.0,,0.0,0,False,0,2.14,log_out,False,,0.0238,0.0,0.0,0.0,0.001,0.0,0.0
100000004041163100,peripheral,0.505,10,0.4237,"Вход 50 тыс. от 1, выход 866 тыс. на 2; пороги ролей не достигнуты (seed: входящие занижены) [возвратный поток]",True,0,0,1,2,50000.0,866000.0,1,6,17.32,2.0,14,0,1,1,50000.0,0.0020847480556725213,4.642405447761473e-07,0.0,2.3381328463676314e-05,False,,,0.05542725173210162,0.0,1.0,0,False,1,1.8,log_in,False,,0.0126,0.1715,0.0,0.1499,0.0988,0.0489,0.0167
100000004174835100,peripheral,0.95,0,0.021,Нет переводов ≥5 000 KZT внутри банка в выгрузке; признаков роли нет,True,0,21,0,0,0.0,0.0,0,0,,0.0,0,0,0,0,0.0,0.0002855692942172909,0.0,0.0,0.0,False,,,0.0,,0.0,0,False,0,2.14,log_out,False,,0.0238,0.0,0.0,0.0,0.001,0.0,0.0
100000004193835100,peripheral,0.531,3,0.3182,"Вход 47 тыс. от 1, выход 5 тыс. на 1; пороги ролей не достигнуты (seed: входящие занижены) [сквозной пропуск ≤2дн]",True,0,0,1,1,47000.0,5000.0,1,1,0.10638297872340426,1.0,7,0,1,0,47000.0,0.00046993013969558515,4.605582209465205e-07,6.973423260672585e-11,6.6775488917448465e-06,False,,,1.0,0.0,1.0,0,False,0,1.79,log_in,False,,0.0133,0.169,0.0,0.0799,0.0756,0.0199,0.0167
100000004269433100,peripheral,0.9,12,0.0199,"Вход 0 от 0, выход 1.4 млн на 1; пороги ролей не достигнуты (seed: входящие занижены)",True,0,0,0,1,0.0,1372000.0,0,67,,1.0,0,0,0,0,0.0,0.0002855692942172909,0.0,0.0,0.0,False,,,0.0,,0.0,0,False,0,0.66,log_out,False,,0.0225,0.0,0.0,0.0,0.001,0.0,0.0
100000004358004100,distributor,0.656,8,0.1265,Рассылает на 11 получателей 981 тыс. (веер 11:1); плательщиков 0 (seed: входящие занижены) [аномалия для колена],True,0,0,0,11,0.0,980850.0,0,17,,11.0,0,0,0,0,0.0,0.0002855692942172909,0.003638172668162093,0.0,0.0,False,,,0.0,,0.0,0,False,0,6.74,out_deg,True,,0.1312,0.0,0.0,0.0,0.001,0.0,0.0167
100000004388983100,peripheral,0.8,41,0.0178,"Вход 0 от 0, выход 451 тыс. на 2; пороги ролей не достигнуты (seed: входящие занижены)",True,0,12,0,2,0.0,450816.0,0,23,,2.0,0,0,0,0,0.0,0.0002855692942172909,0.0,0.0,0.0,False,,,0.0,,0.0,0,False,0,0.67,out_deg,False,,0.02,0.0,0.0,0.0,0.001,0.0,0.0
100000004714705100,peripheral,0.9,10,0.0199,"Вход 0 от 0, выход 37 тыс. на 1; пороги ролей не достигнуты (seed: входящие занижены)",True,0,0,0,1,0.0,36550.0,0,1,,1.0,0,0,0,0,0.0,0.0002855692942172909,0.0,0.0,0.0,False,,,0.0,,0.0,0,False,0,0.06,log_out,False,,0.0225,0.0,0.0,0.0,0.001,0.0,0.0
100000004723755100,peripheral,0.9,8,0.0199,"Вход 0 от 0, выход 95 тыс. на 1; пороги ролей не достигнуты (seed: входящие занижены)",True,0,0,0,1,0.0,95000.0,0,5,,1.0,0,0,0,0,0.0,0.0002855692942172909,0.0,0.0,0.0,False,,,0.0,,0.0,0,False,0,0.13,log_out,False,,0.0225,0.0,0.0,0.0,0.001,0.0,0.0
100000004813068100,peripheral,0.7,13,0.0157,"Вход 0 от 0, выход 297 тыс. на 3; пороги ролей не достигнуты (seed: входящие занижены)",True,0,0,0,3,0.0,297000.0,0,5,,3.0,0,0,0,0,0.0,0.0002855692942172909,1.57847465707e-313,0.0,0.0,False,,,0.0,,0.0,0,False,0,1.35,out_deg,False,,0.0175,0.0,0.0,0.0,0.001,0.0,0.0
100000004971871100,peripheral,0.677,40,0.2137,"Вход 25 тыс. от 1, выход 6 тыс. на 1; пороги ролей не достигнуты (seed: входящие занижены) [сквозной пропуск ≤2дн; возвратный поток]",True,0,10,1,1,25400.0,5650.0,3,1,0.22244094488188976,1.0,0,0,0,0,3306.682027649769,0.0007430293125206683,0.0,0.0,0.0,False,,,1.0,2.0,1.0,2,False,1,1.69,log_in,False,,0.0169,0.1091,0.0,0.0,0.092,0.0,0.0333
100000005017150100,peripheral,0.95,0,0.021,Нет переводов ≥5 000 KZT внутри банка в выгрузке; признаков роли нет,True,0,22,0,0,0.0,0.0,0,0,,0.0,0,0,0,0,0.0,0.0002855692942172909,0.0,0.0,0.0,False,,,0.0,,0.0,0,False,0,2.14,log_out,False,,0.0238,0.0,0.0,0.0,0.001,0.0,0.0
100000005087431100,peripheral,0.95,0,0.021,Нет переводов ≥5 000 KZT внутри банка в выгрузке; признаков роли нет,True,0,23,0,0,0.0,0.0,0,0,,0.0,0,0,0,0,0.0,0.0002855692942172909,0.0,0.0,0.0,False,,,0.0,,0.0,0,False,0,2.14,log_out,False,,0.0238,0.0,0.0,0.0,0.001,0.0,0.0
100000005235389100,peripheral,0.95,0,0.021,Нет переводов ≥5 000 KZT внутри банка в выгрузке; признаков роли нет,True,0,24,0,0,0.0,0.0,0,0,,0.0,0,0,0,0,0.0,0.0002855692942172909,0.0,0.0,0.0,False,,,0.0,,0.0,0,False,0,2.14,log_out,False,,0.0238,0.0,0.0,0.0,0.001,0.0,0.0
100000005264990100,peripheral,0.8,10,0.2931,"Вход 17 тыс. от 1, выход 122 тыс. на 2; пороги ролей не достигнуты (seed: входящие занижены)",True,0,0,1,2,17070.0,122000.0,1,2,7.147041593438781,2.0,7,0,1,0,3184.0640773778064,0.0003639962150845014,4.642405447761473e-07,2.8874363102964077e-07,7.765375105859955e-05,False,,,0.0,4.0,1.0,0,False,0,1.62,log_in,False,,0.02,0.1085,0.0,0.0799,0.0655,0.0708,0.0
100000005370580100,peripheral,0.699,21,0.1924,"Вход 24 тыс. от 1, выход 0 на 0; пороги ролей не достигнуты (seed: входящие занижены)",True,0,0,1,0,24075.0,0.0,1,0,0.0,0.0,7,0,1,0,333.8945396003463,0.0003459684664848734,0.0,4.259945964858586e-08,0.0,False,,,0.0,,1.0,0,False,0,2.14,log_out,False,,0.0175,0.067,0.0,0.0799,0.0619,0.0,0.0
100000005382566100,consolidator,0.818,10,0.6149,Получает от 7 плательщиков (6 seed) 393 тыс.; передаёт дальше 13%; сходятся потоки 14 seed (seed: входящие занижены) [сквозной пропуск ≤2дн; возвратный поток],True,0,0,7,1,393066.0,50000.0,11,1,0.12720510041570626,0.14285714285714285,14,0,6,6,340569.25581395347,0.002113262052157115,0.0,1.0820737657288771e-06,4.6366363224578456e-05,False,,,1.0,0.0,2.0,2,False,1,2.14,log_in,False,,0.184,0.1955,0.0,0.1499,0.0989,0.0618,0.0333
100000005386383100,peripheral,0.583,10,0.257,"Вход 38 тыс. от 2, выход 29 тыс. на 1; пороги ролей не достигнуты (seed: входящие занижены)",True,0,0,2,1,37500.0,29000.0,2,1,0.7733333333333333,0.5,7,0,2,0,538.6350458789672,0.0005243332756978218,4.605582209465205e-07,8.085030393836755e-298,2.852323925717123e-05,False,,,0.0,,2.0,0,False,0,1.75,log_in,False,,0.0146,0.0775,0.0,0.0799,0.0789,0.0514,0.0
100000005392290100,peripheral,0.9,43,0.0199,"Вход 0 от 0, выход 81 тыс. на 1; пороги ролей не достигнуты (seed: входящие занижены)",True,0,15,0,1,0.0,81465.0,0,1,,1.0,0,0,0,0,0.0,0.0002855692942172909,0.0,0.0,0.0,False,,,0.0,,0.0,0,False,0,0.1,log_out,False,,0.0225,0.0,0.0,0.0,0.001,0.0,0.0
100000005395727100,peripheral,0.8,3,0.1976,"Вход 17 тыс. от 1, выход 0 на 0; пороги ролей не достигнуты (seed: входящие занижены)",True,0,0,1,0,17000.0,0.0,1,0,0.0,0.0,7,0,1,0,317.8908952612073,0.0003712067299561801,0.0,4.9968235834670635e-298,0.0,False,,,0.0,,1.0,0,False,0,2.14,log_out,False,,0.02,0.0659,0.0,0.0799,0.0666,0.0,0.0
100000005409680100,terminal,0.812,19,0.3937,"Получил 55 тыс. от 2 плательщ.; исходящих нет, хотя колено 0 обходилось — деньги остались",True,0,0,2,0,55060.0,0.0,2,0,0.0,0.0,9,0,2,0,8290.805189927976,0.000633528818793162,0.0,3.582520483453153e-05,0.0,False,,observed,0.0,,1.0,0,False,0,2.14,log_out,False,,0.1117,0.1259,0.0,0.1361,0.0895,0.0,0.0
100000005417257100,peripheral,0.8,10,0.0178,"Вход 0 от 0, выход 106 тыс. на 2; пороги ролей не достигнуты (seed: входящие занижены)",True,0,0,0,2,0.0,106000.0,0,2,,2.0,0,0,0,0,0.0,0.0002855692942172909,0.0,0.0,0.0,False,,,0.0,,0.0,0,False,0,0.67,out_deg,False,,0.02,0.0,0.0,0.0,0.001,0.0,0.0
100000005454368100,terminal,0.792,21,0.3059,"Получил 49 тыс. от 2 плательщ.; исходящих нет, хотя колено 0 обходилось — деньги остались",True,0,0,2,0,48600.0,0.0,2,0,0.0,0.0,7,0,2,0,1933.4074785704288,0.000394192963208194,0.0,5.071743635436099e-06,0.0,False,,observed,0.0,,1.0,0,False,0,2.14,log_out,False,,0.1089,0.1013,0.0,0.0799,0.0698,0.0,0.0
100000005480435100,peripheral,0.95,0,0.021,Нет переводов ≥5 000 KZT внутри банка в выгрузке; признаков роли нет,True,0,25,0,0,0.0,0.0,0,0,,0.0,0,0,0,0,0.0,0.0002855692942172909,0.0,0.0,0.0,False,,,0.0,,0.0,0,False,0,2.14,log_out,False,,0.0238,0.0,0.0,0.0,0.001,0.0,0.0
100000005485830100,peripheral,0.5,35,0.0114,"Вход 0 от 0, выход 276 тыс. на 5; пороги ролей не достигнуты (seed: входящие занижены)",True,0,5,0,5,0.0,275885.0,0,9,,5.0,0,0,0,0,0.0,0.0002855692942172909,6.211515022315557e-271,0.0,0.0,False,,,0.0,,0.0,0,False,0,2.7,out_deg,False,,0.0125,0.0,0.0,0.0,0.001,0.0,0.0
100000005493505100,terminal,0.82,21,0.4843,"Получил 62 тыс. от 3 плательщ.; исходящих нет, хотя колено 0 обходилось — деньги остались",True,0,0,3,0,62020.0,0.0,3,0,0.0,0.0,11,1,2,1,23252.68641153129,0.0006174200765778783,0.0,4.3288934629498955e-08,0.0,False,,observed,0.0,,1.0,0,False,0,2.14,log_out,False,,0.1128,0.1523,0.067,0.1488,0.0889,0.0,0.0
100000005495722100,peripheral,0.95,0,0.021,Нет переводов ≥5 000 KZT внутри банка в выгрузке; признаков роли нет,True,0,26,0,0,0.0,0.0,0,0,,0.0,0,0,0,0,0.0,0.0002855692942172909,0.0,0.0,0.0,False,,,0.0,,0.0,0,False,0,2.14,log_out,False,,0.0238,0.0,0.0,0.0,0.001,0.0,0.0
100000005498992100,distributor,0.756,6,0.1435,Рассылает на 16 получателей 2.3 млн (веер 16:1); плательщиков 0 (seed: входящие занижены) [аномалия для колена],True,0,0,0,16,0.0,2262868.0,0,19,,16.0,0,0,0,0,0.0,0.0002855692942172909,0.0012206418250323488,0.0,0.0,False,,,0.0,,0.0,0,False,0,10.12,out_deg,True,,0.1512,0.0,0.0,0.0,0.001,0.0,0.0167
100000005519347100,peripheral,0.418,3,0.3593,"Вход 73 тыс. от 2, выход 99 тыс. на 1; пороги ролей не достигнуты (seed: входящие занижены)",True,0,0,2,1,73100.0,99000.0,2,1,1.3543091655266757,0.5,9,0,2,1,73100.0,0.0005567200012967696,1.135280671152267e-08,9.196224773141247e-257,1.5191258606343366e-06,False,,,0.0,6.0,1.0,0,False,0,1.86,log_in,False,,0.0105,0.1781,0.0,0.1361,0.0858,0.0124,0.0
100000005523088100,terminal,0.981,10,0.4943,"Получил 700 тыс. от 1 плательщ.; исходящих нет, хотя колено 0 обходилось — деньги остались",True,0,0,1,0,700000.0,0.0,2,0,0.0,0.0,15,0,1,1,700000.0,0.0017206377268585411,0.0,8.651557678785036e-09,0.0,False,,observed,0.0,,1.0,0,False,0,2.24,log_in,False,,0.1349,0.1988,0.0,0.15,0.0979,0.0,0.0
100000005543136100,peripheral,0.9,21,0.0199,"Вход 0 от 0, выход 10 тыс. на 1; пороги ролей не достигнуты (seed: входящие занижены)",True,0,0,0,1,0.0,10000.0,0,1,,1.0,0,0,0,0,0.0,0.0002855692942172909,1.842487578118373e-08,0.0,0.0,False,,,0.0,,0.0,0,False,0,0.32,log_out,False,,0.0225,0.0,0.0,0.0,0.001,0.0,0.0
100000005550592100,peripheral,0.95,0,0.021,Нет переводов ≥5 000 KZT внутри банка в выгрузке; признаков роли нет,True,0,27,0,0,0.0,0.0,0,0,,0.0,0,0,0,0,0.0,0.0002855692942172909,0.0,0.0,0.0,False,,,0.0,,0.0,0,False,0,2.14,log_out,False,,0.0238,0.0,0.0,0.0,0.001,0.0,0.0
100000005560900100,peripheral,0.95,0,0.021,Нет переводов ≥5 000 KZT внутри банка в выгрузке; признаков роли нет,True,0,28,0,0,0.0,0.0,0,0,,0.0,0,0,0,0,0.0,0.0002855692942172909,0.0,0.0,0.0,False,,,0.0,,0.0,0,False,0,2.14,log_out,False,,0.0238,0.0,0.0,0.0,0.001,0.0,0.0
100000005568407100,peripheral,0.95,0,0.021,Нет переводов ≥5 000 KZT внутри банка в выгрузке; признаков роли нет,True,0,29,0,0,0.0,0.0,0,0,,0.0,0,0,0,0,0.0,0.0002855692942172909,0.0,0.0,0.0,False,,,0.0,,0.0,0,False,0,2.14,log_out,False,,0.0238,0.0,0.0,0.0,0.001,0.0,0.0
100000005668605100,terminal,0.854,10,0.5717,"Получил 94 тыс. от 3 плательщ.; исходящих нет, хотя колено 0 обходилось — деньги остались",True,0,0,3,0,94500.0,0.0,3,0,0.0,0.0,10,2,3,1,64484.88684487288,0.0008383018688148931,0.0,2.9287205995163054e-06,0.0,False,,observed,0.0,,1.0,0,False,0,2.14,log_out,False,,0.1174,0.1757,0.142,0.1441,0.0934,0.0,0.0
100000005744674100,peripheral,0.9,10,0.0199,"Вход 0 от 0, выход 50 тыс. на 1; пороги ролей не достигнуты (seed: входящие занижены)",True,0,0,0,1,0.0,50066.0,0,2,,1.0,0,0,0,0,0.0,0.0002855692942172909,4.605582209465205e-07,0.0,0.0,False,,,0.0,,0.0,0,False,0,0.0,,False,,0.0225,0.0,0.0,0.0,0.001,0.0,0.0
100000006232815100,peripheral,0.258,26,0.2544,"Вход 160 тыс. от 1, выход 296 тыс. на 5; пороги ролей не достигнуты (seed: входящие занижены) [возвратный поток]",True,0,3,1,5,160000.0,296500.0,2,5,1.853125,5.0,0,0,0,0,56466.666666666664,0.0005566536352336269,5.920497266059633e-266,1.23619985386e-313,2.774055919419224e-06,False,,,0.0,4.0,1.0,0,False,1,2.7,out_deg,False,,0.0065,0.1745,0.0,0.0,0.0857,0.0159,0.0167
100000006249740100,peripheral,0.7,37,0.0157,"Вход 0 от 0, выход 93 тыс. на 3; пороги ролей не достигнуты (seed: входящие занижены)",True,0,8,0,3,0.0,93007.0,0,5,,3.0,0,0,0,0,0.0,0.0002855692942172909,1.1601484540645387e-302,0.0,0.0,False,,,0.0,,0.0,0,False,0,1.35,out_deg,False,,0.0175,0.0,0.0,0.0,0.001,0.0,0.0
100000006831291100,peripheral,0.9,37,0.0199,"Вход 0 от 0, выход 15 тыс. на 1; пороги ролей не достигнуты (seed: входящие занижены)",True,0,8,0,1,0.0,15000.0,0,3,,1.0,0,0,0,0,0.0,0.0002855692942172909,4.805492240397117e-303,0.0,0.0,False,,,0.0,,0.0,0,False,0,0.24,log_out,False,,0.0225,0.0,0.0,0.0,0.001,0.0,0.0
100000006866783100,consolidator,0.79,1,0.5448,Получает от 13 плательщиков (0 seed) 839 тыс.; передаёт дальше 471%; сходятся потоки 6 seed (seed: входящие занижены),True,0,0,13,67,838812.0,3948037.0,31,90,4.706700667133994,5.153846153846154,6,0,13,0,74933.97151742109,0.0008703719471294018,0.11545872381144652,0.0006837652487614569,0.006045225264012875,False,,,1.0,0.0,5.0,0,False,886,44.52,out_deg,True,,0.1778,0.1785,0.0,0.0412,0.0939,0.0997,0.05
100000007018630100,peripheral,0.9,42,0.0199,"Вход 0 от 0, выход 200 тыс. на 1; пороги ролей не достигнуты (seed: входящие занижены)",True,0,13,0,1,0.0,200000.0,0,5,,1.0,0,0,0,0,0.0,0.0002855692942172909,0.0,0.0,0.0,False,,,0.0,,0.0,0,False,0,0.27,log_out,False,,0.0225,0.0,0.0,0.0,0.001,0.0,0.0
100000007747786100,distributor,0.996,6,0.1843,Рассылает на 31 получателей 4.2 млн (веер 31:1); плательщиков 0 (seed: входящие занижены) [аномалия для колена],True,0,0,0,31,0.0,4238009.4,0,35,,31.0,0,0,0,0,0.0,0.0002855692942172909,0.0002329592957504322,0.0,0.0,False,,,0.0,,0.0,0,False,0,20.23,out_deg,True,,0.1992,0.0,0.0,0.0,0.001,0.0,0.0167
100000007982728100,peripheral,0.2,6,0.0192,"Вход 0 от 0, выход 1.8 млн на 8; пороги ролей не достигнуты (seed: входящие занижены) [аномалия для колена]",True,0,0,0,8,0.0,1804384.0,0,12,,8.0,0,0,0,0,0.0,0.0002855692942172909,0.00219446420588083,0.0,0.0,False,,,0.0,,0.0,0,False,0,4.72,out_deg,True,,0.005,0.0,0.0,0.0,0.001,0.0,0.0167
100000008117324100,peripheral,0.95,0,0.021,Нет переводов ≥5 000 KZT внутри банка в выгрузке; признаков роли нет,True,0,30,0,0,0.0,0.0,0,0,,0.0,0,0,0,0,0.0,0.0002855692942172909,0.0,0.0,0.0,False,,,0.0,,0.0,0,False,0,2.14,log_out,False,,0.0238,0.0,0.0,0.0,0.001,0.0,0.0
100000008205000100,peripheral,0.95,0,0.021,Нет переводов ≥5 000 KZT внутри банка в выгрузке; признаков роли нет,True,0,31,0,0,0.0,0.0,0,0,,0.0,0,0,0,0,0.0,0.0002855692942172909,0.0,0.0,0.0,False,,,0.0,,0.0,0,False,0,2.14,log_out,False,,0.0238,0.0,0.0,0.0,0.001,0.0,0.0
100000008314203100,peripheral,0.112,4,0.3652,"Вход 382 тыс. от 2, выход 327 тыс. на 2; пороги ролей не достигнуты (seed: входящие занижены) [возвратный поток]",True,0,0,2,2,382076.0,327000.0,10,13,0.8558506684533967,1.0,9,0,2,2,382076.0,0.0005029908624026965,4.0551893753340974e-05,1.0094203411348898e-06,0.0,False,,,0.48623853211009177,1.0,1.0,0,False,4,2.14,log_in,False,,0.0028,0.1963,0.0,0.1361,0.0778,0.0,0.0167
100000008418835100,peripheral,0.05,12,0.3434,"Вход 1.4 млн от 1, выход 186 тыс. на 4; пороги ролей не достигнуты (seed: входящие занижены) [сквозной пропуск ≤2дн]",True,0,0,1,4,1372000.0,186179.0,67,6,0.13569897959183674,4.0,1,0,0,1,1372000.0,0.0005285862410602082,0.0001284788729675816,0.0,0.0003166386685165656,False,,,0.8549782735969148,0.0,1.0,15,False,0,2.35,log_in,False,,0.0013,0.1999,0.0,0.0192,0.0791,0.0878,0.0167
100000008513251100,peripheral,0.95,0,0.021,Нет переводов ≥5 000 KZT внутри банка в выгрузке; признаков роли нет,True,0,32,0,0,0.0,0.0,0,0,,0.0,0,0,0,0,0.0,0.0002855692942172909,0.0,0.0,0.0,False,,,0.0,,0.0,0,False,0,2.14,log_out,False,,0.0238,0.0,0.0,0.0,0.001,0.0,0.0
100000008516839100,terminal,0.895,10,0.5848,"Получил 155 тыс. от 3 плательщ.; исходящих нет, хотя колено 0 обходилось — деньги остались",True,0,0,3,0,155000.0,0.0,4,0,0.0,0.0,10,2,1,1,101500.0,0.0010695838614429962,0.0,1.9273957495756453e-302,0.0,False,,observed,0.0,,2.0,0,False,0,2.14,log_out,False,,0.1231,0.1833,0.142,0.1441,0.0955,0.0,0.0
100000008522127100,peripheral,0.9,2,0.0199,"Вход 0 от 0, выход 145 тыс. на 1; пороги ролей не достигнуты (seed: входящие занижены)",True,0,0,0,1,0.0,145000.0,0,3,,1.0,0,0,0,0,0.0,0.0002855692942172909,0.0,0.0,0.0,False,,,0.0,,0.0,0,False,0,0.21,log_out,False,,0.0225,0.0,0.0,0.0,0.001,0.0,0.0
100000008571433100,peripheral,0.124,38,0.2873,"Вход 350 тыс. от 2, выход 1.4 млн на 2; пороги ролей не достигнуты (seed: входящие занижены) [сквозной пропуск ≤2дн; возвратный поток]",True,0,9,2,2,350000.0,1434000.0,2,3,4.097142857142857,1.0,0,0,0,0,350000.0,0.0016264807087207904,0.0,1.1290422900411576e-302,9.90734256935437e-07,False,,,0.7419804741980475,1.0,1.0,0,False,2,2.13,log_in,False,,0.0031,0.1957,0.0,0.0,0.0976,0.0082,0.0333
100000008575624100,peripheral,0.7,36,0.0157,"Вход 0 от 0, выход 90 тыс. на 3; пороги ролей не достигнуты (seed: входящие занижены)",True,0,6,0,3,0.0,89500.0,0,5,,3.0,0,0,0,0,0.0,0.0002855692942172909,2.4504290923355864e-283,0.0,0.0,False,,,0.0,,0.0,0,False,0,1.35,out_deg,False,,0.0175,0.0,0.0,0.0,0.001,0.0,0.0
100000008601794100,peripheral,0.077,39,0.2708,"Вход 494 тыс. от 2, выход 871 тыс. на 1; пороги ролей не достигнуты (seed: входящие занижены) [возвратный поток]",True,0,11,2,1,494400.0,871400.0,8,13,1.7625404530744337,0.5,0,0,0,0,494400.0,0.002367779758018107,0.0,1.1290422900411576e-302,3.962937027741748e-07,False,,,0.23112233187973377,0.0,1.0,2,False,2,2.18,log_in,False,,0.0019,0.1976,0.0,0.0,0.0992,0.0031,0.0167
100000008637537100,peripheral,0.05,4,0.4531,"Вход 620 тыс. от 3, выход 2.4 млн на 3; пороги ролей не достигнуты (seed: входящие занижены) [сквозной пропуск ≤2дн; возвратный поток]",True,0,0,3,3,619890.0,2351495.0,22,30,3.793406894771653,1.0,9,0,3,2,614602.1626885618,0.0008287331534345293,7.634003570283292e-07,9.450604061316873e-05,7.75353843868499e-05,False,,,1.0,1.0,2.0,4,False,4,2.22,log_in,False,,0.0013,0.1985,0.0,0.1361,0.0932,0.0706,0.0333
100000008650785100,peripheral,0.371,3,0.3846,"Вход 92 тыс. от 2, выход 120 тыс. на 2; пороги ролей не достигнуты (seed: входящие занижены)",True,0,0,2,2,92000.0,120120.0,2,2,1.3056521739130436,1.0,8,0,2,1,92000.0,0.0006125210138081811,4.707219009428233e-257,8.721849460936616e-09,2.242361868197206e-05,False,,,0.5829170829170829,2.5,1.0,0,False,0,1.9,log_in,False,,0.0093,0.1811,0.0,0.1253,0.0887,0.0481,0.0
100000008654653100,peripheral,0.9,3,0.0199,"Вход 0 от 0, выход 54 тыс. на 1; пороги ролей не достигнуты (seed: входящие занижены)",True,0,0,0,1,0.0,54000.0,0,1,,1.0,0,0,0,0,0.0,0.0002855692942172909,1.135280671152267e-08,0.0,0.0,False,,,0.0,,0.0,0,False,0,0.01,log_out,False,,0.0225,0.0,0.0,0.0,0.001,0.0,0.0
100000008659445100,peripheral,0.29,33,0.2674,"Вход 138 тыс. от 3, выход 875 тыс. на 4; пороги ролей не достигнуты (seed: входящие занижены) [возвратный поток]",True,0,7,3,4,138490.0,875150.0,7,18,6.319228825185934,1.3333333333333333,0,0,0,0,100355.97276021492,0.0024238038911821246,1.0956193335883486e-219,5.944816581440702e-220,9.90734256935437e-07,False,,,0.5178540821573444,2.5,2.0,2,False,11,2.02,out_deg,False,,0.0072,0.1831,0.0,0.0,0.0994,0.0082,0.0167
100000008669037100,peripheral,0.95,0,0.021,Нет переводов ≥5 000 KZT внутри банка в выгрузке; признаков роли нет,True,0,33,0,0,0.0,0.0,0,0,,0.0,0,0,0,0,0.0,0.0002855692942172909,0.0,0.0,0.0,False,,,0.0,,0.0,0,False,0,2.14,log_out,False,,0.0238,0.0,0.0,0.0,0.001,0.0,0.0
100000008673001100,peripheral,0.401,10,0.2417,"Вход 80 тыс. от 1, выход 0 на 0; пороги ролей не достигнуты (seed: входящие занижены)",True,0,0,1,0,80000.0,0.0,1,0,0.0,0.0,1,0,0,1,80000.0,0.0004689783107025115,0.0,0.0,0.0,False,,,0.0,,1.0,0,False,0,2.14,log_out,False,,0.01,0.1797,0.0,0.0192,0.0754,0.0,0.0
100000008680731100,distributor,0.931,13,0.1732,Рассылает на 27 получателей 1.5 млн (веер 27:1); плательщиков 0 (seed: входящие занижены) [аномалия для колена],True,0,0,0,27,0.0,1464354.0,0,28,,27.0,0,0,0,0,0.0,0.0002855692942172909,0.0005419654019757593,0.0,0.0,False,,,0.0,,0.0,0,False,0,17.54,out_deg,True,,0.1862,0.0,0.0,0.0,0.001,0.0,0.0167
100000008701222100,peripheral,0.95,0,0.021,Нет переводов ≥5 000 KZT внутри банка в выгрузке; признаков роли нет,True,0,34,0,0,0.0,0.0,0,0,,0.0,0,0,0,0,0.0,0.0002855692942172909,0.0,0.0,0.0,False,,,0.0,,0.0,0,False,0,2.14,log_out,False,,0.0238,0.0,0.0,0.0,0.001,0.0,0.0
100000008738325100,peripheral,0.588,10,0.2355,"Вход 37 тыс. от 1, выход 54 тыс. на 1; пороги ролей не достигнуты (seed: входящие занижены)",True,0,0,1,1,36550.0,54000.0,1,1,1.4774281805745555,1.0,1,0,0,1,36550.0,0.0005285862410602082,1.246538259851521e-06,0.0,1.981468513870874e-07,False,,,0.0,,1.0,0,False,0,1.75,log_in,False,,0.0147,0.1629,0.0,0.0192,0.0791,0.001,0.0
100000003134937100,peripheral,0.8,3,0.2363,"Вход 10 тыс. от 1, выход 0 на 0; пороги ролей не достигнуты",False,1,0,1,0,10286.0,0.0,1,0,0.0,0.0,7,0,1,1,10286.0,0.000286675224915866,0.0,0.0002952416008836587,0.0,False,,,0.0,,1.0,0,False,0,1.24,log_in,False,,0.02,0.1325,0.0,0.0799,0.0039,0.0,0.0
100000005074393100,peripheral,0.061,21,0.534,"Вход 563 тыс. от 4, выход 686 тыс. на 6; пороги ролей не достигнуты [возвратный поток]",False,1,0,4,6,563026.0,685500.0,5,10,1.2175281425724567,1.5,10,0,4,1,208901.83921992782,0.0010600834163353942,2.616706385549215e-06,0.0007322918293795484,0.00021697080226886072,False,,,0.06637490882567469,3.5,1.0,0,False,3,2.38,log_out,False,,0.0015,0.1919,0.0,0.1441,0.0955,0.0843,0.0167
100000001924185100,terminal,0.893,12,0.5742,"Получил 151 тыс. от 2 плательщ.; исходящих нет, хотя колено 1 обходилось — деньги остались",False,1,0,2,0,151000.0,0.0,2,0,0.0,0.0,11,1,2,2,151000.0,0.0003102198760278653,0.0,0.000583967546730587,0.0,False,,observed,0.0,,1.0,0,False,0,0.75,in_deg,False,,0.1228,0.1881,0.067,0.1488,0.0474,0.0,0.0
100000004070318100,distributor,0.619,4,0.5606,Рассылает на 19 получателей 552 тыс. (веер 5:1); плательщиков 4 [возвратный поток; аномалия для колена],False,1,0,4,19,207246.55,551860.0,6,37,2.662818753798314,4.75,7,0,4,1,65502.35021829161,0.00031412234761755547,0.004977218101410676,0.006655303260447475,0.0020732651297362425,False,,,0.5405972529264669,1.0,2.0,0,False,463,5.37,out_deg,True,,0.1238,0.1761,0.0,0.0799,0.0506,0.0968,0.0333
100000005807278100,peripheral,0.8,35,0.1912,"Вход 8 тыс. от 1, выход 0 на 0; пороги ролей не достигнуты",False,1,5,1,0,8385.0,0.0,1,0,0.0,0.0,1,0,0,1,8385.0,0.0002929553322377627,0.0,2.91876993847384e-271,0.0,False,,,0.0,,1.0,1,False,0,1.38,log_in,False,,0.02,0.1265,0.0,0.0192,0.0254,0.0,0.0
100000003377795100,peripheral,0.8,6,0.1636,"Вход 7 тыс. от 1, выход 0 на 0; пороги ролей не достигнуты",False,1,0,1,0,7000.0,0.0,1,0,0.0,0.0,1,0,0,1,7000.0,0.00028597068988854644,0.0,4.341414826156218e-06,0.0,False,,,0.0,,1.0,1,False,0,1.5,log_in,False,,0.02,0.1225,0.0,0.0192,0.0019,0.0,0.0
100000004330371100,peripheral,0.165,3,0.4754,"Вход 264 тыс. от 2, выход 91 тыс. на 2; пороги ролей не достигнуты [возвратный поток]",False,1,0,2,2,264171.0,90681.0,12,6,0.3432662934235779,1.0,7,0,2,1,168371.0,0.00125427193015661,5.358905817348002e-06,0.0002976021605979045,0.00033467003199279065,False,,,0.6495296699418842,1.0,2.0,3,False,2,2.02,log_out,False,,0.0041,0.1894,0.0,0.0799,0.0966,0.0886,0.0167
100000008165763100,coordinator,0.684,8,0.7812,"Сходятся деньги 9 seed, вход 1.2 млн; собирает и рассылает одновременно [4 плательщ. в 1 день; аномалия для колена]",False,1,0,15,17,1165815.0,1267858.0,26,17,1.087529324978663,1.1333333333333333,9,1,13,1,189758.79704514582,0.0009102399259160802,0.007660859163013643,0.0009408997446289472,0.00034529403323309597,False,,,0.6805848919989462,0.0,4.0,1,False,0,10.54,in_deg,True,собирает и рассылает одновременно,0.171,0.1903,0.067,0.1361,0.0947,0.0888,0.0333
100000001684867100,peripheral,0.623,3,0.2678,"Вход 31 тыс. от 1, выход 0 на 0; пороги ролей не достигнуты",False,1,0,1,0,30550.0,0.0,1,0,0.0,0.0,7,0,1,1,30550.0,0.00028885397075253017,0.0,0.0002952416008836587,0.0,False,,,0.0,,1.0,0,False,0,0.51,log_in,False,,0.0156,0.1597,0.0,0.0799,0.0125,0.0,0.0
100000003900547100,peripheral,0.707,3,0.2598,"Вход 24 тыс. от 1, выход 0 на 0; пороги ролей не достигнуты",False,1,0,1,0,23700.0,0.0,1,0,0.0,0.0,7,0,1,1,23700.0,0.00028811747208587257,0.0,0.0002952416008836587,0.0,False,,,0.0,,1.0,0,False,0,0.68,log_in,False,,0.0177,0.1537,0.0,0.0799,0.0085,0.0,0.0
100000006656003100,peripheral,0.754,5,0.2364,"Вход 20 тыс. от 1, выход 9 тыс. на 1; пороги ролей не достигнуты [сквозной пропуск ≤2дн; возвратный поток]",False,1,1,1,1,20000.0,9000.0,1,1,0.45,1.0,1,0,0,1,20000.0,0.0002897670599476741,3.300043693840602e-13,5.95500058530398e-11,0.0,False,,,1.0,0.0,1.0,0,False,1,1.61,log_out,False,,0.0189,0.1487,0.0,0.0192,0.0163,0.0,0.0333
100000008237827100,peripheral,0.565,8,0.3506,"Вход 40 тыс. от 1, выход 0 на 0; пороги ролей не достигнуты",False,1,0,1,0,40001.0,0.0,1,0,0.0,0.0,10,0,1,1,40001.0,0.00029357895180421055,0.0,0.0004611679456476809,0.0,False,,,0.0,,1.0,0,False,0,0.33,log_in,False,,0.0141,0.1653,0.0,0.1441,0.0271,0.0,0.0
100000003014659100,terminal,0.938,12,0.5052,"Получил 280 тыс. от 1 плательщ.; исходящих нет, хотя колено 1 обходилось — деньги остались",False,1,0,1,0,280000.0,0.0,1,0,0.0,0.0,8,0,1,1,280000.0,0.0003280369433880595,0.0,0.00012279960108290615,0.0,False,,observed,0.0,,1.0,0,False,0,0.98,log_in,False,,0.129,0.1939,0.0,0.1253,0.057,0.0,0.0
100000007939160100,peripheral,0.05,34,0.3299,"Вход 795 тыс. от 1, выход 14 тыс. на 2; пороги ролей не достигнуты [возвратный поток]",False,1,4,1,2,795000.0,14300.0,2,2,0.017987421383647798,2.0,1,0,0,1,795000.0,0.0006653456234025181,1.57847465707e-313,1.23619985386e-313,3.962937027741748e-07,False,,,0.0,,1.0,0,False,1,1.7,log_out,False,,0.0013,0.1993,0.0,0.0192,0.0904,0.0031,0.0167
100000007274584100,peripheral,0.58,8,0.3486,"Вход 38 тыс. от 1, выход 0 на 0; пороги ролей не достигнуты",False,1,0,1,0,38000.0,0.0,1,0,0.0,0.0,10,0,1,1,38000.0,0.0002931782787002525,0.0,0.0004611679456476809,0.0,False,,,0.0,,1.0,0,False,0,0.36,log_in,False,,0.0145,0.1639,0.0,0.1441,0.0261,0.0,0.0
100000001524952100,terminal,0.866,1,0.426,"Получил 104 тыс. от 1 плательщ.; исходящих нет, хотя колено 1 обходилось — деньги остались",False,1,0,1,0,103807.0,0.0,1,0,0.0,0.0,7,0,1,1,103807.0,0.00030504892931036134,0.0,0.0021516815362503513,0.0,False,,observed,0.0,,1.0,0,False,0,0.32,log_in,False,,0.1191,0.1835,0.0,0.0799,0.0435,0.0,0.0
100000003131693100,terminal,0.951,8,0.5344,"Получил 353 тыс. от 1 плательщ.; исходящих нет, хотя колено 1 обходилось — деньги остались",False,1,0,1,0,353277.0,0.0,1,0,0.0,0.0,10,0,1,1,353277.0,0.0003563082208274809,0.0,0.0004611679456476809,0.0,False,,observed,0.0,,1.0,0,False,0,1.14,log_in,False,,0.1308,0.1958,0.0,0.1441,0.0637,0.0,0.0
100000008383405100,peripheral,0.687,13,0.2354,"Вход 25 тыс. от 1, выход 0 на 0; пороги ролей не достигнуты",False,1,0,1,0,25000.0,0.0,2,0,0.0,0.0,1,0,0,1,25000.0,0.0003060252661737654,0.0,1.23619985386e-313,0.0,False,,,0.0,,1.0,1,False,0,0.64,log_in,False,,0.0172,0.1548,0.0,0.0192,0.0443,0.0,0.0
100000008736173100,peripheral,0.621,5,0.218,"Вход 31 тыс. от 1, выход 0 на 0; пороги ролей не достигнуты",False,1,1,1,0,31060.0,0.0,1,0,0.0,0.0,1,0,0,1,31060.0,0.000292088424396576,0.0,5.95500058530398e-11,0.0,False,,,0.0,,1.0,0,False,0,0.5,log_in,False,,0.0155,0.1598,0.0,0.0192,0.0234,0.0,0.0
100000002861485100,peripheral,0.645,3,0.2661,"Вход 29 тыс. от 1, выход 0 на 0; пороги ролей не достигнуты",False,1,0,1,0,29323.0,0.0,1,0,0.0,0.0,7,0,1,1,29323.0,0.00028872204610085294,0.0,0.0002952416008836587,0.0,False,,,0.0,,1.0,0,False,0,0.54,log_in,False,,0.0161,0.1585,0.0,0.0799,0.0116,0.0,0.0
100000008745474100,peripheral,0.563,5,0.2272,"Вход 41 тыс. от 1, выход 0 на 0; пороги ролей не достигнуты",False,1,1,1,0,40559.0,0.0,1,0,0.0,0.0,1,0,0,1,40559.0,0.0002940821532302215,0.0,5.95500058530398e-11,0.0,False,,,0.0,,1.0,0,False,0,0.32,log_in,False,,0.0141,0.1655,0.0,0.0192,0.0283,0.0,0.0
100000008691330100,peripheral,0.731,5,0.2054,"Вход 21 тыс. от 1, выход 0 на 0; пороги ролей не достигнуты",False,1,1,1,0,21440.0,0.0,1,0,0.0,0.0,1,0,0,1,21440.0,0.0002900692990802617,0.0,5.95500058530398e-11,0.0,False,,,0.0,,1.0,0,False,0,0.75,log_in,False,,0.0183,0.1506,0.0,0.0192,0.0173,0.0,0.0
100000007639767100,peripheral,0.05,4,0.3895,"Вход 91 тыс. от 4, выход 822 тыс. на 10; пороги ролей не достигнуты [возвратный поток]",False,1,0,4,10,90913.0,822244.0,4,13,9.044295095310902,2.5,7,0,4,1,23825.16017846584,0.000301440039227222,0.0025974458856988735,0.00602593904792015,0.002511221199648504,False,,,0.0951663982953965,6.0,1.0,0,False,590,2.82,out_deg,False,,0.0013,0.1539,0.0,0.0799,0.0401,0.0977,0.0167
100000002921047100,peripheral,0.129,6,0.5111,"Вход 338 тыс. от 2, выход 163 тыс. на 1; пороги ролей не достигнуты [сквозной пропуск ≤2дн]",False,1,0,2,1,338000.0,163000.02,2,1,0.48224857988165676,0.5,9,1,1,1,175143.27025306277,0.00031704809387447845,0.0,5.617562798651181e-06,2.159800680119253e-05,False,,,1.0,0.0,1.0,0,False,0,2.13,log_out,False,,0.0032,0.1896,0.067,0.1361,0.0523,0.0462,0.0167
100000004783447100,peripheral,0.666,5,0.2132,"Вход 26 тыс. от 1, выход 0 на 0; пороги ролей не достигнуты",False,1,1,1,0,26200.0,0.0,1,0,0.0,0.0,1,0,0,1,26200.0,0.0002910683673240929,0.0,5.95500058530398e-11,0.0,False,,,0.0,,1.0,0,False,0,0.61,log_in,False,,0.0167,0.1569,0.0,0.0192,0.0204,0.0,0.0
100000008696919100,peripheral,0.615,5,0.219,"Вход 32 тыс. от 1, выход 0 на 0; пороги ролей не достигнуты",False,1,1,1,0,31945.0,0.0,1,0,0.0,0.0,1,0,0,1,31945.0,0.00029227417553014546,0.0,5.95500058530398e-11,0.0,False,,,0.0,,1.0,0,False,0,0.48,log_in,False,,0.0154,0.1604,0.0,0.0192,0.024,0.0,0.0
100000008736940100,peripheral,0.089,33,0.357,"Вход 451 тыс. от 3, выход 182 тыс. на 3; пороги ролей не достигнуты [сквозной пропуск ≤2дн; возвратный поток]",False,1,7,3,3,451090.0,182100.0,13,6,0.40368884258130305,1.0,1,0,0,1,365585.3534091382,0.0024141567490764664,8.027279124223243e-220,6.780056539704108e-220,7.925874055483496e-07,False,,,1.0,0.0,2.0,1,False,11,2.15,log_out,False,,0.0022,0.196,0.0,0.0192,0.0993,0.0069,0.0333
100000005940652100,peripheral,0.8,4,0.299,"Вход 8 тыс. от 1, выход 0 на 0; пороги ролей не достигнуты",False,1,0,1,0,8395.0,0.0,1,0,0.0,0.0,10,0,1,1,8395.0,0.00028808836221548404,0.0,1.4226681178871096e-08,0.0,False,,,0.0,,1.0,1,False,0,1.38,log_in,False,,0.02,0.1266,0.0,0.1441,0.0083,0.0,0.0
100000004180097100,peripheral,0.334,17,0.4848,"Вход 105 тыс. от 3, выход 48 тыс. на 3; пороги ролей не достигнуты [сквозной пропуск ≤2дн; возвратный поток]",False,1,0,3,3,104854.0,47800.0,5,7,0.4558719743643542,1.0,7,0,3,1,97496.166344294,0.0008565318930578581,7.623100905825776e-06,0.002186648712414723,0.0003136664657457594,False,,,0.8577405857740585,0.0,1.0,3,False,3,1.91,log_out,False,,0.0084,0.1821,0.0,0.0799,0.0936,0.0875,0.0333
100000005539201100,peripheral,0.539,3,0.3409,"Вход 46 тыс. от 1, выход 25 тыс. на 1; пороги ролей не достигнуты",False,1,0,1,1,45504.0,25000.0,1,1,0.5494022503516175,1.0,7,0,1,1,45504.0,0.0002904617957249677,0.0,0.0002952416008836587,4.197410801883135e-05,False,,,0.0,,1.0,0,False,0,1.79,log_out,False,,0.0135,0.1683,0.0,0.0799,0.0186,0.0606,0.0
100000005620225100,terminal,0.795,1,0.3891,"Получил 50 тыс. от 2 плательщ.; исходящих нет, хотя колено 1 обходилось — деньги остались",False,1,0,2,0,49845.66,0.0,2,0,0.0,0.0,7,0,2,1,43929.315772511814,0.000296236243145001,0.0,0.0027944971937982335,0.0,False,,observed,0.0,,1.0,1,False,0,0.75,in_deg,False,,0.1093,0.1675,0.0,0.0799,0.0324,0.0,0.0
100000004388353100,terminal,0.821,12,0.461,"Получил 63 тыс. от 2 плательщ.; исходящих нет, хотя колено 1 обходилось — деньги остались",False,1,0,2,0,62960.0,0.0,2,0,0.0,0.0,8,0,2,1,35569.82956298683,0.00034075907407916386,0.0,0.00015190147131170908,0.0,False,,observed,0.0,,1.0,0,False,0,0.75,in_deg,False,,0.1129,0.1622,0.0,0.1253,0.0607,0.0,0.0
100000007442518100,consolidator,0.596,14,0.5582,Получает от 5 плательщиков (1 seed) 510 тыс.; передаёт дальше 867%; сходятся потоки 7 seed [сквозной пропуск ≤2дн; возвратный поток],False,1,0,5,9,510000.0,4419999.0,8,12,8.666664705882352,1.8,7,0,5,1,12004.5784922854,0.0006487732246506228,2.0802215252620644e-05,0.005493256542748975,0.0002522409418157623,False,,,0.8993212441903268,2.0,1.0,1,False,1,3.01,in_deg,False,,0.1341,0.1357,0.0,0.0799,0.0898,0.0853,0.0333
100000000267734100,peripheral,0.238,28,0.33,"Вход 180 тыс. от 2, выход 282 тыс. на 7; пороги ролей не достигнуты [возвратный поток]",False,1,0,2,7,180000.0,282000.0,4,8,1.5666666666666667,3.5,1,0,0,1,152432.43241979645,0.0005373190777888428,6.528287914301861e-241,4.376405718364655e-06,3.5666433249675733e-06,False,,,0.4148936170212766,7.5,1.0,0,False,1,2.22,log_out,False,,0.006,0.1885,0.0,0.0192,0.0824,0.0172,0.0167
100000001987030100,peripheral,0.6,3,0.3118,"Вход 31 тыс. от 2, выход 19 тыс. на 1; пороги ролей не достигнуты",False,1,0,2,1,30864.0,19000.0,2,1,0.6156039398652151,0.5,7,0,2,1,7872.726183579984,0.0002938727535543705,1.8969132524858429e-06,0.0003309179489902753,5.706629319948117e-05,False,,,0.0,13.0,1.0,1,False,0,1.75,log_out,False,,0.015,0.1248,0.0,0.0799,0.028,0.0641,0.0
100000002603478100,peripheral,0.714,13,0.2049,"Вход 24 тыс. от 1, выход 0 на 0; пороги ролей не достигнуты",False,1,0,1,0,23500.0,0.0,1,0,0.0,0.0,1,0,0,1,23500.0,0.0002894692379814412,0.0,1.0100033243240566e-05,0.0,False,,,0.0,,1.0,0,False,0,0.69,log_in,False,,0.0178,0.1528,0.0,0.0192,0.015,0.0,0.0
100000001380054100,peripheral,0.303,26,0.3371,"Вход 127 тыс. от 2, выход 360 тыс. на 3; пороги ролей не достигнуты [возвратный поток]",False,1,3,2,3,127050.0,360000.0,2,4,2.833530106257379,1.5,1,0,0,1,127050.0,0.0007164305424822365,1.57847465707e-313,3.417408459681889e-266,2.774055919419224e-06,False,,,0.5555555555555556,3.5,1.0,1,False,2,2.27,log_out,False,,0.0076,0.1862,0.0,0.0192,0.0915,0.0159,0.0167
100000002992171100,peripheral,0.8,5,0.191,"Вход 15 тыс. от 1, выход 0 на 0; пороги ролей не достигнуты",False,1,1,1,0,14627.0,0.0,1,0,0.0,0.0,1,0,0,1,14627.0,0.0002886393301842066,0.0,5.95500058530398e-11,0.0,False,,,0.0,,1.0,0,False,0,1.0,log_in,False,,0.02,0.1408,0.0,0.0192,0.011,0.0,0.0
100000002781227100,transit,0.621,2,0.5139,"Пропуск 111%: получил 191 тыс., отдал 212 тыс.; 2→3 контрагента; в ≤2 дн ушло 81% [сквозной пропуск ≤2дн; возвратный поток]",False,1,0,2,3,191167.62,212420.0,8,10,1.1111714421092862,1.5,1,0,0,1,191167.62,0.0023265921896669563,2.655928868377595e-06,0.0,0.00013295653728073565,False,,,0.8116938141417945,1.5,1.0,3,False,1,2.17,log_out,False,,0.0932,0.1904,0.0,0.0192,0.0992,0.0786,0.0333
100000008745643100,peripheral,0.74,5,0.2036,"Вход 20 тыс. от 1, выход 0 на 0; пороги ролей не достигнуты",False,1,1,1,0,20313.0,0.0,1,0,0.0,0.0,1,0,0,1,20313.0,0.0002898327549813546,0.0,5.95500058530398e-11,0.0,False,,,0.0,,1.0,0,False,0,0.78,log_in,False,,0.0185,0.1493,0.0,0.0192,0.0165,0.0,0.0
100000002836736100,terminal,0.972,6,0.5112,"Получил 509 тыс. от 2 плательщ.; исходящих нет, хотя колено 1 обходилось — деньги остались",False,1,0,2,0,509000.0,0.0,2,0,0.0,0.0,3,1,1,1,325017.77777777775,0.0004517900546889058,0.0,5.452157648143751e-06,0.0,False,,observed,0.0,,2.0,0,False,0,1.39,log_in,False,,0.1337,0.1949,0.067,0.041,0.0746,0.0,0.0
100000004188160100,peripheral,0.383,3,0.4166,"Вход 88 тыс. от 2, выход 134 тыс. на 5; пороги ролей не достигнуты [возвратный поток]",False,1,0,2,5,87862.0,133846.0,5,6,1.5233661878855478,2.5,7,0,2,1,79507.89509797143,0.0002968274021349181,9.60930845811675e-05,0.0003309179489902753,0.002460104826647164,False,,,0.38653377762503177,0.5,1.0,1,False,6,2.09,log_out,False,,0.0096,0.1796,0.0,0.0799,0.0333,0.0975,0.0167
100000004841728100,peripheral,0.486,5,0.2368,"Вход 52 тыс. от 1, выход 0 на 0; пороги ролей не достигнуты",False,1,1,1,0,52208.0,0.0,1,0,0.0,0.0,1,0,0,1,52208.0,0.00029652714187988316,0.0,5.95500058530398e-11,0.0,False,,,0.0,,1.0,0,False,0,0.15,log_in,False,,0.0122,0.1725,0.0,0.0192,0.0329,0.0,0.0
100000001554432100,peripheral,0.477,8,0.3619,"Вход 54 тыс. от 1, выход 0 на 0; пороги ролей не достигнуты",False,1,0,1,0,53920.0,0.0,1,0,0.0,0.0,10,0,1,1,53920.0,0.00029636604272574585,0.0,0.0004611679456476809,0.0,False,,,0.0,,1.0,0,False,0,0.13,log_in,False,,0.0119,0.1733,0.0,0.1441,0.0326,0.0,0.0
100000008768896100,peripheral,0.528,5,0.2325,"Вход 47 тыс. от 1, выход 0 на 0; пороги ролей не достигнуты",False,1,1,1,0,47060.0,0.0,1,0,0.0,0.0,1,0,0,1,47060.0,0.0002954466369808825,0.0,5.95500058530398e-11,0.0,False,,,0.0,,1.0,0,False,0,0.22,log_in,False,,0.0132,0.1691,0.0,0.0192,0.0309,0.0,0.0
100000008232832100,peripheral,0.13,4,0.4199,"Вход 337 тыс. от 1, выход 138 тыс. на 1; пороги ролей не достигнуты",False,1,0,1,1,337000.0,138000.0,2,1,0.4094955489614243,1.0,10,0,1,1,337000.0,0.0004942271899045276,1.2324458498178156e-05,9.951936599560188e-07,0.0,False,,,0.0,,1.0,0,False,0,2.1,log_out,False,,0.0032,0.1954,0.0,0.1441,0.0772,0.0,0.0
100000002864256100,terminal,0.883,8,0.5016,"Получил 136 тыс. от 1 плательщ.; исходящих нет, хотя колено 1 обходилось — деньги остались",False,1,0,1,0,135780.0,0.0,1,0,0.0,0.0,10,0,1,1,135780.0,0.0003127573971935152,0.0,0.0004611679456476809,0.0,False,,observed,0.0,,1.0,0,False,0,0.5,log_in,False,,0.1214,0.1868,0.0,0.1441,0.0494,0.0,0.0
100000001929088100,terminal,0.958,6,0.4876,"Получил 396 тыс. от 2 плательщ.; исходящих нет, хотя колено 1 обходилось — деньги остались",False,1,0,2,0,396010.0,0.0,2,0,0.0,0.0,2,1,0,2,396010.0,0.0003175873990634125,0.0,2.7089219328016247e-05,0.0,False,,observed,0.0,,1.0,0,False,0,1.22,log_in,False,,0.1317,0.1965,0.067,0.0397,0.0527,0.0,0.0
100000002794197100,peripheral,0.625,6,0.1998,"Вход 30 тыс. от 1, выход 0 на 0; пороги ролей не достигнуты",False,1,0,1,0,30100.0,0.0,1,0,0.0,0.0,1,0,0,1,30100.0,0.0002872952956036898,0.0,4.341414826156218e-06,0.0,False,,,0.0,,1.0,0,False,0,0.52,log_in,False,,0.0156,0.1591,0.0,0.0192,0.0058,0.0,0.0
100000005669845100,peripheral,0.754,26,0.2393,"Вход 20 тыс. от 1, выход 0 на 0; пороги ролей не достигнуты",False,1,3,1,0,20000.0,0.0,1,0,0.0,0.0,1,0,0,1,20000.0,0.0003175358448925586,0.0,2.6231749817115585e-266,0.0,False,,,0.0,,1.0,0,False,0,0.79,log_in,False,,0.0189,0.1487,0.0,0.0192,0.0525,0.0,0.0
100000002211413100,peripheral,0.586,5,0.2237,"Вход 37 тыс. от 1, выход 0 на 0; пороги ролей не достигнуты",False,1,1,1,0,37000.0,0.0,1,0,0.0,0.0,1,0,0,1,37000.0,0.00029333516081849983,0.0,5.95500058530398e-11,0.0,False,,,0.0,,1.0,0,False,0,0.38,log_in,False,,0.0146,0.1632,0.0,0.0192,0.0266,0.0,0.0
100000002784085100,terminal,0.915,6,0.3813,"Получил 200 тыс. от 1 плательщ.; исходящих нет, хотя колено 1 обходилось — деньги остались",False,1,0,1,0,200000.0,0.0,1,0,0.0,0.0,1,0,0,1,200000.0,0.0003070479617173764,0.0,2.274780450186003e-05,0.0,False,,observed,0.0,,1.0,0,False,0,0.76,log_in,False,,0.1258,0.1911,0.0,0.0192,0.0451,0.0,0.0
100000008782421100,peripheral,0.515,5,0.2351,"Вход 50 тыс. от 1, выход 0 на 0; пороги ролей не достигнуты",False,1,1,1,0,49680.0,0.0,1,0,0.0,0.0,1,0,0,1,49680.0,0.00029599654429156275,0.0,5.95500058530398e-11,0.0,False,,,0.0,,1.0,0,False,0,0.18,log_in,False,,0.0129,0.171,0.0,0.0192,0.032,0.0,0.0
100000003739818100,peripheral,0.464,8,0.3642,"Вход 57 тыс. от 1, выход 0 на 0; пороги ролей не достигнуты",False,1,0,1,0,57293.0,0.0,1,0,0.0,0.0,10,0,1,1,57293.0,0.00029704144021682556,0.0,0.0004611679456476809,0.0,False,,,0.0,,1.0,0,False,0,0.08,log_in,False,,0.0116,0.1747,0.0,0.1441,0.0338,0.0,0.0
100000002214570100,peripheral,0.662,5,0.2137,"Вход 26 тыс. от 1, выход 0 на 0; пороги ролей не достигнуты",False,1,1,1,0,26471.0,0.0,1,0,0.0,0.0,1,0,0,1,26471.0,0.0002911252470497396,0.0,5.95500058530398e-11,0.0,False,,,0.0,,1.0,0,False,0,0.61,log_in,False,,0.0166,0.1573,0.0,0.0192,0.0206,0.0,0.0
100000006443391100,peripheral,0.385,6,0.3477,"Вход 87 тыс. от 3, выход 60 тыс. на 2; пороги ролей не достигнуты [сквозной пропуск ≤2дн; возвратный поток]",False,1,0,3,2,86775.93,60041.71000000001,7,6,0.6919166409394865,0.6666666666666666,1,0,0,1,67055.17166666666,0.0024195077535015437,0.0,2.3115979173654374e-05,1.1888811083225246e-06,False,,,0.8944885147341739,0.0,1.0,3,False,2,1.95,log_out,False,,0.0096,0.1763,0.0,0.0192,0.0993,0.0098,0.0333
100000005473151100,peripheral,0.05,6,0.5069,"Вход 1.2 млн от 3, выход 225 тыс. на 4; пороги ролей не достигнуты [сквозной пропуск ≤2дн; возвратный поток]",False,1,0,3,4,1220000.0,225000.0,4,6,0.18442622950819673,1.3333333333333333,9,0,2,1,65265.663324618996,0.0004682674337196517,1.5362965042255266e-289,6.24798576098583e-06,0.00024159762522697013,False,,,0.9111111111111111,0.0,2.0,0,False,1,2.18,log_out,False,,0.0013,0.176,0.0,0.1361,0.0754,0.0848,0.0333
100000005124479100,peripheral,0.29,1,0.4265,"Вход 138 тыс. от 2, выход 22 тыс. на 2; пороги ролей не достигнуты",False,1,0,2,2,137753.0,22000.0,2,2,0.15970614070110994,1.0,10,0,2,1,49443.48108217674,0.0003032300539809193,0.0,0.0015931063416129122,4.755524433290098e-05,False,,,0.0,4.0,1.0,0,False,0,1.77,log_out,False,,0.0072,0.1709,0.0,0.1441,0.0422,0.0621,0.0
100000005527892100,peripheral,0.195,2,0.5142,"Вход 220 тыс. от 3, выход 552 тыс. на 8; пороги ролей не достигнуты",False,1,0,3,8,220001.0,552419.0,3,8,2.510984040981632,2.6666666666666665,8,1,1,1,70308.96213060035,0.00031243167214621076,3.0608801804672296e-06,0.0030873351541898905,0.0004955713375099349,False,,,0.6232949989048168,1.5,1.0,0,False,0,2.34,log_out,False,,0.0049,0.1777,0.067,0.1253,0.0492,0.0902,0.0
100000008028628100,peripheral,0.465,5,0.2399,"Вход 57 тыс. от 1, выход 0 на 0; пороги ролей не достигнуты",False,1,1,1,0,57224.0,0.0,1,0,0.0,0.0,1,0,0,1,57224.0,0.0002975799415250633,0.0,5.95500058530398e-11,0.0,False,,,0.0,,1.0,0,False,0,0.09,log_in,False,,0.0116,0.1746,0.0,0.0192,0.0344,0.0,0.0
100000001953577100,peripheral,0.8,5,0.1945,"Вход 16 тыс. от 1, выход 0 на 0; пороги ролей не достигнуты",False,1,1,1,0,15600.0,0.0,1,0,0.0,0.0,1,0,0,1,15600.0,0.00028884355148698975,0.0,5.95500058530398e-11,0.0,False,,,0.0,,1.0,0,False,0,0.96,log_in,False,,0.02,0.143,0.0,0.0192,0.0123,0.0,0.0
100000008193577100,peripheral,0.263,33,0.3359,"Вход 154 тыс. от 2, выход 480 тыс. на 5; пороги ролей не достигнуты [возвратный поток]",False,1,7,2,5,154300.0,480180.0,6,16,3.1119896305897603,2.5,1,0,0,1,154300.0,0.0012389478209868787,1.2819254376517169e-219,4.8275754444071506e-220,9.90734256935437e-07,False,,,0.10410679328585114,3.0,1.0,2,False,10,2.32,log_out,False,,0.0066,0.1887,0.0,0.0192,0.0966,0.0082,0.0167
100000008753193100,peripheral,0.594,5,0.2216,"Вход 35 тыс. от 1, выход 0 на 0; пороги ролей не достигнуты",False,1,1,1,0,35225.0,0.0,1,0,0.0,0.0,1,0,0,1,35225.0,0.0002929626091099283,0.0,5.95500058530398e-11,0.0,False,,,0.0,,1.0,0,False,0,0.41,log_in,False,,0.0148,0.1619,0.0,0.0192,0.0255,0.0,0.0
100000008746025100,peripheral,0.727,5,0.2063,"Вход 22 тыс. от 1, выход 0 на 0; пороги ролей не достигнуты",False,1,1,1,0,22000.0,0.0,1,0,0.0,0.0,1,0,0,1,22000.0,0.0002901868365207124,0.0,5.95500058530398e-11,0.0,False,,,0.0,,1.0,0,False,0,0.73,log_in,False,,0.0182,0.1513,0.0,0.0192,0.0176,0.0,0.0
100000002934441100,terminal,0.819,1,0.3967,"Получил 61 тыс. от 2 плательщ.; исходящих нет, хотя колено 1 обходилось — деньги остались",False,1,0,2,0,60845.6,0.0,2,0,0.0,0.0,7,0,2,1,36094.42219627478,0.00030248130107500554,0.0,0.0027944971937982335,0.0,False,,observed,0.0,,2.0,0,False,0,0.75,in_deg,False,,0.1126,0.1628,0.0,0.0799,0.0413,0.0,0.0
100000003701161100,peripheral,0.05,27,0.4941,"Вход 1.5 млн от 4, выход 349 тыс. на 3; пороги ролей не достигнуты [сквозной пропуск ≤2дн; возвратный поток]",False,1,0,4,3,1527103.0,349000.0,13,7,0.22853730232996727,0.75,7,0,4,1,504507.17766791704,0.0016488161626324826,2.777311436748236e-06,0.00039351920806451885,0.00021300786524111896,False,,,1.0,1.0,2.0,0,False,4,2.26,log_out,False,,0.0013,0.1978,0.0,0.0799,0.0976,0.0841,0.0333
100000006707582100,distributor,0.616,6,0.516,Рассылает на 14 получателей 961 тыс. (веер 7:1); плательщиков 2 [сквозной пропуск ≤2дн; возвратный поток; аномалия для колена],False,1,0,2,14,39520.0,961138.0,2,15,24.320293522267207,7.0,1,0,0,1,22408.470376783825,0.000538055648514295,0.0012464161468100688,2.292968114368121e-05,0.00036346737439438065,False,,,0.9479783340165512,1.0,1.0,0,False,1,3.95,out_deg,True,,0.1232,0.1517,0.0,0.0192,0.0826,0.0893,0.05
100000003239379100,peripheral,0.37,13,0.2491,"Вход 92 тыс. от 1, выход 0 на 0; пороги ролей не достигнуты",False,1,0,1,0,92500.0,0.0,1,0,0.0,0.0,1,0,0,1,92500.0,0.00030092013669320166,0.0,1.0100033243240566e-05,0.0,False,,,0.0,,1.0,0,False,0,0.24,log_in,False,,0.0092,0.1811,0.0,0.0192,0.0395,0.0,0.0
100000000979923100,peripheral,0.357,12,0.3552,"Вход 98 тыс. от 1, выход 0 на 0; пороги ролей не достигнуты",False,1,0,1,0,97900.0,0.0,1,0,0.0,0.0,8,0,1,1,97900.0,0.0003004178044094989,0.0,0.00012279960108290615,0.0,False,,,0.0,,1.0,0,False,0,0.28,log_in,False,,0.0089,0.1823,0.0,0.1253,0.0387,0.0,0.0
100000001111763100,peripheral,0.799,5,0.1974,"Вход 17 тыс. от 1, выход 0 на 0; пороги ролей не достигнуты",False,1,1,1,0,17144.0,0.0,1,0,0.0,0.0,1,0,0,1,17144.0,0.0002891676190013754,0.0,5.95500058530398e-11,0.0,False,,,0.0,,1.0,0,False,0,0.9,log_in,False,,0.02,0.1447,0.0,0.0192,0.0135,0.0,0.0
100000003865939100,peripheral,0.398,43,0.2882,"Вход 81 тыс. от 1, выход 0 на 0; пороги ролей не достигнуты",False,1,15,1,0,81465.0,0.0,1,0,0.0,0.0,1,0,0,1,81465.0,0.0005285862410602082,0.0,0.0,0.0,False,,,0.0,,1.0,0,False,0,0.15,log_in,False,,0.01,0.1799,0.0,0.0192,0.0791,0.0,0.0
100000002858835100,peripheral,0.698,5,0.2102,"Вход 24 тыс. от 1, выход 0 на 0; пороги ролей не достигнуты",False,1,1,1,0,24400.0,0.0,1,0,0.0,0.0,1,0,0,1,24400.0,0.0002906905684083584,0.0,5.95500058530398e-11,0.0,False,,,0.0,,1.0,0,False,0,0.66,log_in,False,,0.0174,0.1543,0.0,0.0192,0.0192,0.0,0.0
100000003404627100,terminal,0.987,4,0.6636,"Получил 878 тыс. от 4 плательщ.; исходящих нет, хотя колено 1 обходилось — деньги остались [3 плательщ. в 1 день]",False,1,0,4,0,877700.0,0.0,5,0,0.0,0.0,11,1,4,1,614463.0697480498,0.0013785777125656824,0.0,2.8956107200269595e-05,0.0,False,,observed,0.0,,3.0,0,False,0,2.26,in_deg,False,,0.1357,0.1984,0.067,0.1488,0.0971,0.0,0.0167
100000008691027100,peripheral,0.79,5,0.1982,"Вход 18 тыс. от 1, выход 0 на 0; пороги ролей не достигнуты",False,1,1,1,0,17534.0,0.0,1,0,0.0,0.0,1,0,0,1,17534.0,0.00028924947543311784,0.0,5.95500058530398e-11,0.0,False,,,0.0,,1.0,0,False,0,0.88,log_in,False,,0.0198,0.1453,0.0,0.0192,0.0139,0.0,0.0
100000004071080100,consolidator,0.763,1,0.629,Получает от 9 плательщиков (1 seed) 239 тыс.; передаёт дальше 19%; сходятся потоки 7 seed [сквозной пропуск ≤2дн; возвратный поток; аномалия для колена],False,1,0,9,2,238600.0,46500.0,16,5,0.19488683989941324,0.2222222222222222,7,0,9,1,76120.89777775494,0.0013690045738923458,0.0002780090525542211,0.009263053492632251,2.813685289696641e-05,False,,,0.8709677419354839,0.0,2.0,5,False,1,6.02,in_deg,True,,0.1717,0.1791,0.0,0.0799,0.0969,0.0513,0.05
100000002864680100,peripheral,0.467,13,0.2352,"Вход 56 тыс. от 1, выход 0 на 0; пороги ролей не достигнуты",False,1,0,1,0,55932.0,0.0,1,0,0.0,0.0,1,0,0,1,55932.0,0.00029485149228607616,0.0,1.0100033243240566e-05,0.0,False,,,0.0,,1.0,0,False,0,0.1,log_in,False,,0.0117,0.1743,0.0,0.0192,0.0299,0.0,0.0
100000001330685100,coordinator,0.635,7,0.5283,"Сходятся деньги 7 seed, вход 2.4 млн; получает от 3 консолидаторов/координаторов",False,1,0,3,1,2435923.0,100500.0,7,1,0.04125746175063826,0.3333333333333333,7,0,3,1,137734.75781508937,0.0004382160258847987,0.0,0.0062297628777197725,1.922024458454748e-05,False,,,0.0,,2.0,0,False,0,2.44,log_in,False,получает от 3 консолидаторов/координаторов,0.1588,0.187,0.0,0.0799,0.0739,0.0287,0.0
100000008745725100,peripheral,0.528,5,0.2325,"Вход 47 тыс. от 1, выход 0 на 0; пороги ролей не достигнуты",False,1,1,1,0,47060.0,0.0,1,0,0.0,0.0,1,0,0,1,47060.0,0.0002954466369808825,0.0,5.95500058530398e-11,0.0,False,,,0.0,,1.0,0,False,0,0.22,log_in,False,,0.0132,0.1691,0.0,0.0192,0.0309,0.0,0.0
100000002621949100,terminal,0.898,8,0.5099,"Получил 165 тыс. от 1 плательщ.; исходящих нет, хотя колено 1 обходилось — деньги остались",False,1,0,1,0,164612.0,0.0,1,0,0.0,0.0,10,0,1,1,164612.0,0.0003185306140517454,0.0,0.0004611679456476809,0.0,False,,observed,0.0,,1.0,0,False,0,0.63,log_in,False,,0.1235,0.1891,0.0,0.1441,0.0532,0.0,0.0
100000007908818100,peripheral,0.05,15,0.5723,"Вход 727 тыс. от 4, выход 302 тыс. на 6; пороги ролей не достигнуты",False,1,0,4,6,727475.0,302000.0,4,13,0.4151345407058662,1.5,11,1,4,2,419109.16156542243,0.0004753811920473764,4.909237269500796e-253,0.0008570152098937073,0.00017753957884283033,False,,,0.04966887417218543,2.0,2.0,0,False,0,2.26,in_deg,False,,0.0013,0.1969,0.067,0.1488,0.0758,0.0825,0.0
100000008691495100,peripheral,0.658,5,0.2142,"Вход 27 тыс. от 1, выход 0 на 0; пороги ролей не достигнуты",False,1,1,1,0,27000.0,0.0,1,0,0.0,0.0,1,0,0,1,27000.0,0.0002912362779533082,0.0,5.95500058530398e-11,0.0,False,,,0.0,,1.0,0,False,0,0.59,log_in,False,,0.0165,0.1574,0.0,0.0192,0.0211,0.0,0.0
100000003832231100,peripheral,0.597,8,0.3454,"Вход 35 тыс. от 1, выход 0 на 0; пороги ролей не достигнуты",False,1,0,1,0,35000.0,0.0,1,0,0.0,0.0,10,0,1,1,35000.0,0.00029257756939896605,0.0,0.0004611679456476809,0.0,False,,,0.0,,1.0,0,False,0,0.42,log_in,False,,0.0149,0.1617,0.0,0.1441,0.0247,0.0,0.0
100000002371751100,peripheral,0.212,42,0.3125,"Вход 200 тыс. от 1, выход 250 тыс. на 1; пороги ролей не достигнуты [сквозной пропуск ≤2дн]",False,1,13,1,1,200000.0,250000.0,5,1,1.25,1.0,1,0,0,1,200000.0,0.0005285862410602082,0.0,0.0,1.981468513870874e-07,False,,,1.0,1.0,1.0,0,False,0,2.2,log_out,False,,0.0053,0.1911,0.0,0.0192,0.0791,0.001,0.0167
100000002894076100,terminal,0.992,6,0.7065,"Получил 1.1 млн от 4 плательщ.; исходящих нет, хотя колено 1 обходилось — деньги остались [3 плательщ. в 1 день]",False,1,0,4,0,1122782.0,0.0,6,0,0.0,0.0,10,2,3,2,822318.4241704607,0.00038267994337591544,0.0,0.00013028097151479494,0.0,False,,observed,0.0,,3.0,0,False,0,2.26,in_deg,False,,0.1364,0.1994,0.142,0.1441,0.068,0.0,0.0167
100000001362940100,peripheral,0.399,8,0.3744,"Вход 81 тыс. от 1, выход 0 на 0; пороги ролей не достигнуты",False,1,0,1,0,81000.0,0.0,1,0,0.0,0.0,10,0,1,1,81000.0,0.00030178844535202483,0.0,0.0004611679456476809,0.0,False,,,0.0,,1.0,0,False,0,0.15,log_in,False,,0.01,0.1798,0.0,0.1441,0.0406,0.0,0.0
100000008741372100,peripheral,0.591,5,0.2225,"Вход 36 тыс. от 1, выход 0 на 0; пороги ролей не достигнуты",False,1,1,1,0,35975.0,0.0,1,0,0.0,0.0,1,0,0,1,35975.0,0.00029312002532481767,0.0,5.95500058530398e-11,0.0,False,,,0.0,,1.0,0,False,0,0.4,log_in,False,,0.0148,0.1626,0.0,0.0192,0.0259,0.0,0.0
100000002618492100,terminal,0.941,12,0.5109,"Получил 296 тыс. от 2 плательщ.; исходящих нет, хотя колено 1 обходилось — деньги остались",False,1,0,2,0,296500.0,0.0,2,0,0.0,0.0,8,0,1,1,180762.7705279043,0.00036902681066638884,0.0,0.00014602773422904482,0.0,False,,observed,0.0,,1.0,0,False,0,1.02,log_in,False,,0.1294,0.1899,0.0,0.1253,0.0663,0.0,0.0
100000002750332100,peripheral,0.8,6,0.1779,"Вход 11 тыс. от 1, выход 0 на 0; пороги ролей не достигнуты",False,1,0,1,0,11360.0,0.0,1,0,0.0,0.0,1,0,0,1,11360.0,0.00028678928253129574,0.0,2.274780450186003e-05,0.0,False,,,0.0,,1.0,0,False,0,1.17,log_in,False,,0.02,0.1345,0.0,0.0192,0.0042,0.0,0.0
100000004948177100,terminal,0.962,3,0.4799,"Получил 437 тыс. от 3 плательщ.; исходящих нет, хотя колено 1 обходилось — деньги остались",False,1,0,3,0,437163.0,0.0,8,0,0.0,0.0,7,0,3,1,343587.9339323022,0.00042215807154897264,0.0,0.00032984032534489526,0.0,False,,observed,0.0,,1.0,0,False,0,1.51,in_deg,False,,0.1323,0.1956,0.0,0.0799,0.0721,0.0,0.0
100000002511825100,peripheral,0.441,1,0.3015,"Вход 65 тыс. от 1, выход 0 на 0; пороги ролей не достигнуты",False,1,0,1,0,65000.0,0.0,1,0,0.0,0.0,7,0,1,1,65000.0,0.00029776670172400603,0.0,0.0021516815362503513,0.0,False,,,0.0,,1.0,0,False,0,0.0,,False,,0.011,0.1758,0.0,0.0799,0.0347,0.0,0.0
100000008566737100,terminal,0.924,8,0.5175,"Получил 230 тыс. от 2 плательщ.; исходящих нет, хотя колено 1 обходилось — деньги остались",False,1,0,2,0,230000.0,0.0,2,0,0.0,0.0,10,0,2,1,105860.66252357788,0.00034946381190953385,0.0,0.000622222198313037,0.0,False,,observed,0.0,,2.0,0,False,0,0.85,log_in,False,,0.1271,0.1839,0.0,0.1441,0.0625,0.0,0.0
100000008661585100,peripheral,0.554,5,0.2294,"Вход 43 тыс. от 1, выход 0 на 0; пороги ролей не достигнуты",False,1,1,1,0,43141.0,0.0,1,0,0.0,0.0,1,0,0,1,43141.0,0.00029462408478601393,0.0,5.95500058530398e-11,0.0,False,,,0.0,,1.0,0,False,0,0.28,log_in,False,,0.0138,0.1669,0.0,0.0192,0.0294,0.0,0.0
100000004759121100,consolidator,0.653,1,0.6201,Получает от 6 плательщиков (1 seed) 710 тыс.; передаёт дальше 44%; сходятся потоки 7 seed [возвратный поток; аномалия для колена],False,1,0,6,2,710000.0,312000.0,10,6,0.4394366197183099,0.3333333333333333,7,0,6,1,227434.30084145244,0.0014151796822407352,0.0,0.010350236562705142,7.7079125189577e-05,False,,,0.5192307692307693,0.0,1.0,1,False,1,3.76,in_deg,True,,0.1469,0.1922,0.0,0.0799,0.0972,0.0705,0.0333
100000004360785100,peripheral,0.364,3,0.302,"Вход 95 тыс. от 1, выход 0 на 0; пороги ролей не достигнуты",False,1,0,1,0,94705.0,0.0,1,0,0.0,0.0,7,0,1,1,94705.0,0.00029575179147653256,0.0,0.0002952416008836587,0.0,False,,,0.0,,1.0,0,False,0,0.25,log_in,False,,0.0091,0.1813,0.0,0.0799,0.0316,0.0,0.0
100000005092518100,peripheral,0.671,5,0.2132,"Вход 26 тыс. от 1, выход 0 на 0; пороги ролей не достигнуты",False,1,1,1,0,26144.0,0.0,1,0,0.0,0.0,1,0,0,1,26144.0,0.0002910566135800478,0.0,5.95500058530398e-11,0.0,False,,,0.0,,1.0,0,False,0,0.61,log_in,False,,0.0168,0.1568,0.0,0.0192,0.0204,0.0,0.0
100000008737958100,terminal,0.808,5,0.328,"Получил 53 тыс. от 2 плательщ.; исходящих нет, хотя колено 1 обходилось — деньги остались",False,1,1,2,0,53373.0,0.0,2,0,0.0,0.0,1,0,0,1,31789.743644819006,0.00029962614026345346,0.0,6.031200091411576e-11,0.0,False,,observed,0.0,,1.0,0,False,0,0.75,in_deg,False,,0.1111,0.1602,0.0,0.0192,0.0374,0.0,0.0
100000003044518100,peripheral,0.603,6,0.2023,"Вход 34 тыс. от 1, выход 0 на 0; пороги ролей не достигнуты",False,1,0,1,0,34423.0,0.0,1,0,0.0,0.0,1,0,0,1,34423.0,0.00028754318610180955,0.0,4.341414826156218e-06,0.0,False,,,0.0,,1.0,0,False,0,0.43,log_in,False,,0.0151,0.1614,0.0,0.0192,0.0066,0.0,0.0
100000004159526100,peripheral,0.158,10,0.4995,"Вход 275 тыс. от 4, выход 68 тыс. на 4; пороги ролей не достигнуты [возвратный поток]",False,1,0,4,4,275037.0,68000.0,4,6,0.24723946232688693,1.0,8,0,2,1,120642.87689321075,0.0008532026216190936,1.5362965042255266e-289,5.2398962264355216e-05,9.788454458522118e-05,False,,,0.4411764705882353,3.0,2.0,0,False,1,2.26,in_deg,False,,0.004,0.1854,0.0,0.1253,0.0935,0.0746,0.0167
100000007544358100,transit,0.546,3,0.4552,"Пропуск 109%: получил 322 тыс., отдал 350 тыс.; 2→1 контрагента; в ≤2 дн ушло 29%",False,1,0,2,1,322500.0,350000.0,2,3,1.0852713178294573,0.5,7,0,2,1,300371.8058832198,0.0003405716742742659,0.0,0.00031971674999889816,1.9616538287321655e-05,False,,,0.2857142857142857,3.0,1.0,0,False,0,2.26,log_out,False,,0.0819,0.1944,0.0,0.0799,0.0606,0.0383,0.0
100000005901606100,peripheral,0.592,5,0.2221,"Вход 36 тыс. от 1, выход 0 на 0; пороги ролей не достигнуты",False,1,1,1,0,35660.0,0.0,1,0,0.0,0.0,1,0,0,1,35660.0,0.0002930539105145642,0.0,5.95500058530398e-11,0.0,False,,,0.0,,1.0,0,False,0,0.4,log_in,False,,0.0148,0.1623,0.0,0.0192,0.0258,0.0,0.0
100000006658598100,peripheral,0.8,3,0.2313,"Вход 9 тыс. от 1, выход 0 на 0; пороги ролей не достигнуты",False,1,0,1,0,9000.0,0.0,1,0,0.0,0.0,7,0,1,1,9000.0,0.00028653695669903076,0.0,0.0002952416008836587,0.0,False,,,0.0,,1.0,1,False,0,1.33,log_in,False,,0.02,0.1277,0.0,0.0799,0.0036,0.0,0.0
100000002793851100,peripheral,0.8,3,0.2379,"Вход 11 тыс. от 1, выход 0 на 0; пороги ролей не достигнуты",False,1,0,1,0,11052.0,0.0,1,0,0.0,0.0,7,0,1,1,11052.0,0.0002867575837448675,0.0,0.0002952416008836587,0.0,False,,,0.0,,1.0,0,False,0,1.19,log_in,False,,0.02,0.1339,0.0,0.0799,0.004,0.0,0.0
100000005612411100,peripheral,0.2,8,0.5121,"Вход 116 тыс. от 3, выход 507 тыс. на 8; пороги ролей не достигнуты",False,1,0,3,8,115500.0,506997.0,4,8,4.389584415584416,2.6666666666666665,8,1,2,1,68856.4933972578,0.00032720608268876,9.64348945274253e-232,0.00028074995071175417,0.00015534713148747652,False,,,0.5143955486916096,0.0,2.0,0,False,0,2.33,log_out,False,,0.005,0.1768,0.067,0.1253,0.0567,0.0813,0.0
100000007511163100,peripheral,0.447,3,0.3915,"Вход 64 тыс. от 2, выход 82 тыс. на 3; пороги ролей не достигнуты [возвратный поток]",False,1,0,2,3,63666.0,82052.0,2,3,1.2887883642760658,1.5,7,0,2,1,16331.742799102049,0.0003395973251602175,0.0001273968599972896,0.00030536517622965586,0.00013645713165524087,False,,,0.5971822746550968,0.0,1.0,0,False,1,2.01,log_out,False,,0.0112,0.1439,0.0,0.0799,0.0604,0.0795,0.0167
100000002648315100,peripheral,0.296,6,0.2422,"Вход 132 тыс. от 1, выход 76 тыс. на 2; пороги ролей не достигнуты",False,1,0,1,2,132000.0,76000.0,1,3,0.5757575757575758,2.0,1,0,0,1,132000.0,0.0002931384697323959,0.0,4.341414826156218e-06,3.962937027741748e-07,False,,,0.0,6.0,1.0,0,False,0,1.99,log_out,False,,0.0074,0.1866,0.0,0.0192,0.0259,0.0031,0.0
100000004739664100,peripheral,0.8,5,0.1944,"Вход 12 тыс. от 1, выход 10 тыс. на 1; пороги ролей не достигнуты",False,1,1,1,1,12000.0,10000.0,1,1,0.8333333333333334,1.0,1,0,0,1,12000.0,0.00028808795365552084,0.0,5.95500058530398e-11,1.387027959709612e-06,False,,,0.0,,1.0,0,False,0,1.63,log_out,False,,0.02,0.1354,0.0,0.0192,0.0083,0.0115,0.0
100000003713616100,peripheral,0.8,3,0.2491,"Вход 16 тыс. от 1, выход 0 на 0; пороги ролей не достигнуты",False,1,0,1,0,15893.0,0.0,1,0,0.0,0.0,7,0,1,1,15893.0,0.00028727807864198997,0.0,0.0002952416008836587,0.0,False,,,0.0,,1.0,0,False,0,0.95,log_in,False,,0.02,0.1434,0.0,0.0799,0.0057,0.0,0.0
100000003476560100,peripheral,0.505,8,0.3594,"Вход 50 тыс. от 1, выход 0 на 0; пороги ролей не достигнуты",False,1,0,1,0,50000.0,0.0,1,0,0.0,0.0,10,0,1,1,50000.0,0.00029558111590539824,0.0,0.0004611679456476809,0.0,False,,,0.0,,1.0,0,False,0,0.18,log_in,False,,0.0126,0.1715,0.0,0.1441,0.0312,0.0,0.0
100000008782800100,peripheral,0.553,5,0.2297,"Вход 43 тыс. от 1, выход 0 на 0; пороги ролей не достигнуты",False,1,1,1,0,43381.0,0.0,1,0,0.0,0.0,1,0,0,1,43381.0,0.0002946744579747786,0.0,5.95500058530398e-11,0.0,False,,,0.0,,1.0,0,False,0,0.27,log_in,False,,0.0138,0.167,0.0,0.0192,0.0296,0.0,0.0
100000004218576100,peripheral,0.671,5,0.2132,"Вход 26 тыс. от 1, выход 0 на 0; пороги ролей не достигнуты",False,1,1,1,0,26144.0,0.0,1,0,0.0,0.0,1,0,0,1,26144.0,0.0002910566135800478,0.0,5.95500058530398e-11,0.0,False,,,0.0,,1.0,0,False,0,0.61,log_in,False,,0.0168,0.1568,0.0,0.0192,0.0204,0.0,0.0
100000003299365100,transit,0.958,8,0.5685,"Пропуск 100%: получил 200 тыс., отдал 200 тыс.; 1→1 контрагента; в ≤2 дн ушло 100% [сквозной пропуск ≤2дн; возвратный поток]",False,1,0,1,1,200000.0,200000.0,1,1,1.0,1.0,10,0,1,1,200000.0,0.0003256165809697203,0.0005761766845712224,0.0004611679456476809,0.0,False,,,1.0,0.0,1.0,0,False,1,2.16,log_out,False,,0.1437,0.1911,0.0,0.1441,0.0563,0.0,0.0333
100000008730021100,peripheral,0.411,12,0.3041,"Вход 76 тыс. от 1, выход 0 на 0; пороги ролей не достигнуты",False,1,0,1,0,75555.0,0.0,3,0,0.0,0.0,2,0,1,1,75555.0,0.00046813825917664206,0.0,2.394324219398595e-06,0.0,False,,,0.0,,1.0,1,False,0,0.1,log_in,False,,0.0103,0.1788,0.0,0.0397,0.0754,0.0,0.0
100000002757797100,terminal,0.861,13,0.3614,"Получил 100 тыс. от 1 плательщ.; исходящих нет, хотя колено 1 обходилось — деньги остались",False,1,0,1,0,100000.0,0.0,1,0,0.0,0.0,1,0,0,1,100000.0,0.00030216479959665387,0.0,1.0100033243240566e-05,0.0,False,,observed,0.0,,1.0,0,False,0,0.29,log_in,False,,0.1184,0.1829,0.0,0.0192,0.0408,0.0,0.0
100000002845605100,peripheral,0.463,1,0.299,"Вход 58 тыс. от 1, выход 0 на 0; пороги ролей не достигнуты",False,1,0,1,0,57567.0,0.0,1,0,0.0,0.0,7,0,1,1,57567.0,0.00029637188126250733,0.0,0.0021516815362503513,0.0,False,,,0.0,,1.0,0,False,0,0.08,log_in,False,,0.0116,0.1748,0.0,0.0799,0.0327,0.0,0.0
100000000817146100,peripheral,0.425,3,0.412,"Вход 70 тыс. от 1, выход 0 на 0; пороги ролей не достигнуты",False,1,0,1,0,70020.0,0.0,1,0,0.0,0.0,9,0,1,1,70020.0,0.000589468478641026,0.0,1.863306829995677e-257,0.0,False,,,0.0,,1.0,0,False,0,0.05,log_in,False,,0.0106,0.1775,0.0,0.1361,0.0878,0.0,0.0
100000002957306100,terminal,0.958,12,0.6076,"Получил 398 тыс. от 2 плательщ.; исходящих нет, хотя колено 1 обходилось — деньги остались",False,1,0,2,0,398490.0,0.0,2,0,0.0,0.0,11,1,2,2,398490.0,0.0003551868796242705,0.0,0.000583967546730587,0.0,False,,observed,0.0,,1.0,0,False,0,1.22,log_in,False,,0.1317,0.1966,0.067,0.1488,0.0635,0.0,0.0
100000008188026100,peripheral,0.385,3,0.3906,"Вход 86 тыс. от 2, выход 338 тыс. на 4; пороги ролей не достигнуты [возвратный поток]",False,1,0,2,4,86468.0,337983.17,5,4,3.9087659018365173,2.0,7,0,2,1,63599.12015582619,0.0002993035967853829,1.5362965042255266e-289,0.0003478114351979561,8.203279647425419e-05,False,,,0.0,10.5,1.0,1,False,3,2.26,log_out,False,,0.0096,0.1755,0.0,0.0799,0.0367,0.0721,0.0167
100000004790991100,terminal,0.928,3,0.4489,"Получил 239 тыс. от 1 плательщ.; исходящих нет, хотя колено 1 обходилось — деньги остались",False,1,0,1,0,239413.0,0.0,4,0,0.0,0.0,7,0,1,1,239413.0,0.0003113105139662674,0.0,0.0002952416008836587,0.0,False,,observed,0.0,,1.0,0,False,0,0.88,log_in,False,,0.1276,0.1931,0.0,0.0799,0.0482,0.0,0.0
100000002973903100,terminal,0.852,13,0.5288,"Получил 93 тыс. от 3 плательщ.; исходящих нет, хотя колено 1 обходилось — деньги остались",False,1,0,3,0,92880.0,0.0,3,0,0.0,0.0,8,1,1,1,43500.65281421885,0.00031686903979445306,0.0,0.00015492744601535127,0.0,False,,observed,0.0,,1.0,0,False,0,1.51,in_deg,False,,0.1172,0.1671,0.067,0.1253,0.0523,0.0,0.0
100000004325327100,transit,0.886,1,0.4856,"Пропуск 99%: получил 71 тыс., отдал 70 тыс.; 2→1 контрагента; в ≤2 дн ушло 100% [сквозной пропуск ≤2дн]",False,1,0,2,1,70817.0,70000.0,3,1,0.988463222107686,0.5,7,0,2,1,47492.46815753474,0.00029579231968135573,0.0,0.00505746306905961,3.844048916909496e-05,False,,,1.0,2.0,1.0,1,False,0,1.98,log_out,False,,0.1329,0.1699,0.0,0.0799,0.0317,0.0545,0.0167
100000001477796100,terminal,0.906,8,0.3916,"Получил 182 тыс. от 1 плательщ.; исходящих нет, хотя колено 1 обходилось — деньги остались",False,1,0,1,0,182000.0,0.0,1,0,0.0,0.0,1,0,0,1,182000.0,0.0003306619019813842,0.0,6.780075768513709e-05,0.0,False,,observed,0.0,,1.0,0,False,0,0.69,log_in,False,,0.1246,0.19,0.0,0.0192,0.0578,0.0,0.0
100000007536804100,peripheral,0.348,6,0.2559,"Вход 100 тыс. от 1, выход 55 тыс. на 2; пороги ролей не достигнуты [сквозной пропуск ≤2дн]",False,1,0,1,2,100000.0,55000.0,1,2,0.55,2.0,1,0,0,1,100000.0,0.00029130351809237046,1.1601484540645376e-302,4.341414826156218e-06,7.925874055483496e-07,False,,,0.8181818181818182,3.0,1.0,0,False,0,1.93,log_out,False,,0.0087,0.1829,0.0,0.0192,0.0214,0.0069,0.0167
100000008665380100,peripheral,0.433,11,0.2872,"Вход 69 тыс. от 2, выход 18 тыс. на 1; пороги ролей не достигнуты [сквозной пропуск ≤2дн]",False,1,0,2,1,69100.0,18200.0,2,1,0.2633863965267728,0.5,7,0,2,1,10051.81701050774,0.00029077432850192693,0.0,0.00505746306905961,1.922024458454748e-05,False,,,1.0,1.0,1.0,0,False,0,1.74,log_out,False,,0.0108,0.1316,0.0,0.0799,0.0195,0.0287,0.0167
100000001870116100,peripheral,0.703,5,0.2101,"Вход 24 тыс. от 1, выход 0 на 0; пороги ролей не достигнуты",False,1,1,1,0,24000.0,0.0,1,0,0.0,0.0,1,0,0,1,24000.0,0.00029060661309375074,0.0,5.95500058530398e-11,0.0,False,,,0.0,,1.0,0,False,0,0.67,log_in,False,,0.0176,0.1541,0.0,0.0192,0.0191,0.0,0.0
100000001074553100,terminal,0.741,6,0.3819,"Получил 29 тыс. от 2 плательщ.; исходящих нет, хотя колено 1 обходилось — деньги остались",False,1,0,2,0,28971.0,0.0,2,0,0.0,0.0,2,1,0,2,28971.0,0.0002894987523363481,0.0,3.28478377451006e-05,0.0,False,,observed,0.0,,1.0,0,False,0,0.75,in_deg,False,,0.1019,0.1582,0.067,0.0397,0.0151,0.0,0.0
100000000978041100,peripheral,0.549,5,0.2307,"Вход 44 тыс. от 1, выход 0 на 0; пороги ролей не достигнуты",False,1,1,1,0,44445.0,0.0,1,0,0.0,0.0,1,0,0,1,44445.0,0.00029489777911163493,0.0,5.95500058530398e-11,0.0,False,,,0.0,,1.0,0,False,0,0.26,log_in,False,,0.0137,0.1677,0.0,0.0192,0.03,0.0,0.0
100000002603769100,coordinator,0.631,4,0.5107,"Сходятся деньги 7 seed, вход 1.2 млн; получает от 2 консолидаторов/координаторов",False,1,0,3,0,1185368.0,0.0,3,0,0.0,0.0,7,0,3,1,171234.33829140622,0.0005415388680707105,0.0,0.0033208800765083656,0.0,False,,observed,0.0,,1.0,0,False,0,1.96,log_in,False,получает от 2 консолидаторов/координаторов,0.1578,0.1895,0.0,0.0799,0.0835,0.0,0.0
100000005034574100,terminal,0.933,41,0.4135,"Получил 259 тыс. от 1 плательщ.; исходящих нет, хотя колено 1 обходилось — деньги остались",False,1,12,1,0,258816.0,0.0,16,0,0.0,0.0,1,0,0,1,258816.0,0.0004250866895938891,0.0,0.0,0.0,False,,observed,0.0,,1.0,3,False,0,0.93,log_in,False,,0.1283,0.1936,0.0,0.0192,0.0724,0.0,0.0
100000002958286100,terminal,0.933,6,0.3908,"Получил 257 тыс. от 1 плательщ.; исходящих нет, хотя колено 1 обходилось — деньги остались",False,1,0,1,0,257000.0,0.0,1,0,0.0,0.0,1,0,0,1,257000.0,0.00031316938195490073,0.0,2.274780450186003e-05,0.0,False,,observed,0.0,,1.0,0,False,0,0.93,log_in,False,,0.1283,0.1935,0.0,0.0192,0.0498,0.0,0.0
100000005634552100,peripheral,0.675,4,0.3144,"Вход 26 тыс. от 1, выход 1.2 млн на 3; пороги ролей не достигнуты",False,1,0,1,3,25850.0,1196000.0,1,4,46.2669245647969,3.0,7,0,1,1,25850.0,0.00028834863590095484,0.0016790760035236684,0.0002952416008836587,2.917712386674862e-05,False,,,0.0,,1.0,0,False,0,2.48,log_out,False,,0.0169,0.1561,0.0,0.0799,0.0099,0.0516,0.0
100000008736760100,peripheral,0.474,5,0.2387,"Вход 55 тыс. от 1, выход 0 на 0; пороги ролей не достигнуты",False,1,1,1,0,54757.0,0.0,1,0,0.0,0.0,1,0,0,1,54757.0,0.0002970621471222205,0.0,5.95500058530398e-11,0.0,False,,,0.0,,1.0,0,False,0,0.12,log_in,False,,0.0118,0.1737,0.0,0.0192,0.0339,0.0,0.0
100000008701944100,peripheral,0.487,12,0.2959,"Вход 52 тыс. от 1, выход 0 на 0; пороги ролей не достигнуты",False,1,0,1,0,52124.0,0.0,1,0,0.0,0.0,2,0,1,1,52124.0,0.00041152025351239013,0.0,2.394324219398595e-06,0.0,False,,,0.0,,1.0,0,False,0,0.15,log_in,False,,0.0122,0.1724,0.0,0.0397,0.0716,0.0,0.0
100000008748408100,distributor,0.832,18,0.4937,Рассылает на 21 получателей 1.5 млн (веер 21:1); плательщиков 1 [сквозной пропуск ≤2дн; аномалия для колена],False,1,0,1,21,360000.0,1499960.0,2,22,4.166555555555555,21.0,1,0,0,1,360000.0,0.00033405459494233067,0.0015411841818193754,4.089589732056224e-05,7.1332866499351465e-06,False,,,0.8743499826662045,1.0,1.0,0,False,0,5.93,out_deg,True,,0.1664,0.1959,0.0,0.0192,0.0588,0.02,0.0333
100000008486520100,peripheral,0.591,3,0.3006,"Вход 36 тыс. от 1, выход 14 тыс. на 1; пороги ролей не достигнуты",False,1,0,1,1,35720.0,14000.0,2,1,0.3919372900335946,1.0,7,0,1,1,35720.0,0.00028940983908926294,0.0,0.0002952416008836587,1.922024458454748e-05,False,,,0.0,,1.0,1,False,0,1.69,log_out,False,,0.0148,0.1624,0.0,0.0799,0.0148,0.0287,0.0
100000003163256100,peripheral,0.8,3,0.2722,"Вход 13 тыс. от 1, выход 15 тыс. на 1; пороги ролей не достигнуты",False,1,0,1,1,13485.0,15000.0,1,1,1.1123470522803114,1.0,7,0,1,1,13485.0,0.00028701917516909777,0.0,0.0002952416008836587,1.922024458454748e-05,False,,,0.0,,1.0,0,False,0,1.7,log_out,False,,0.02,0.1385,0.0,0.0799,0.005,0.0287,0.0
100000003102157100,peripheral,0.36,1,0.3135,"Вход 97 тыс. от 1, выход 0 на 0; пороги ролей не достигнуты",False,1,0,1,0,96746.0,0.0,2,0,0.0,0.0,7,0,1,1,96746.0,0.0003037239155502857,0.0,0.0021516815362503513,0.0,False,,,0.0,,1.0,0,False,0,0.27,log_in,False,,0.009,0.1819,0.0,0.0799,0.0427,0.0,0.0
100000004741837100,peripheral,0.676,3,0.2623,"Вход 26 тыс. от 1, выход 0 на 0; пороги ролей не достигнуты",False,1,0,1,0,25596.0,0.0,1,0,0.0,0.0,7,0,1,1,25596.0,0.0002883213263153591,0.0,0.0002952416008836587,0.0,False,,,0.0,,1.0,0,False,0,0.63,log_in,False,,0.0169,0.1558,0.0,0.0799,0.0097,0.0,0.0
100000008443341100,peripheral,0.6,12,0.4523,"Вход 34 тыс. от 2, выход 50 тыс. на 3; пороги ролей не достигнуты [возвратный поток]",False,1,0,2,3,34500.0,50000.0,2,4,1.4492753623188406,1.5,7,0,2,1,34027.777604315896,0.0006689699930486659,0.00024016147901198868,0.002168884981622403,0.00036009896241195655,False,,,0.62,0.0,1.0,0,False,35,1.92,log_out,False,,0.015,0.1611,0.0,0.0799,0.0904,0.0891,0.0167
100000004792397100,peripheral,0.416,5,0.2476,"Вход 74 тыс. от 1, выход 0 на 0; пороги ролей не достигнуты",False,1,1,1,0,73520.0,0.0,1,0,0.0,0.0,1,0,0,1,73520.0,0.0003010002810421795,0.0,5.95500058530398e-11,0.0,False,,,0.0,,1.0,0,False,0,0.08,log_in,False,,0.0104,0.1783,0.0,0.0192,0.0396,0.0,0.0
100000003809101100,peripheral,0.252,12,0.4799,"Вход 166 тыс. от 2, выход 55 тыс. на 2; пороги ролей не достигнуты [возвратный поток]",False,1,0,2,2,166050.0,55200.0,3,4,0.3324299909665763,1.0,8,0,2,1,147947.67441860464,0.00036194707754243303,0.0,0.00012382997081568066,0.00013333962119341738,False,,,0.18478260869565216,0.0,1.0,0,False,1,1.93,log_out,False,,0.0063,0.1878,0.0,0.1253,0.0651,0.0788,0.0167
100000002838861100,consolidator,0.665,6,0.6235,Получает от 5 плательщиков (2 seed) 555 тыс.; передаёт дальше 2%; сходятся потоки 8 seed [возвратный поток],False,1,0,5,1,554523.95,10000.0,5,1,0.018033486200190272,0.2,8,0,3,2,405375.78812774253,0.002119918647260691,0.0,3.0731959167066825e-05,1.9418391435934565e-05,False,,,0.0,8.0,2.0,1,False,1,3.01,in_deg,False,,0.1496,0.1967,0.0,0.1253,0.099,0.0361,0.0167
100000008560717100,consolidator,0.697,7,0.5089,Получает от 7 плательщиков (1 seed) 529 тыс.; передаёт дальше 5%; сходятся потоки 7 seed [аномалия для колена],False,1,0,7,1,529000.0,25000.0,9,1,0.04725897920604915,0.14285714285714285,7,0,7,1,46992.22986850298,0.0003308341565552128,0.0,0.01233779633246614,1.922024458454748e-05,False,,,0.0,12.0,2.0,0,False,0,4.52,in_deg,True,,0.1568,0.1689,0.0,0.0799,0.0578,0.0287,0.0167
100000008693069100,peripheral,0.754,5,0.2031,"Вход 20 тыс. от 1, выход 0 на 0; пороги ролей не достигнуты",False,1,1,1,0,20000.0,0.0,1,0,0.0,0.0,1,0,0,1,20000.0,0.0002897670599476741,0.0,5.95500058530398e-11,0.0,False,,,0.0,,1.0,0,False,0,0.79,log_in,False,,0.0189,0.1487,0.0,0.0192,0.0163,0.0,0.0
100000008672162100,peripheral,0.8,5,0.1943,"Вход 16 тыс. от 1, выход 0 на 0; пороги ролей не достигнуты",False,1,1,1,0,15550.0,0.0,1,0,0.0,0.0,1,0,0,1,15550.0,0.0002888330570726638,0.0,5.95500058530398e-11,0.0,False,,,0.0,,1.0,0,False,0,0.96,log_in,False,,0.02,0.1428,0.0,0.0192,0.0123,0.0,0.0
100000007311010100,peripheral,0.444,8,0.4176,"Вход 64 тыс. от 2, выход 20 тыс. на 1; пороги ролей не достигнуты",False,1,0,2,1,64480.0,20000.0,2,1,0.31017369727047145,0.5,10,0,2,1,41963.23006555471,0.0003093598362490275,0.0,0.0006039352365783346,2.3975769017837576e-05,False,,,0.0,,1.0,0,False,0,1.75,log_out,False,,0.0111,0.1661,0.0,0.1441,0.0468,0.0496,0.0
100000005505655100,peripheral,0.6,24,0.4082,"Вход 33 тыс. от 2, выход 20 тыс. на 1; пороги ролей не достигнуты [сквозной пропуск ≤2дн; возвратный поток]",False,1,0,2,1,33070.0,20000.0,2,1,0.6047777441790142,0.5,7,0,2,1,13736.004132181724,0.00032150802112552193,8.933928198287818e-09,0.0002977422825203266,0.0002690834241836647,False,,,1.0,0.0,1.0,0,False,1,1.75,log_out,False,,0.015,0.139,0.0,0.0799,0.0551,0.0858,0.0333
100000004707703100,peripheral,0.18,3,0.4588,"Вход 239 тыс. от 2, выход 232 тыс. на 5; пороги ролей не достигнуты [сквозной пропуск ≤2дн]",False,1,0,2,5,239300.0,231650.0,3,6,0.9680317592979524,2.5,7,0,2,1,239300.0,0.0006355624384346348,1.8524941883367802e-256,0.0002976021605979045,0.00010710478506958707,False,,,0.8892726095402547,0.5,1.0,1,False,0,2.19,log_out,False,,0.0045,0.193,0.0,0.0799,0.0895,0.0751,0.0167
100000004005964100,peripheral,0.357,23,0.2594,"Вход 98 тыс. от 3, выход 72 тыс. на 3; пороги ролей не достигнуты [возвратный поток]",False,1,2,3,3,97900.0,72000.0,9,5,0.7354443309499489,1.0,1,0,0,1,13747.005313689291,0.00040452469148817213,8.18933144166518e-179,5.681750443300856e-179,4.953671284677185e-07,False,,,0.625,1.0,1.0,3,False,16,1.98,log_out,False,,0.0089,0.1391,0.0,0.0192,0.071,0.0045,0.0167
100000008244300100,terminal,0.824,4,0.5276,"Получил 65 тыс. от 5 плательщ.; исходящих нет, хотя колено 1 обходилось — деньги остались [дробление у порога: 5 перев.]",False,1,0,5,0,65430.0,0.0,6,0,0.0,0.0,8,1,4,1,9714.108440777354,0.000479365914728666,0.0,0.00015744283423145902,0.0,False,,observed,0.0,,1.0,5,True,0,3.01,in_deg,False,,0.1133,0.129,0.067,0.1253,0.0763,0.0,0.0167
100000002692044100,peripheral,0.359,13,0.2507,"Вход 97 тыс. от 1, выход 0 на 0; пороги ролей не достигнуты",False,1,0,1,0,97000.0,0.0,1,0,0.0,0.0,1,0,0,1,97000.0,0.000301666934435273,0.0,1.0100033243240566e-05,0.0,False,,,0.0,,1.0,0,False,0,0.27,log_in,False,,0.009,0.182,0.0,0.0192,0.0404,0.0,0.0
100000001103905100,peripheral,0.781,5,0.1998,"Вход 18 тыс. от 1, выход 0 на 0; пороги ролей не достигнуты",False,1,1,1,0,18000.0,0.0,1,0,0.0,0.0,1,0,0,1,18000.0,0.00028934728337463573,0.0,5.95500058530398e-11,0.0,False,,,0.0,,1.0,0,False,0,0.86,log_in,False,,0.0195,0.1465,0.0,0.0192,0.0145,0.0,0.0
100000008755361100,peripheral,0.8,5,0.191,"Вход 15 тыс. от 1, выход 0 на 0; пороги ролей не достигнуты",False,1,1,1,0,14627.0,0.0,1,0,0.0,0.0,1,0,0,1,14627.0,0.0002886393301842066,0.0,5.95500058530398e-11,0.0,False,,,0.0,,1.0,0,False,0,1.0,log_in,False,,0.02,0.1408,0.0,0.0192,0.011,0.0,0.0
100000002810870100,peripheral,0.608,5,0.2203,"Вход 34 тыс. от 1, выход 0 на 0; пороги ролей не достигнуты",False,1,1,1,0,33677.0,0.0,1,0,0.0,0.0,1,0,0,1,33677.0,0.00029263770204239665,0.0,5.95500058530398e-11,0.0,False,,,0.0,,1.0,0,False,0,0.44,log_in,False,,0.0152,0.161,0.0,0.0192,0.0249,0.0,0.0
100000005897462100,peripheral,0.356,12,0.3555,"Вход 98 тыс. от 1, выход 0 на 0; пороги ролей не достигнуты",False,1,0,1,0,98400.0,0.0,1,0,0.0,0.0,8,0,1,1,98400.0,0.00030049363949730384,0.0,0.00012279960108290615,0.0,False,,,0.0,,1.0,0,False,0,0.28,log_in,False,,0.0089,0.1827,0.0,0.1253,0.0387,0.0,0.0
100000000941942100,terminal,0.88,8,0.4999,"Получил 130 тыс. от 1 плательщ.; исходящих нет, хотя колено 1 обходилось — деньги остались",False,1,0,1,0,130000.0,0.0,1,0,0.0,0.0,10,0,1,1,130000.0,0.00031160003060637,0.0,0.0004611679456476809,0.0,False,,observed,0.0,,1.0,0,False,0,0.47,log_in,False,,0.121,0.1863,0.0,0.1441,0.0485,0.0,0.0
100000008723830100,transit,0.957,3,0.5364,"Пропуск 99%: получил 460 тыс., отдал 455 тыс.; 2→1 контрагента; в ≤2 дн ушло 100% [сквозной пропуск ≤2дн]",False,1,0,2,1,459785.0,455000.0,2,1,0.9895929619278576,0.5,7,0,2,1,454095.59542375227,0.0003402309877065733,0.0,0.00031971674999889816,1.9616538287321655e-05,False,,,1.0,1.0,1.0,1,False,0,2.31,log_out,False,,0.1435,0.1973,0.0,0.0799,0.0606,0.0383,0.0167
100000008776576100,peripheral,0.8,5,0.1915,"Вход 15 тыс. от 1, выход 0 на 0; пороги ролей не достигнуты",False,1,1,1,0,14765.0,0.0,1,0,0.0,0.0,1,0,0,1,14765.0,0.00028866829476774624,0.0,5.95500058530398e-11,0.0,False,,,0.0,,1.0,0,False,0,1.0,log_in,False,,0.02,0.141,0.0,0.0192,0.0113,0.0,0.0
100000005432267100,terminal,0.951,8,0.5292,"Получил 350 тыс. от 2 плательщ.; исходящих нет, хотя колено 1 обходилось — деньги остались",False,1,0,2,0,350001.0,0.0,2,0,0.0,0.0,10,0,2,1,250008.50885577075,0.0003423334858506325,0.0,0.0005748251777547217,0.0,False,,observed,0.0,,2.0,0,False,0,1.13,log_in,False,,0.1308,0.1934,0.0,0.1441,0.061,0.0,0.0
100000006745291100,peripheral,0.394,12,0.3501,"Вход 83 тыс. от 1, выход 0 на 0; пороги ролей не достигнуты",False,1,0,1,0,82534.0,0.0,1,0,0.0,0.0,8,0,1,1,82534.0,0.0002980872404910774,0.0,0.00012279960108290615,0.0,False,,,0.0,,1.0,0,False,0,0.16,log_in,False,,0.0099,0.18,0.0,0.1253,0.035,0.0,0.0
100000008670667100,peripheral,0.8,5,0.194,"Вход 16 тыс. от 1, выход 0 на 0; пороги ролей не достигнуты",False,1,1,1,0,15534.0,0.0,1,0,0.0,0.0,1,0,0,1,15534.0,0.0002888296988600795,0.0,5.95500058530398e-11,0.0,False,,,0.0,,1.0,0,False,0,0.96,log_in,False,,0.02,0.1426,0.0,0.0192,0.0122,0.0,0.0
100000002480800100,terminal,0.976,1,0.5605,"Получил 569 тыс. от 2 плательщ.; исходящих нет, хотя колено 1 обходилось — деньги остались",False,1,0,2,0,569251.0,0.0,2,0,0.0,0.0,10,0,2,1,233794.54655490644,0.0006410781031176427,0.0,0.00046485514443924406,0.0,False,,observed,0.0,,2.0,0,False,0,1.46,log_in,False,,0.1342,0.1926,0.0,0.1441,0.0897,0.0,0.0
100000002182176100,peripheral,0.556,1,0.2873,"Вход 42 тыс. от 1, выход 0 на 0; пороги ролей не достигнуты",False,1,0,1,0,42465.0,0.0,1,0,0.0,0.0,7,0,1,1,42465.0,0.0002935379543676395,0.0,0.0021516815362503513,0.0,False,,,0.0,,1.0,0,False,0,0.29,log_in,False,,0.0139,0.1665,0.0,0.0799,0.027,0.0,0.0
100000008219168100,peripheral,0.48,6,0.2151,"Вход 53 тыс. от 1, выход 0 на 0; пороги ролей не достигнуты",False,1,0,1,0,53200.0,0.0,2,0,0.0,0.0,1,0,0,1,53200.0,0.0002886199013188332,0.0,4.341414826156218e-06,0.0,False,,,0.0,,1.0,0,False,0,0.13,log_in,False,,0.012,0.173,0.0,0.0192,0.0109,0.0,0.0
100000004226848100,terminal,0.944,8,0.5303,"Получил 302 тыс. от 1 плательщ.; исходящих нет, хотя колено 1 обходилось — деньги остались",False,1,0,1,0,301866.0,0.0,1,0,0.0,0.0,10,0,1,1,301866.0,0.0003460138655313352,0.0,0.0004611679456476809,0.0,False,,observed,0.0,,1.0,0,False,0,1.03,log_in,False,,0.1298,0.1946,0.0,0.1441,0.0619,0.0,0.0
100000006326645100,peripheral,0.679,5,0.2113,"Вход 25 тыс. от 1, выход 0 на 0; пороги ролей не достигнуты",False,1,1,1,0,25264.0,0.0,1,0,0.0,0.0,1,0,0,1,25264.0,0.00029087191188791094,0.0,5.95500058530398e-11,0.0,False,,,0.0,,1.0,0,False,0,0.64,log_in,False,,0.017,0.1554,0.0,0.0192,0.0197,0.0,0.0
100000003589877100,peripheral,0.243,13,0.5006,"Вход 176 тыс. от 2, выход 416 тыс. на 6; пороги ролей не достигнуты [сквозной пропуск ≤2дн]",False,1,0,2,6,176000.0,416129.0,2,6,2.364369318181818,3.0,9,1,1,1,26001.273500105097,0.0003069751599714215,0.0001231626036013003,4.8330562539922855e-06,9.545724565572935e-05,False,,,0.8798449519259652,0.0,1.0,0,False,0,2.29,log_out,False,,0.0061,0.1565,0.067,0.1361,0.045,0.0733,0.0167
100000003942602100,peripheral,0.634,5,0.2498,"Вход 30 тыс. от 1, выход 30 тыс. на 1; пороги ролей не достигнуты [сквозной пропуск ≤2дн; возвратный поток]",False,1,1,1,1,30000.0,30000.0,1,1,1.0,1.0,1,0,0,1,30000.0,0.0002918659428128657,3.300043693840602e-13,5.95500058530398e-11,0.0,False,,,1.0,0.0,1.0,0,False,1,1.83,log_out,False,,0.0158,0.1587,0.0,0.0192,0.0227,0.0,0.0333
100000000922570100,peripheral,0.528,13,0.2295,"Вход 47 тыс. от 1, выход 50 тыс. на 1; пороги ролей не достигнуты",False,1,0,1,1,47101.0,50000.0,1,1,1.0615485870788306,1.0,1,0,0,1,47101.0,0.00029338594320602463,0.0,1.0100033243240566e-05,1.981468513870874e-07,False,,,0.0,,1.0,0,False,0,1.92,log_out,False,,0.0132,0.1693,0.0,0.0192,0.0267,0.001,0.0
100000005079754100,peripheral,0.428,8,0.4425,"Вход 70 тыс. от 1, выход 122 тыс. на 2; пороги ролей не достигнуты",False,1,0,1,2,70000.0,122000.0,1,2,1.7428571428571429,2.0,10,0,1,1,70000.0,0.0002995858445806412,0.0,0.0004611679456476809,9.511048866580196e-05,False,,,0.16393442622950818,1.0,1.0,0,False,0,2.08,log_out,False,,0.0107,0.1773,0.0,0.1441,0.0373,0.0731,0.0
100000003187359100,peripheral,0.77,5,0.2014,"Вход 19 тыс. от 1, выход 0 на 0; пороги ролей не достигнуты",False,1,1,1,0,19072.0,0.0,1,0,0.0,0.0,1,0,0,1,19072.0,0.0002895722836177843,0.0,5.95500058530398e-11,0.0,False,,,0.0,,1.0,0,False,0,0.83,log_in,False,,0.0193,0.1476,0.0,0.0192,0.0153,0.0,0.0
100000000998559100,terminal,0.861,8,0.4892,"Получил 100 тыс. от 1 плательщ.; исходящих нет, хотя колено 1 обходилось — деньги остались",False,1,0,1,0,100000.0,0.0,1,0,0.0,0.0,10,0,1,1,100000.0,0.0003055929375935056,0.0,0.0004611679456476809,0.0,False,,observed,0.0,,1.0,0,False,0,0.29,log_in,False,,0.1184,0.1829,0.0,0.1441,0.0439,0.0,0.0
100000008690932100,peripheral,0.72,5,0.2075,"Вход 23 тыс. от 1, выход 0 на 0; пороги ролей не достигнуты",False,1,1,1,0,23000.0,0.0,1,0,0.0,0.0,1,0,0,1,23000.0,0.00029039672480723154,0.0,5.95500058530398e-11,0.0,False,,,0.0,,1.0,0,False,0,0.7,log_in,False,,0.018,0.152,0.0,0.0192,0.0182,0.0,0.0
100000008773876100,peripheral,0.672,5,0.2129,"Вход 26 тыс. от 1, выход 0 на 0; пороги ролей не достигнуты",False,1,1,1,0,26120.0,0.0,1,0,0.0,0.0,1,0,0,1,26120.0,0.00029105157626117134,0.0,5.95500058530398e-11,0.0,False,,,0.0,,1.0,0,False,0,0.61,log_in,False,,0.0168,0.1567,0.0,0.0192,0.0202,0.0,0.0
100000006789108100,peripheral,0.583,12,0.3246,"Вход 38 тыс. от 1, выход 0 на 0; пороги ролей не достигнуты",False,1,0,1,0,37500.0,0.0,1,0,0.0,0.0,8,0,1,1,37500.0,0.0002912569258026617,0.0,0.00012279960108290615,0.0,False,,,0.0,,1.0,0,False,0,0.37,log_in,False,,0.0146,0.1635,0.0,0.1253,0.0213,0.0,0.0
100000004058740100,peripheral,0.634,5,0.2165,"Вход 30 тыс. от 1, выход 0 на 0; пороги ролей не достигнуты",False,1,1,1,0,30000.0,0.0,1,0,0.0,0.0,1,0,0,1,30000.0,0.0002918659428128657,0.0,5.95500058530398e-11,0.0,False,,,0.0,,1.0,0,False,0,0.52,log_in,False,,0.0158,0.1587,0.0,0.0192,0.0227,0.0,0.0
100000007641801100,terminal,0.915,6,0.3699,"Получил 200 тыс. от 1 плательщ.; исходящих нет, хотя колено 1 обходилось — деньги остались",False,1,0,1,0,200000.0,0.0,1,0,0.0,0.0,1,0,0,1,200000.0,0.0002970377419674501,0.0,4.341414826156218e-06,0.0,False,,observed,0.0,,1.0,0,False,0,0.76,log_in,False,,0.1258,0.1911,0.0,0.0192,0.0337,0.0,0.0
100000000555721100,terminal,0.873,1,0.4277,"Получил 113 тыс. от 2 плательщ.; исходящих нет, хотя колено 1 обходилось — деньги остались",False,1,0,2,0,113000.0,0.0,3,0,0.0,0.0,7,0,2,1,95316.59750645359,0.00030809196179581376,0.0,0.0032895889214056735,0.0,False,,observed,0.0,,2.0,0,False,0,0.75,in_deg,False,,0.12,0.1817,0.0,0.0799,0.046,0.0,0.0
100000008729801100,peripheral,0.79,5,0.1982,"Вход 18 тыс. от 1, выход 0 на 0; пороги ролей не достигнуты",False,1,1,1,0,17534.0,0.0,1,0,0.0,0.0,1,0,0,1,17534.0,0.00028924947543311784,0.0,5.95500058530398e-11,0.0,False,,,0.0,,1.0,0,False,0,0.88,log_in,False,,0.0198,0.1453,0.0,0.0192,0.0139,0.0,0.0
100000004664905100,terminal,0.947,3,0.4748,"Получил 329 тыс. от 2 плательщ.; исходящих нет, хотя колено 1 обходилось — деньги остались",False,1,0,2,0,329020.0,0.0,4,0,0.0,0.0,7,0,2,1,237829.1044945966,0.0004118439668426327,0.0,0.00030536517622965586,0.0,False,,observed,0.0,,1.0,0,False,0,1.09,log_in,False,,0.1302,0.1929,0.0,0.0799,0.0717,0.0,0.0
100000003057225100,terminal,0.927,3,0.4481,"Получил 236 тыс. от 1 плательщ.; исходящих нет, хотя колено 1 обходилось — деньги остались",False,1,0,1,0,236000.0,0.0,1,0,0.0,0.0,7,0,1,1,236000.0,0.000310943554849581,0.0,0.0002952416008836587,0.0,False,,observed,0.0,,1.0,0,False,0,0.87,log_in,False,,0.1275,0.1927,0.0,0.0799,0.0479,0.0,0.0
100000000703902100,peripheral,0.677,5,0.2118,"Вход 25 тыс. от 1, выход 0 на 0; пороги ролей не достигнуты",False,1,1,1,0,25499.0,0.0,1,0,0.0,0.0,1,0,0,1,25499.0,0.00029092123563524295,0.0,5.95500058530398e-11,0.0,False,,,0.0,,1.0,0,False,0,0.63,log_in,False,,0.0169,0.1557,0.0,0.0192,0.02,0.0,0.0
100000008720798100,peripheral,0.8,5,0.194,"Вход 16 тыс. от 1, выход 0 на 0; пороги ролей не достигнуты",False,1,1,1,0,15534.0,0.0,1,0,0.0,0.0,1,0,0,1,15534.0,0.0002888296988600795,0.0,5.95500058530398e-11,0.0,False,,,0.0,,1.0,0,False,0,0.96,log_in,False,,0.02,0.1426,0.0,0.0192,0.0122,0.0,0.0
100000001411870100,terminal,0.988,6,0.4509,"Получил 900 тыс. от 2 плательщ.; исходящих нет, хотя колено 1 обходилось — деньги остались",False,1,0,2,0,900000.0,0.0,4,0,0.0,0.0,2,0,1,1,783555.5555555555,0.0004780448174649528,0.0,4.200664014254977e-05,0.0,False,,observed,0.0,,1.0,0,False,0,1.77,log_in,False,,0.1358,0.1992,0.0,0.0397,0.0762,0.0,0.0
100000008556318100,terminal,0.905,8,0.5395,"Получил 180 тыс. от 2 плательщ.; исходящих нет, хотя колено 1 обходилось — деньги остались",False,1,0,2,0,180132.0,0.0,2,0,0.0,0.0,10,0,2,1,116841.33192915737,0.0005605041030696609,0.0,0.00046485514443924406,0.0,False,,observed,0.0,,1.0,0,False,0,0.75,in_deg,False,,0.1244,0.1848,0.0,0.1441,0.0863,0.0,0.0
100000002720627100,terminal,0.913,12,0.4933,"Получил 199 тыс. от 1 плательщ.; исходящих нет, хотя колено 1 обходилось — деньги остались",False,1,0,1,0,199300.0,0.0,1,0,0.0,0.0,8,0,1,1,199300.0,0.0003157971602163415,0.0,0.00012279960108290615,0.0,False,,observed,0.0,,1.0,0,False,0,0.75,log_in,False,,0.1255,0.1908,0.0,0.1253,0.0517,0.0,0.0
100000003022835100,terminal,0.878,8,0.4985,"Получил 125 тыс. от 1 плательщ.; исходящих нет, хотя колено 1 обходилось — деньги остались",False,1,0,1,0,125000.0,0.0,1,0,0.0,0.0,10,0,1,1,125000.0,0.0003105988484375593,0.0,0.0004611679456476809,0.0,False,,observed,0.0,,1.0,0,False,0,0.44,log_in,False,,0.1207,0.186,0.0,0.1441,0.0478,0.0,0.0
100000008304115100,peripheral,0.491,13,0.2318,"Вход 51 тыс. от 1, выход 0 на 0; пороги ролей не достигнуты",False,1,0,1,0,51000.0,0.0,1,0,0.0,0.0,1,0,0,1,51000.0,0.00029403300196076604,0.0,1.0100033243240566e-05,0.0,False,,,0.0,,1.0,0,False,0,0.16,log_in,False,,0.0123,0.1721,0.0,0.0192,0.0282,0.0,0.0
100000003886323100,peripheral,0.403,3,0.3925,"Вход 78 тыс. от 2, выход 8 тыс. на 1; пороги ролей не достигнуты [дробление у порога: 5 перев.; возвратный поток]",False,1,0,2,1,78168.0,7650.0,6,1,0.09786613447958244,0.5,7,0,2,1,15443.0,0.0018048414724057063,0.0,0.0002976021605979045,1.922024458454748e-05,False,,,0.0,3.0,1.0,5,True,1,1.58,log_out,False,,0.0101,0.1423,0.0,0.0799,0.098,0.0287,0.0333
100000000607731100,peripheral,0.754,26,0.2446,"Вход 20 тыс. от 1, выход 67 тыс. на 1; пороги ролей не достигнуты",False,1,3,1,1,20000.0,66666.0,1,1,3.3333,1.0,1,0,0,1,20000.0,0.0003175358448925586,0.0,2.6231749817115585e-266,5.944405541612623e-07,False,,,0.0,,1.0,0,False,0,1.97,log_out,False,,0.0189,0.1487,0.0,0.0192,0.0525,0.0053,0.0
100000005961971100,peripheral,0.526,5,0.233,"Вход 47 тыс. от 1, выход 0 на 0; пороги ролей не достигнуты",False,1,1,1,0,47353.0,0.0,1,0,0.0,0.0,1,0,0,1,47353.0,0.00029550813424883264,0.0,5.95500058530398e-11,0.0,False,,,0.0,,1.0,0,False,0,0.21,log_in,False,,0.0132,0.1695,0.0,0.0192,0.031,0.0,0.0
100000000440392100,terminal,0.867,3,0.4164,"Получил 106 тыс. от 1 плательщ.; исходящих нет, хотя колено 1 обходилось — деньги остались",False,1,0,1,0,105705.0,0.0,4,0,0.0,0.0,7,0,1,1,105705.0,0.0002969344900653258,0.0,0.0002952416008836587,0.0,False,,observed,0.0,,1.0,0,False,0,0.33,log_in,False,,0.1192,0.1838,0.0,0.0799,0.0335,0.0,0.0
100000004105288100,terminal,0.92,12,0.6013,"Получил 215 тыс. от 2 плательщ.; исходящих нет, хотя колено 1 обходилось — деньги остались",False,1,0,2,0,215000.0,0.0,2,0,0.0,0.0,11,1,2,1,107131.6180793305,0.0004630401380988289,0.0,0.00012379738199594134,0.0,False,,observed,0.0,,1.0,0,False,0,0.81,log_in,False,,0.1265,0.184,0.067,0.1488,0.075,0.0,0.0
100000008169544100,peripheral,0.291,3,0.4061,"Вход 137 тыс. от 1, выход 43 тыс. на 4; пороги ролей не достигнуты [возвратный поток]",False,1,0,1,4,137104.0,42800.0,2,7,0.31217178200490137,4.0,7,0,1,1,137104.0,0.0003003104494280091,0.00013281054532341451,0.0002952416008836587,0.00011830662935118885,False,,,0.28738317757009346,1.0,1.0,0,False,4,1.89,log_out,False,,0.0073,0.1869,0.0,0.0799,0.0385,0.0768,0.0167
100000004186824100,peripheral,0.088,3,0.3623,"Вход 452 тыс. от 2, выход 7 тыс. на 1; пороги ролей не достигнуты",False,1,0,2,1,451700.0,7000.0,7,1,0.015497011290679655,0.5,7,0,2,1,451700.0,0.0003819271547747407,0.0001266670775836496,0.0003078380876645964,2.1796153652579613e-06,False,,,0.0,4.0,1.0,1,False,0,1.57,log_out,False,,0.0022,0.1971,0.0,0.0799,0.0679,0.0152,0.0
100000008672200100,peripheral,0.8,5,0.172,"Вход 9 тыс. от 1, выход 0 на 0; пороги ролей не достигнуты",False,1,1,1,0,8511.0,0.0,1,0,0.0,0.0,1,0,0,1,8511.0,0.00028735565342385543,0.0,5.95500058530398e-11,0.0,False,,,0.0,,1.0,1,False,0,1.37,log_in,False,,0.02,0.1268,0.0,0.0192,0.006,0.0,0.0
100000002188829100,terminal,0.958,8,0.5382,"Получил 400 тыс. от 1 плательщ.; исходящих нет, хотя колено 1 обходилось — деньги остались",False,1,0,1,0,400000.0,0.0,1,0,0.0,0.0,10,0,1,1,400000.0,0.00036566386772214973,0.0,0.0004611679456476809,0.0,False,,observed,0.0,,1.0,0,False,0,1.22,log_in,False,,0.1317,0.1966,0.0,0.1441,0.0657,0.0,0.0
100000008717341100,peripheral,0.8,5,0.191,"Вход 15 тыс. от 1, выход 0 на 0; пороги ролей не достигнуты",False,1,1,1,0,14627.0,0.0,1,0,0.0,0.0,1,0,0,1,14627.0,0.0002886393301842066,0.0,5.95500058530398e-11,0.0,False,,,0.0,,1.0,0,False,0,1.0,log_in,False,,0.02,0.1408,0.0,0.0192,0.011,0.0,0.0
100000002214301100,peripheral,0.731,1,0.3379,"Вход 21 тыс. от 1, выход 8 тыс. на 1; пороги ролей не достигнуты",False,1,0,1,1,21438.0,8000.0,1,1,0.373169138912212,1.0,7,0,1,1,21438.0,0.00028959218686542876,0.0,0.0021516815362503513,9.610122292273739e-05,False,,,0.0,19.0,1.0,0,False,0,1.59,log_out,False,,0.0183,0.1505,0.0,0.0799,0.0153,0.0738,0.0
100000002565277100,terminal,0.968,8,0.5426,"Получил 483 тыс. от 1 плательщ.; исходящих нет, хотя колено 1 обходилось — деньги остались",False,1,0,1,0,483319.0,0.0,1,0,0.0,0.0,10,0,1,1,483319.0,0.0003823473671467781,0.0,0.0004611679456476809,0.0,False,,observed,0.0,,1.0,0,False,0,1.35,log_in,False,,0.1331,0.1975,0.0,0.1441,0.0679,0.0,0.0
100000005546031100,peripheral,0.4,36,0.348,"Вход 67 тыс. от 3, выход 8 тыс. на 1; пороги ролей не достигнуты [сквозной пропуск ≤2дн; дробление у порога: 4 перев.; возвратный поток]",False,1,6,3,1,66800.0,8000.0,6,1,0.11976047904191617,0.3333333333333333,1,0,0,1,51076.22624834291,0.0007125289535173747,0.0,3.0811822988060116e-283,5.944405541612623e-07,False,,,1.0,2.0,2.0,4,True,1,1.59,log_out,False,,0.01,0.1722,0.0,0.0192,0.0914,0.0053,0.05
100000003449074100,peripheral,0.8,1,0.2365,"Вход 10 тыс. от 1, выход 0 на 0; пороги ролей не достигнуты",False,1,0,1,0,10000.0,0.0,1,0,0.0,0.0,7,0,1,1,10000.0,0.0002874458184490932,0.0,0.0021516815362503513,0.0,False,,,0.0,,1.0,0,False,0,1.26,log_in,False,,0.02,0.1304,0.0,0.0799,0.0061,0.0,0.0
100000008748914100,distributor,0.608,8,0.5406,Рассылает на 13 получателей 4.5 млн (веер 6:1); плательщиков 2 [возвратный поток; аномалия для колена],False,1,0,2,13,180000.0,4471847.0,9,21,24.843594444444445,6.5,1,0,0,1,98297.20140486232,0.0007908267344260672,0.0033332683920848723,0.0,0.0006406087705344536,False,,,0.4959248382156187,0.0,1.0,2,False,1,3.67,out_deg,True,,0.1216,0.1826,0.0,0.0192,0.0927,0.0912,0.0333
100000004744306100,peripheral,0.434,10,0.4459,"Вход 69 тыс. от 1, выход 92 тыс. на 2; пороги ролей не достигнуты",False,1,0,1,2,69000.0,92000.0,1,3,1.3333333333333333,2.0,8,0,1,1,69000.0,0.0004607769966825421,1.1601484540645376e-302,8.651557678785036e-09,3.923307657464331e-05,False,,,0.0,6.0,1.0,0,False,0,2.03,log_out,False,,0.0108,0.1769,0.0,0.1253,0.0749,0.058,0.0
100000003158727100,terminal,0.954,6,0.5746,"Получил 368 тыс. от 3 плательщ.; исходящих нет, хотя колено 1 обходилось — деньги остались",False,1,0,3,0,367940.0,0.0,3,0,0.0,0.0,9,1,2,1,176639.8992800252,0.00031412912735274626,0.0,7.583777349442187e-06,0.0,False,,observed,0.0,,2.0,0,False,0,1.51,in_deg,False,,0.1312,0.1897,0.067,0.1361,0.0506,0.0,0.0
100000001389255100,peripheral,0.8,5,0.1958,"Вход 16 тыс. от 1, выход 0 на 0; пороги ролей не достигнуты",False,1,1,1,0,16136.0,0.0,1,0,0.0,0.0,1,0,0,1,16136.0,0.00028895605160856404,0.0,5.95500058530398e-11,0.0,False,,,0.0,,1.0,0,False,0,0.94,log_in,False,,0.02,0.1436,0.0,0.0192,0.0129,0.0,0.0
100000008695495100,peripheral,0.735,5,0.2044,"Вход 21 тыс. от 1, выход 0 на 0; пороги ролей не достигнуты",False,1,1,1,0,21000.0,0.0,1,0,0.0,0.0,1,0,0,1,21000.0,0.00028997694823419326,0.0,5.95500058530398e-11,0.0,False,,,0.0,,1.0,0,False,0,0.76,log_in,False,,0.0184,0.1499,0.0,0.0192,0.0169,0.0,0.0
100000004015047100,consolidator,0.941,6,0.7397,Получает от 9 плательщиков (3 seed) 919 тыс.; передаёт дальше 8%; сходятся потоки 11 seed [возвратный поток; аномалия для колена],False,1,0,9,1,919104.0,69195.0,18,7,0.07528527783580531,0.1111111111111111,11,0,5,3,587476.4389220972,0.0022785971106508724,2.021296197616137e-07,5.056891989181232e-05,2.2885961335208597e-05,False,,,0.636346556832141,1.0,2.0,5,False,1,6.02,in_deg,True,,0.2117,0.1982,0.0,0.1488,0.0991,0.0486,0.0333
100000005183943100,terminal,0.981,34,0.4414,"Получил 681 тыс. от 1 плательщ.; исходящих нет, хотя колено 1 обходилось — деньги остались",False,1,4,1,0,680900.0,0.0,9,0,0.0,0.0,1,0,0,1,680900.0,0.0006108393603081353,0.0,1.23619985386e-313,0.0,False,,observed,0.0,,1.0,2,False,0,1.58,log_in,False,,0.1349,0.1986,0.0,0.0192,0.0887,0.0,0.0
100000003004487100,peripheral,0.2,1,0.4352,"Вход 184 тыс. от 4, выход 265 тыс. на 2; пороги ролей не достигнуты [сквозной пропуск ≤2дн; возвратный поток]",False,1,0,4,2,183702.8,265015.0,9,3,1.4426290726107605,0.5,7,0,4,1,48839.5056089299,0.0003508724817163427,2.7367980912499234e-295,0.005747752284258113,0.00019279688639963605,False,,,0.9245325736279079,2.0,2.0,2,False,1,2.26,in_deg,False,,0.005,0.1708,0.0,0.0799,0.0628,0.0833,0.0333
100000003042994100,terminal,0.94,3,0.4554,"Получил 286 тыс. от 1 плательщ.; исходящих нет, хотя колено 1 обходилось — деньги остались",False,1,0,1,0,286086.0,0.0,3,0,0.0,0.0,7,0,1,1,286086.0,0.0003163287040785169,0.0,0.0002952416008836587,0.0,False,,observed,0.0,,1.0,0,False,0,1.0,log_in,False,,0.1292,0.1942,0.0,0.0799,0.052,0.0,0.0
100000001899164100,peripheral,0.148,12,0.4903,"Вход 292 тыс. от 4, выход 76 тыс. на 3; пороги ролей не достигнуты [возвратный поток]",False,1,0,4,3,291675.0,76500.0,5,3,0.2622782206222679,0.75,8,0,4,1,48140.96187719655,0.0011765620095510495,7.694746733690466e-298,0.00012720359073815123,0.00012661583803634885,False,,,0.0,7.0,2.0,1,False,2,2.26,in_deg,False,,0.0037,0.1703,0.0,0.1253,0.0961,0.0783,0.0167
100000003946524100,transit,0.436,8,0.5445,"Пропуск 108%: получил 134 тыс., отдал 145 тыс.; 2→2 контрагента; в ≤2 дн ушло 0% [возвратный поток]",False,1,0,2,2,133757.0,144750.0,2,2,1.0821863528637754,1.0,10,0,2,1,114985.79901800328,0.0003260605758889203,0.0,0.0004648848624875377,0.0001194825513864137,False,,,0.0,6.0,1.0,0,False,1,2.11,log_out,False,,0.0654,0.1847,0.0,0.1441,0.0564,0.0773,0.0167
100000008717340100,peripheral,0.559,5,0.2279,"Вход 42 тыс. от 1, выход 0 на 0; пороги ролей не достигнуты",False,1,1,1,0,41500.0,0.0,1,0,0.0,0.0,1,0,0,1,41500.0,0.000294279658107836,0.0,5.95500058530398e-11,0.0,False,,,0.0,,1.0,0,False,0,0.3,log_in,False,,0.014,0.166,0.0,0.0192,0.0286,0.0,0.0
100000003831324100,terminal,0.943,6,0.5758,"Получил 300 тыс. от 2 плательщ.; исходящих нет, хотя колено 1 обходилось — деньги остались",False,1,0,2,0,300000.0,0.0,2,0,0.0,0.0,9,1,1,1,200016.1313260178,0.00031519260326985687,0.0,4.672374718466922e-06,0.0,False,,observed,0.0,,1.0,0,False,0,1.03,log_in,False,,0.1297,0.1915,0.067,0.1361,0.0515,0.0,0.0
100000008129393100,peripheral,0.8,37,0.2182,"Вход 10 тыс. от 1, выход 0 на 0; пороги ролей не достигнуты",False,1,8,1,0,10000.0,0.0,1,0,0.0,0.0,1,0,0,1,10000.0,0.00031169818202604903,0.0,7.983534595344907e-303,0.0,False,,,0.0,,1.0,0,False,0,1.26,log_in,False,,0.02,0.1304,0.0,0.0192,0.0486,0.0,0.0
100000004388209100,peripheral,0.8,5,0.1822,"Вход 12 тыс. от 1, выход 0 на 0; пороги ролей не достигнуты",False,1,1,1,0,11800.0,0.0,1,0,0.0,0.0,1,0,0,1,11800.0,0.000288045975998217,0.0,5.95500058530398e-11,0.0,False,,,0.0,,1.0,0,False,0,1.15,log_in,False,,0.02,0.1349,0.0,0.0192,0.0081,0.0,0.0
100000000706545100,peripheral,0.05,3,0.435,"Вход 1.1 млн от 3, выход 76 тыс. на 1; пороги ролей не достигнуты [возвратный поток]",False,1,0,3,1,1070300.0,75800.0,8,3,0.07082126506586939,0.3333333333333333,7,0,3,1,732476.2364838223,0.0032266260404967403,0.0,0.00032227299707843617,1.9616538287321655e-05,False,,,0.0,12.0,1.0,1,False,1,1.99,log_out,False,,0.0013,0.1989,0.0,0.0799,0.0999,0.0383,0.0167
100000004497606100,peripheral,0.8,5,0.194,"Вход 16 тыс. от 1, выход 0 на 0; пороги ролей не достигнуты",False,1,1,1,0,15534.0,0.0,1,0,0.0,0.0,1,0,0,1,15534.0,0.0002888296988600795,0.0,5.95500058530398e-11,0.0,False,,,0.0,,1.0,0,False,0,0.96,log_in,False,,0.02,0.1426,0.0,0.0192,0.0122,0.0,0.0
100000008470470100,peripheral,0.608,5,0.2201,"Вход 34 тыс. от 1, выход 0 на 0; пороги ролей не достигнуты",False,1,1,1,0,33547.0,0.0,1,0,0.0,0.0,1,0,0,1,33547.0,0.00029261041656514913,0.0,5.95500058530398e-11,0.0,False,,,0.0,,1.0,0,False,0,0.45,log_in,False,,0.0152,0.1609,0.0,0.0192,0.0248,0.0,0.0
100000004318918100,peripheral,0.41,12,0.3481,"Вход 76 тыс. от 1, выход 0 на 0; пороги ролей не достигнуты",False,1,0,1,0,75600.0,0.0,1,0,0.0,0.0,8,0,1,1,75600.0,0.0002970355594933984,0.0,0.00012279960108290615,0.0,False,,,0.0,,1.0,0,False,0,0.1,log_in,False,,0.0102,0.1789,0.0,0.1253,0.0337,0.0,0.0
100000005228059100,peripheral,0.673,5,0.2126,"Вход 26 тыс. от 1, выход 0 на 0; пороги ролей не достигнуты",False,1,1,1,0,26000.0,0.0,1,0,0.0,0.0,1,0,0,1,26000.0,0.00029102638966678907,0.0,5.95500058530398e-11,0.0,False,,,0.0,,1.0,0,False,0,0.62,log_in,False,,0.0168,0.1563,0.0,0.0192,0.0202,0.0,0.0
100000001609499100,peripheral,0.165,1,0.4197,"Вход 263 тыс. от 3, выход 21 тыс. на 2; пороги ролей не достигнуты [возвратный поток]",False,1,0,3,2,263113.0,21000.0,3,2,0.07981361620292422,0.6666666666666666,7,0,3,1,94788.82356262117,0.00032091395654925293,0.0005433342905763559,0.006661874799608856,0.0001842231717471561,False,,,0.47619047619047616,2.0,1.0,0,False,123,1.76,log_out,False,,0.0041,0.1814,0.0,0.0799,0.0548,0.0828,0.0167
100000002824176100,terminal,0.889,6,0.4095,"Получил 144 тыс. от 1 плательщ.; исходящих нет, хотя колено 1 обходилось — деньги остались",False,1,0,1,0,144000.0,0.0,1,0,0.0,0.0,2,0,1,1,144000.0,0.0003385981575005863,0.0,9.22837788436284e-07,0.0,False,,observed,0.0,,1.0,0,False,0,0.54,log_in,False,,0.1222,0.1875,0.0,0.0397,0.06,0.0,0.0
100000001363952100,peripheral,0.22,8,0.3364,"Вход 197 тыс. от 2, выход 91 тыс. на 1; пороги ролей не достигнуты",False,1,0,2,1,196655.0,91000.0,2,2,0.4627393150441128,0.5,7,0,2,1,69165.84868262087,0.00030709529312419024,0.0,0.002265338768357392,1.922024458454748e-05,False,,,0.10989010989010989,0.0,1.0,0,False,0,2.02,log_out,False,,0.0055,0.1771,0.0,0.0799,0.0452,0.0287,0.0
100000001049200100,peripheral,0.407,3,0.3577,"Вход 77 тыс. от 2, выход 36 тыс. на 4; пороги ролей не достигнуты [возвратный поток]",False,1,0,2,4,76624.0,36000.0,2,5,0.46982668615577367,2.0,7,0,2,1,6537.797421274766,0.0002982913003271399,1.1012390777196447e-05,0.0003797223312623088,0.0011596533657190738,False,,,0.0,5.0,1.0,1,False,4,1.86,log_out,False,,0.0102,0.1214,0.0,0.0799,0.0351,0.0943,0.0167
100000002662768100,peripheral,0.391,8,0.2539,"Вход 84 тыс. от 1, выход 0 на 0; пороги ролей не достигнуты",False,1,0,1,0,84300.0,0.0,1,0,0.0,0.0,1,0,0,1,84300.0,0.00030645559550582425,0.0,6.780075768513709e-05,0.0,False,,,0.0,,1.0,0,False,0,0.18,log_in,False,,0.0098,0.1802,0.0,0.0192,0.0447,0.0,0.0
100000004737477100,peripheral,0.515,1,0.3049,"Вход 50 тыс. от 2, выход 40 тыс. на 1; пороги ролей не достигнуты",False,1,0,2,1,49598.0,40500.0,3,3,0.8165651840800032,0.5,7,0,2,1,30144.0715568798,0.00029231930484893123,0.0,0.00505746306905961,1.922024458454748e-05,False,,,0.37037037037037035,2.0,1.0,0,False,0,1.88,log_out,False,,0.0129,0.1593,0.0,0.0799,0.0241,0.0287,0.0
100000008680451100,peripheral,0.712,5,0.2091,"Вход 24 тыс. от 1, выход 0 на 0; пороги ролей не достигнуты",False,1,1,1,0,23534.0,0.0,1,0,0.0,0.0,1,0,0,1,23534.0,0.0002905088051522328,0.0,5.95500058530398e-11,0.0,False,,,0.0,,1.0,0,False,0,0.68,log_in,False,,0.0178,0.1534,0.0,0.0192,0.0187,0.0,0.0
100000001952325100,peripheral,0.404,5,0.2494,"Вход 78 тыс. от 1, выход 0 на 0; пороги ролей не достигнуты",False,1,1,1,0,77888.0,0.0,2,0,0.0,0.0,1,0,0,1,77888.0,0.0003019170730776952,0.0,5.95500058530398e-11,0.0,False,,,0.0,,1.0,0,False,0,0.12,log_in,False,,0.0101,0.1794,0.0,0.0192,0.0407,0.0,0.0
100000008751429100,peripheral,0.111,33,0.348,"Вход 386 тыс. от 3, выход 73 тыс. на 1; пороги ролей не достигнуты [сквозной пропуск ≤2дн; возвратный поток]",False,1,7,3,1,386200.0,72600.0,6,2,0.1879854997410668,0.3333333333333333,1,0,0,1,333943.01303677785,0.0015043129924041134,2.8857651638375855e-220,8.087564773215924e-220,0.0,False,,,1.0,0.5,2.0,0,False,6,1.98,log_out,False,,0.0028,0.1952,0.0,0.0192,0.0974,0.0,0.0333
100000001960517100,terminal,0.915,6,0.4211,"Получил 200 тыс. от 1 плательщ.; исходящих нет, хотя колено 1 обходилось — деньги остались",False,1,0,1,0,200000.0,0.0,1,0,0.0,0.0,2,0,1,1,200000.0,0.00035922049322186785,0.0,9.22837788436284e-07,0.0,False,,observed,0.0,,1.0,0,False,0,0.76,log_in,False,,0.1258,0.1911,0.0,0.0397,0.0645,0.0,0.0
100000008686234100,peripheral,0.573,1,0.2847,"Вход 40 тыс. от 1, выход 0 на 0; пороги ролей не достигнуты",False,1,0,1,0,39778.0,0.0,1,0,0.0,0.0,7,0,1,1,39778.0,0.0002930337323065542,0.0,0.0021516815362503513,0.0,False,,,0.0,,1.0,0,False,0,0.33,log_in,False,,0.0143,0.1647,0.0,0.0799,0.0257,0.0,0.0
100000004213658100,peripheral,0.678,5,0.2116,"Вход 25 тыс. от 1, выход 0 на 0; пороги ролей не достигнуты",False,1,1,1,0,25347.0,0.0,1,0,0.0,0.0,1,0,0,1,25347.0,0.00029088933261569206,0.0,5.95500058530398e-11,0.0,False,,,0.0,,1.0,0,False,0,0.63,log_in,False,,0.017,0.1556,0.0,0.0192,0.0198,0.0,0.0
100000001194266100,peripheral,0.505,8,0.3594,"Вход 50 тыс. от 1, выход 0 на 0; пороги ролей не достигнуты",False,1,0,1,0,50000.0,0.0,1,0,0.0,0.0,10,0,1,1,50000.0,0.00029558111590539824,0.0,0.0004611679456476809,0.0,False,,,0.0,,1.0,0,False,0,0.18,log_in,False,,0.0126,0.1715,0.0,0.1441,0.0312,0.0,0.0
100000002243354100,peripheral,0.737,5,0.2042,"Вход 21 тыс. от 1, выход 0 на 0; пороги ролей не достигнуты",False,1,1,1,0,20879.0,0.0,1,0,0.0,0.0,1,0,0,1,20879.0,0.0002899515517515244,0.0,5.95500058530398e-11,0.0,False,,,0.0,,1.0,0,False,0,0.76,log_in,False,,0.0184,0.1498,0.0,0.0192,0.0168,0.0,0.0
100000006069103100,transit,0.262,3,0.4838,"Пропуск 118%: получил 229 тыс., отдал 270 тыс.; 3→3 контрагента; в ≤2 дн ушло 17% [возвратный поток]",False,1,0,3,3,228818.0,270000.0,3,4,1.1799770997036947,1.0,7,0,3,1,130337.53391369368,0.0011516310982681742,1.57847465707e-313,0.00031029936069006635,5.805702745641661e-05,False,,,0.16666666666666666,0.5,1.0,1,False,1,2.22,log_out,False,,0.0393,0.1864,0.0,0.0799,0.096,0.0654,0.0167
100000002760175100,terminal,0.908,12,0.4907,"Получил 187 тыс. от 1 плательщ.; исходящих нет, хотя колено 1 обходилось — деньги остались",False,1,0,1,0,187410.0,0.0,1,0,0.0,0.0,8,0,1,1,187410.0,0.00031399380182834,0.0,0.00012279960108290615,0.0,False,,observed,0.0,,1.0,0,False,0,0.71,log_in,False,,0.1249,0.1902,0.0,0.1253,0.0504,0.0,0.0
100000003567087100,peripheral,0.45,5,0.2413,"Вход 62 тыс. от 1, выход 0 на 0; пороги ролей не достигнуты",False,1,1,1,0,62115.0,0.0,1,0,0.0,0.0,1,0,0,1,62115.0,0.0002986065051344285,0.0,5.95500058530398e-11,0.0,False,,,0.0,,1.0,0,False,0,0.03,log_in,False,,0.0113,0.1752,0.0,0.0192,0.0355,0.0,0.0
100000008229700100,peripheral,0.714,13,0.2059,"Вход 24 тыс. от 1, выход 7 тыс. на 1; пороги ролей не достигнуты",False,1,0,1,1,23500.0,7200.0,1,1,0.30638297872340425,1.0,1,0,0,1,23500.0,0.0002894692379814412,0.0,1.0100033243240566e-05,1.981468513870874e-07,False,,,0.0,11.0,1.0,0,False,0,1.57,log_out,False,,0.0178,0.1528,0.0,0.0192,0.015,0.001,0.0
100000004076740100,peripheral,0.368,22,0.4618,"Вход 93 тыс. от 3, выход 125 тыс. на 6; пороги ролей не достигнуты [возвратный поток]",False,1,0,3,6,93250.0,125000.0,5,10,1.3404825737265416,2.0,7,0,3,1,56179.16814461736,0.0007414546780411359,1.9583614279484253e-07,0.002186652206071545,0.000435160400673932,False,,,0.184,6.0,1.0,1,False,4,2.08,log_out,False,,0.0092,0.1744,0.0,0.0799,0.0919,0.0896,0.0167
100000003284932100,peripheral,0.432,8,0.3692,"Вход 70 тыс. от 1, выход 0 на 0; пороги ролей не достигнуты",False,1,0,1,0,69925.0,0.0,1,0,0.0,0.0,10,0,1,1,69925.0,0.000299570826848109,0.0,0.0004611679456476809,0.0,False,,,0.0,,1.0,0,False,0,0.05,log_in,False,,0.0108,0.1772,0.0,0.1441,0.0372,0.0,0.0
100000008071620100,peripheral,0.532,1,0.2909,"Вход 47 тыс. от 1, выход 0 на 0; пороги ролей не достигнуты",False,1,0,1,0,46968.0,0.0,1,0,0.0,0.0,7,0,1,1,46968.0,0.0002943829532292201,0.0,0.0021516815362503513,0.0,False,,,0.0,,1.0,0,False,0,0.22,log_in,False,,0.0133,0.1688,0.0,0.0799,0.0289,0.0,0.0
100000003235780100,terminal,0.823,11,0.3559,"Получил 65 тыс. от 2 плательщ.; исходящих нет, хотя колено 1 обходилось — деньги остались",False,1,0,2,0,65000.0,0.0,2,0,0.0,0.0,7,0,2,1,15043.838418365263,0.00029120007891764556,0.0,0.00505746306905961,0.0,False,,observed,0.0,,1.0,0,False,0,0.75,in_deg,False,,0.1132,0.1419,0.0,0.0799,0.0209,0.0,0.0
100000005363908100,peripheral,0.768,36,0.2629,"Вход 20 тыс. от 1, выход 20 тыс. на 1; пороги ролей не достигнуты [сквозной пропуск ≤2дн]",False,1,6,1,1,19500.0,19500.0,1,1,1.0,1.0,1,0,0,1,19500.0,0.00033851712062440693,1.3114298515444887e-283,1.3380297447651783e-283,0.0,False,,,1.0,0.0,1.0,0,False,0,1.75,log_out,False,,0.0192,0.1479,0.0,0.0192,0.06,0.0,0.0167
100000001851289100,terminal,0.869,3,0.4179,"Получил 110 тыс. от 1 плательщ.; исходящих нет, хотя колено 1 обходилось — деньги остались",False,1,0,1,0,109510.0,0.0,3,0,0.0,0.0,7,0,1,1,109510.0,0.00029734359625899464,0.0,0.0002952416008836587,0.0,False,,observed,0.0,,1.0,0,False,0,0.35,log_in,False,,0.1195,0.1843,0.0,0.0799,0.0341,0.0,0.0
100000002870937100,peripheral,0.392,6,0.2272,"Вход 84 тыс. от 1, выход 0 на 0; пороги ролей не достигнуты",False,1,0,1,0,83700.0,0.0,1,0,0.0,0.0,1,0,0,1,83700.0,0.0002903688396007325,0.0,4.341414826156218e-06,0.0,False,,,0.0,,1.0,0,False,0,0.17,log_in,False,,0.0098,0.1801,0.0,0.0192,0.018,0.0,0.0
100000002152857100,peripheral,0.333,6,0.3362,"Вход 105 тыс. от 1, выход 1.2 млн на 5; пороги ролей не достигнуты",False,1,0,1,5,105000.0,1230000.0,1,6,11.714285714285714,5.0,1,0,0,1,105000.0,0.0002997108402620942,2.298155223080961e-05,4.089589732056224e-05,0.00031346831889437224,False,,,0.5853658536585366,2.0,1.0,0,False,0,2.48,log_out,False,,0.0083,0.1837,0.0,0.0192,0.0376,0.0873,0.0
100000002600345100,terminal,0.806,3,0.3919,"Получил 52 тыс. от 2 плательщ.; исходящих нет, хотя колено 1 обходилось — деньги остались",False,1,0,2,0,52400.0,0.0,2,0,0.0,0.0,7,0,2,1,47482.6235296044,0.0002957205308431163,0.0,0.00031971674999889816,0.0,False,,observed,0.0,,1.0,1,False,0,0.75,in_deg,False,,0.1108,0.1697,0.0,0.0799,0.0314,0.0,0.0
100000002580377100,peripheral,0.581,3,0.3024,"Вход 38 тыс. от 1, выход 5 тыс. на 1; пороги ролей не достигнуты",False,1,0,1,1,37750.0,5000.0,2,1,0.13245033112582782,1.0,7,0,1,1,37750.0,0.000289628100737922,0.0,0.0002952416008836587,1.922024458454748e-05,False,,,0.0,3.0,1.0,0,False,0,1.51,log_out,False,,0.0145,0.1637,0.0,0.0799,0.0155,0.0287,0.0
100000004094958100,peripheral,0.577,36,0.2851,"Вход 39 тыс. от 1, выход 40 тыс. на 1; пороги ролей не достигнуты [сквозной пропуск ≤2дн]",False,1,6,1,1,39000.0,40000.0,1,1,1.0256410256410255,1.0,1,0,0,1,39000.0,0.00039146494703152303,5.694996203955488e-284,1.3380297447651783e-283,1.981468513870874e-07,False,,,1.0,0.0,1.0,0,False,0,1.88,log_out,False,,0.0144,0.1644,0.0,0.0192,0.0694,0.001,0.0167
100000002609774100,peripheral,0.8,10,0.3137,"Вход 8 тыс. от 1, выход 28 тыс. на 1; пороги ролей не достигнуты",False,1,0,1,1,7700.0,27500.0,1,1,3.5714285714285716,1.0,7,0,1,1,7700.0,0.00028639718322944613,1.2056204867677946e-05,0.0002952416008836587,0.0002797007929704895,False,,,0.0,,1.0,1,False,0,1.81,log_out,False,,0.02,0.1243,0.0,0.0799,0.0031,0.0863,0.0
100000002596035100,terminal,0.925,12,0.4995,"Получил 232 тыс. от 1 плательщ.; исходящих нет, хотя колено 1 обходилось — деньги остались",False,1,0,1,0,231570.0,0.0,1,0,0.0,0.0,8,0,1,1,231570.0,0.0003206915567832726,0.0,0.00012279960108290615,0.0,False,,observed,0.0,,1.0,0,False,0,0.86,log_in,False,,0.1272,0.1925,0.0,0.1253,0.0545,0.0,0.0
100000004664515100,peripheral,0.582,1,0.2831,"Вход 38 тыс. от 1, выход 0 на 0; пороги ролей не достигнуты",False,1,0,1,0,37691.0,0.0,1,0,0.0,0.0,7,0,1,1,37691.0,0.0002926421016993771,0.0,0.0021516815362503513,0.0,False,,,0.0,,1.0,0,False,0,0.37,log_in,False,,0.0146,0.1636,0.0,0.0799,0.0249,0.0,0.0
100000000661912100,consolidator,0.584,1,0.6262,Получает от 5 плательщиков (1 seed) 393 тыс.; передаёт дальше 110%; сходятся потоки 7 seed [сквозной пропуск ≤2дн; возвратный поток],False,1,0,5,2,393036.0,430700.0,9,8,1.0958283719557496,0.4,7,0,5,1,153982.83208741562,0.0017491597591117625,0.0,0.0078621441674595,0.001333690545207292,False,,,0.75156721615974,0.0,2.0,1,False,1,3.01,in_deg,False,,0.1314,0.1886,0.0,0.0799,0.098,0.095,0.0333
100000004144536100,terminal,0.901,23,0.4226,"Получил 168 тыс. от 4 плательщ.; исходящих нет, хотя колено 1 обходилось — деньги остались",False,1,2,4,0,168000.0,0.0,6,0,0.0,0.0,1,0,0,1,113981.00943934887,0.0009685966718954048,0.0,7.398865094998886e-179,0.0,False,,observed,0.0,,2.0,2,False,0,2.26,in_deg,False,,0.1239,0.1846,0.0,0.0192,0.0949,0.0,0.0
100000006177176100,peripheral,0.8,3,0.2309,"Вход 9 тыс. от 1, выход 0 на 0; пороги ролей не достигнуты",False,1,0,1,0,8911.0,0.0,1,0,0.0,0.0,7,0,1,1,8911.0,0.0002865273875922669,0.0,0.0002952416008836587,0.0,False,,,0.0,,1.0,1,False,0,1.34,log_in,False,,0.02,0.1274,0.0,0.0799,0.0036,0.0,0.0
100000002158488100,peripheral,0.616,5,0.2186,"Вход 32 тыс. от 1, выход 0 на 0; пороги ролей не достигнуты",False,1,1,1,0,31723.0,0.0,1,0,0.0,0.0,1,0,0,1,31723.0,0.00029222758033053823,0.0,5.95500058530398e-11,0.0,False,,,0.0,,1.0,0,False,0,0.48,log_in,False,,0.0154,0.1601,0.0,0.0192,0.0239,0.0,0.0
100000000041368100,terminal,0.897,8,0.509,"Получил 160 тыс. от 1 плательщ.; исходящих нет, хотя колено 1 обходилось — деньги остались",False,1,0,1,0,160000.0,0.0,1,0,0.0,0.0,10,0,1,1,160000.0,0.0003176071236192344,0.0,0.0004611679456476809,0.0,False,,observed,0.0,,1.0,0,False,0,0.61,log_in,False,,0.1233,0.1888,0.0,0.1441,0.0527,0.0,0.0
100000008722328100,peripheral,0.709,5,0.2094,"Вход 24 тыс. от 1, выход 0 на 0; пороги ролей не достигнуты",False,1,1,1,0,23677.0,0.0,1,0,0.0,0.0,1,0,0,1,23677.0,0.00029053881917720503,0.0,5.95500058530398e-11,0.0,False,,,0.0,,1.0,0,False,0,0.68,log_in,False,,0.0177,0.1535,0.0,0.0192,0.0189,0.0,0.0
100000008735384100,peripheral,0.576,5,0.226,"Вход 39 тыс. от 1, выход 0 на 0; пороги ролей не достигнуты",False,1,1,1,0,39220.0,0.0,1,0,0.0,0.0,1,0,0,1,39220.0,0.00029380111281457236,0.0,5.95500058530398e-11,0.0,False,,,0.0,,1.0,0,False,0,0.34,log_in,False,,0.0144,0.1645,0.0,0.0192,0.0278,0.0,0.0
100000004480280100,peripheral,0.276,21,0.4426,"Вход 147 тыс. от 1, выход 296 тыс. на 2; пороги ролей не достигнуты",False,1,0,1,2,146694.0,295850.0,1,7,2.0167832358515003,2.0,10,0,1,1,146694.0,0.0003149427776315953,1.8572189098070206e-08,0.0004611679456476809,3.571762118628406e-05,False,,,0.23998647963495015,2.0,1.0,0,False,0,2.23,log_out,False,,0.0069,0.1877,0.0,0.1441,0.0514,0.0526,0.0
100000004286573100,peripheral,0.8,13,0.1933,"Вход 17 тыс. от 1, выход 0 на 0; пороги ролей не достигнуты",False,1,0,1,0,16590.0,0.0,1,0,0.0,0.0,1,0,0,1,16590.0,0.0002883224885597272,0.0,1.0100033243240566e-05,0.0,False,,,0.0,,1.0,0,False,0,0.92,log_in,False,,0.02,0.1443,0.0,0.0192,0.0097,0.0,0.0
100000001746925100,peripheral,0.439,8,0.4436,"Вход 65 тыс. от 1, выход 5 тыс. на 1; пороги ролей не достигнуты",False,1,0,1,1,65250.0,5000.0,1,1,0.07662835249042145,1.0,10,0,1,1,65250.0,0.000298634721520271,0.0,0.0004611679456476809,0.00011888811083225245,False,,,0.0,,1.0,0,False,0,1.51,log_out,False,,0.011,0.1759,0.0,0.1441,0.0356,0.0771,0.0
100000001660397100,peripheral,0.52,1,0.3952,"Вход 49 тыс. от 2, выход 49 тыс. на 3; пороги ролей не достигнуты [сквозной пропуск ≤2дн; возвратный поток]",False,1,0,2,3,48600.0,49000.0,2,4,1.008230452674897,1.5,7,0,2,1,19696.043185903494,0.0002951523346277189,0.0005350800884771783,0.003756093266799596,0.0005032951333514932,False,,,0.7551020408163265,0.5,1.0,0,False,223,1.91,log_out,False,,0.013,0.1481,0.0,0.0799,0.0304,0.0903,0.0333
100000002591469100,terminal,0.927,6,0.3756,"Получил 236 тыс. от 1 плательщ.; исходящих нет, хотя колено 1 обходилось — деньги остались",False,1,0,1,0,235670.0,0.0,1,0,0.0,0.0,1,0,0,1,235670.0,0.000299083139623691,0.0,4.341414826156218e-06,0.0,False,,observed,0.0,,1.0,0,False,0,0.87,log_in,False,,0.1275,0.1927,0.0,0.0192,0.0362,0.0,0.0
100000002731501100,peripheral,0.059,23,0.2875,"Вход 570 тыс. от 3, выход 834 тыс. на 7; пороги ролей не достигнуты [3 плательщ. в 1 день; возвратный поток]",False,1,2,3,7,570370.0,833960.0,7,20,1.4621386117783193,2.3333333333333335,1,0,0,1,13320.166686582375,0.0004855839777590129,1.1578010597051478e-178,6.38373224061603e-179,4.4583041562094666e-06,False,,,0.32975202647609,2.0,3.0,1,False,14,2.42,log_out,False,,0.0015,0.1383,0.0,0.0192,0.0766,0.0184,0.0333
100000000089154100,distributor,0.702,4,0.4655,Рассылает на 15 получателей 426 тыс. (веер 15:1); плательщиков 1 [возвратный поток; аномалия для колена],False,1,0,1,15,10000.0,425500.0,1,21,42.55,15.0,7,0,1,1,10000.0,0.0002874458184490932,0.0028494327783688002,0.0021516815362503513,0.00010895478461069696,False,,,0.27379553466509987,3.0,1.0,0,False,57,4.24,out_deg,True,,0.1404,0.1304,0.0,0.0799,0.0061,0.0753,0.0333
100000008732098100,peripheral,0.8,5,0.1949,"Вход 16 тыс. от 1, выход 0 на 0; пороги ролей не достигнуты",False,1,1,1,0,15677.0,0.0,1,0,0.0,0.0,1,0,0,1,15677.0,0.00028885971288505175,0.0,5.95500058530398e-11,0.0,False,,,0.0,,1.0,0,False,0,0.96,log_in,False,,0.02,0.1431,0.0,0.0192,0.0126,0.0,0.0
100000005456919100,peripheral,0.082,33,0.3467,"Вход 480 тыс. от 2, выход 5 тыс. на 1; пороги ролей не достигнуты [сквозной пропуск ≤2дн; возвратный поток]",False,1,7,2,1,479950.0,5000.0,10,1,0.010417751849150954,0.5,1,0,0,1,333358.97163563664,0.0013700274780428614,2.530265713222844e-220,6.046194540928907e-220,0.0,False,,,1.0,2.0,2.0,0,False,4,1.51,log_out,False,,0.002,0.1951,0.0,0.0192,0.097,0.0,0.0333
100000000507799100,peripheral,0.8,32,0.2953,"Вход 5 тыс. от 1, выход 8 тыс. на 1; пороги ролей не достигнуты",False,1,0,1,1,5132.0,8000.0,1,1,1.558846453624318,1.0,7,0,1,1,5132.0,0.0002861210768679897,4.80549224039712e-303,0.0002952416008836587,0.00011532146750728487,False,,,0.0,3.0,1.0,1,False,0,1.71,log_in,False,,0.02,0.117,0.0,0.0799,0.0022,0.0762,0.0
100000008716439100,peripheral,0.8,5,0.184,"Вход 12 тыс. от 1, выход 0 на 0; пороги ролей не достигнуты",False,1,1,1,0,12267.0,0.0,1,0,0.0,0.0,1,0,0,1,12267.0,0.00028814399382802143,0.0,5.95500058530398e-11,0.0,False,,,0.0,,1.0,0,False,0,1.12,log_in,False,,0.02,0.1362,0.0,0.0192,0.0086,0.0,0.0
100000002981527100,terminal,0.901,6,0.375,"Получил 168 тыс. от 1 плательщ.; исходящих нет, хотя колено 1 обходилось — деньги остались",False,1,0,1,0,168000.0,0.0,1,0,0.0,0.0,1,0,0,1,168000.0,0.0003036113749173627,0.0,2.274780450186003e-05,0.0,False,,observed,0.0,,1.0,0,False,0,0.64,log_in,False,,0.1239,0.1893,0.0,0.0192,0.0426,0.0,0.0
100000002844652100,peripheral,0.451,6,0.2188,"Вход 61 тыс. от 1, выход 0 на 0; пороги ролей не достигнуты",False,1,0,1,0,61360.0,0.0,1,0,0.0,0.0,1,0,0,1,61360.0,0.0002890878139870397,0.0,4.341414826156218e-06,0.0,False,,,0.0,,1.0,0,False,0,0.04,log_in,False,,0.0113,0.1752,0.0,0.0192,0.0132,0.0,0.0
100000002605548100,terminal,0.874,12,0.5636,"Получил 117 тыс. от 2 плательщ.; исходящих нет, хотя колено 1 обходилось — деньги остались",False,1,0,2,0,116695.0,0.0,2,0,0.0,0.0,10,1,2,1,94930.55875534976,0.00031432137112675444,0.0,0.00012509485163979102,0.0,False,,observed,0.0,,1.0,0,False,0,0.75,in_deg,False,,0.1202,0.1815,0.067,0.1441,0.0508,0.0,0.0
100000002750956100,peripheral,0.525,1,0.2917,"Вход 47 тыс. от 1, выход 0 на 0; пороги ролей не достигнуты",False,1,0,1,0,47416.0,0.0,1,0,0.0,0.0,7,0,1,1,47416.0,0.00029446702151480483,0.0,0.0021516815362503513,0.0,False,,,0.0,,1.0,0,False,0,0.21,log_in,False,,0.0131,0.1696,0.0,0.0799,0.029,0.0,0.0
100000002982252100,peripheral,0.739,5,0.2037,"Вход 20 тыс. от 1, выход 0 на 0; пороги ролей не достигнуты",False,1,1,1,0,20320.0,0.0,1,0,0.0,0.0,1,0,0,1,20320.0,0.0002898342241993602,0.0,5.95500058530398e-11,0.0,False,,,0.0,,1.0,0,False,0,0.78,log_in,False,,0.0185,0.1494,0.0,0.0192,0.0165,0.0,0.0
100000000961900100,terminal,0.764,1,0.3713,"Получил 36 тыс. от 2 плательщ.; исходящих нет, хотя колено 1 обходилось — деньги остались",False,1,0,2,0,36000.0,0.0,3,0,0.0,0.0,7,0,2,1,27009.59736885223,0.0002943204405632645,0.0,0.0027944971937982335,0.0,False,,observed,0.0,,1.0,1,False,0,0.75,in_deg,False,,0.105,0.1575,0.0,0.0799,0.0288,0.0,0.0
100000007175718100,peripheral,0.754,35,0.2288,"Вход 20 тыс. от 1, выход 0 на 0; пороги ролей не достигнуты",False,1,5,1,0,20000.0,0.0,1,0,0.0,0.0,1,0,0,1,20000.0,0.00030318655842831487,0.0,2.91876993847384e-271,0.0,False,,,0.0,,1.0,0,False,0,0.79,log_in,False,,0.0189,0.1487,0.0,0.0192,0.042,0.0,0.0
100000002306369100,peripheral,0.4,8,0.3904,"Вход 73 тыс. от 1, выход 261 тыс. на 6; пороги ролей не достигнуты [возвратный поток]",False,1,0,1,6,73166.0,260900.0,1,9,3.5658639258672062,6.0,7,0,1,1,73166.0,0.00029929907141169583,0.0037957609279209736,0.0021516815362503513,7.025152223848328e-05,False,,,0.0,21.0,1.0,0,False,81,2.21,log_out,False,,0.01,0.1782,0.0,0.0799,0.0366,0.0691,0.0167
100000000667713100,peripheral,0.311,3,0.4231,"Вход 119 тыс. от 2, выход 79 тыс. на 6; пороги ролей не достигнуты [возвратный поток]",False,1,0,2,6,119495.0,79236.0,10,7,0.663090505878907,3.0,7,0,2,1,107766.93738885886,0.0003201059721320319,0.0006759245100784289,0.00030027074505944626,0.00013967625368757418,False,,,0.4726386995809985,5.0,1.0,4,False,2,2.0,log_out,False,,0.0078,0.1841,0.0,0.0799,0.0543,0.0803,0.0167
100000001072022100,coordinator,0.713,8,0.599,"Сходятся деньги 10 seed, вход 1.7 млн; получает от 2 консолидаторов/координаторов",False,1,0,3,0,1684000.0,0.0,6,0,0.0,0.0,10,0,2,1,747996.3141183999,0.0005021346766292359,0.0,0.0034634604826792375,0.0,False,,observed,0.0,,2.0,0,False,0,2.19,log_in,False,получает от 2 консолидаторов/координаторов,0.1782,0.199,0.0,0.1441,0.0777,0.0,0.0
100000008116374100,peripheral,0.618,3,0.2682,"Вход 31 тыс. от 1, выход 0 на 0; пороги ролей не достигнуты",False,1,0,1,0,31284.0,0.0,1,0,0.0,0.0,7,0,1,1,31284.0,0.00028893288900381874,0.0,0.0002952416008836587,0.0,False,,,0.0,,1.0,0,False,0,0.49,log_in,False,,0.0154,0.1599,0.0,0.0799,0.0129,0.0,0.0
100000000703894100,peripheral,0.309,26,0.2936,"Вход 120 тыс. от 1, выход 35 тыс. на 1; пороги ролей не достигнуты",False,1,3,1,1,120000.0,35000.0,1,1,0.2916666666666667,1.0,1,0,0,1,120000.0,0.00047736859826889746,0.0,2.6231749817115585e-266,5.944405541612623e-07,False,,,0.0,,1.0,0,False,0,1.85,log_out,False,,0.0077,0.1853,0.0,0.0192,0.0761,0.0053,0.0
100000008066326100,peripheral,0.769,1,0.2606,"Вход 19 тыс. от 1, выход 0 на 0; пороги ролей не достигнуты",False,1,0,1,0,19320.0,0.0,1,0,0.0,0.0,7,0,1,1,19320.0,0.00028919473903313297,0.0,0.0021516815362503513,0.0,False,,,0.0,,1.0,0,False,0,0.82,log_in,False,,0.0192,0.1477,0.0,0.0799,0.0137,0.0,0.0
100000004662806100,peripheral,0.331,13,0.5001,"Вход 107 тыс. от 2, выход 60 тыс. на 2; пороги ролей не достигнуты [сквозной пропуск ≤2дн]",False,1,0,2,2,106585.0,59900.0,2,3,0.5619927757189098,1.0,8,1,1,1,97589.60270072382,0.00030544976624820286,0.0,0.0006529156907911227,3.883678287186913e-05,False,,,1.0,2.0,1.0,1,False,0,1.95,log_out,False,,0.0083,0.1822,0.067,0.1253,0.0438,0.0568,0.0167
100000005778283100,terminal,0.98,4,0.6823,"Получил 616 тыс. от 3 плательщ.; исходящих нет, хотя колено 1 обходилось — деньги остались",False,1,0,3,0,615760.0,0.0,3,0,0.0,0.0,9,2,2,2,349535.8586898374,0.0004375840554275676,0.0,0.00011357614763293261,0.0,False,,observed,0.0,,1.0,0,False,0,1.51,log_in,False,,0.1348,0.1956,0.142,0.1361,0.0738,0.0,0.0
100000004408683100,terminal,0.872,3,0.4487,"Получил 113 тыс. от 2 плательщ.; исходящих нет, хотя колено 1 обходилось — деньги остались",False,1,0,2,0,112919.68,0.0,3,0,0.0,0.0,7,0,2,1,86166.53521741855,0.00038531432958819066,0.0,0.00031210939100056984,0.0,False,,observed,0.0,,1.0,0,False,0,0.75,in_deg,False,,0.1199,0.1805,0.0,0.0799,0.0684,0.0,0.0
100000002704875100,terminal,0.929,1,0.4197,"Получил 245 тыс. от 3 плательщ.; исходящих нет, хотя колено 1 обходилось — деньги остались",False,1,0,3,0,244891.0,0.0,4,0,0.0,0.0,7,0,3,1,32229.802480720347,0.00031507379549976304,0.0,0.004839827287747003,0.0,False,,observed,0.0,,1.0,0,False,0,1.51,in_deg,False,,0.1277,0.1606,0.0,0.0799,0.0515,0.0,0.0
100000008349675100,peripheral,0.534,6,0.2112,"Вход 47 тыс. от 1, выход 37 тыс. на 1; пороги ролей не достигнуты",False,1,0,1,1,46520.0,36650.0,1,2,0.7878331900257953,1.0,1,0,0,1,46520.0,0.0002882368551639779,0.0,4.341414826156218e-06,1.981468513870874e-07,False,,,0.504774897680764,4.0,1.0,0,False,0,1.86,log_out,False,,0.0134,0.1687,0.0,0.0192,0.0089,0.001,0.0
100000006889963100,coordinator,0.739,12,0.7552,"Сходятся деньги 11 seed, вход 1.4 млн; получает от 4 консолидаторов/координаторов [сквозной пропуск ≤2дн; 4 плательщ. в 1 день]",False,1,0,4,1,1431000.0,443475.8,6,3,0.30990621942697416,0.25,11,1,4,2,534075.3665431571,0.00042726044416286713,0.0,0.004656079899009918,2.5164650126160102e-05,False,,,1.0,0.0,4.0,0,False,0,2.3,log_out,False,получает от 4 консолидаторов/координаторов,0.1848,0.198,0.067,0.1488,0.0726,0.0507,0.0333
100000008771819100,peripheral,0.578,5,0.2257,"Вход 39 тыс. от 1, выход 0 на 0; пороги ролей не достигнуты",False,1,1,1,0,38900.0,0.0,1,0,0.0,0.0,1,0,0,1,38900.0,0.00029373394856288624,0.0,5.95500058530398e-11,0.0,False,,,0.0,,1.0,0,False,0,0.35,log_in,False,,0.0144,0.1643,0.0,0.0192,0.0278,0.0,0.0
100000008586731100,peripheral,0.8,13,0.1813,"Вход 12 тыс. от 1, выход 0 на 0; пороги ролей не достигнуты",False,1,0,1,0,12000.0,0.0,1,0,0.0,0.0,1,0,0,1,12000.0,0.00028756075486281447,0.0,1.0100033243240566e-05,0.0,False,,,0.0,,1.0,0,False,0,1.14,log_in,False,,0.02,0.1354,0.0,0.0192,0.0067,0.0,0.0
100000005844459100,terminal,0.929,1,0.4557,"Получил 243 тыс. от 2 плательщ.; исходящих нет, хотя колено 1 обходилось — деньги остались",False,1,0,2,0,243400.0,0.0,2,0,0.0,0.0,7,0,2,1,151642.78928348699,0.00033808255774742736,0.0,0.0032895889214056735,0.0,False,,observed,0.0,,1.0,0,False,0,0.89,log_in,False,,0.1277,0.1882,0.0,0.0799,0.0598,0.0,0.0
100000008172352100,peripheral,0.3,4,0.5339,"Вход 90 тыс. от 3, выход 290 тыс. на 7; пороги ролей не достигнуты [сквозной пропуск ≤2дн]",False,1,0,3,7,90265.0,289510.0,3,8,3.207333961114496,2.3333333333333335,8,1,2,1,43623.564536945654,0.00037526567278554397,1.4911453257344772e-240,0.0001210116098875871,0.00018673359274719116,False,,,0.7666747262616145,0.0,2.0,0,False,0,2.23,log_out,False,,0.0075,0.1673,0.067,0.1253,0.0672,0.083,0.0167
100000001162560100,distributor,0.692,2,0.4244,Рассылает на 12 получателей 2.9 млн (веер 12:1); плательщиков 1,False,1,0,1,12,331300.0,2904398.0,2,14,8.76667069121642,12.0,1,0,0,1,331300.0,0.00032114870693118253,2.6898545958973623e-05,2.274780450186003e-05,2.972202770806311e-06,False,,,0.1497315450568414,5.0,1.0,0,False,0,3.39,out_deg,False,,0.1384,0.195,0.0,0.0192,0.055,0.0167,0.0
100000008779584100,peripheral,0.618,5,0.2184,"Вход 31 тыс. от 1, выход 0 на 0; пороги ролей не достигнуты",False,1,1,1,0,31400.0,0.0,1,0,0.0,0.0,1,0,0,1,31400.0,0.00029215978641399247,0.0,5.95500058530398e-11,0.0,False,,,0.0,,1.0,0,False,0,0.49,log_in,False,,0.0154,0.16,0.0,0.0192,0.0237,0.0,0.0
100000007631637100,peripheral,0.8,5,0.1933,"Вход 15 тыс. от 1, выход 0 на 0; пороги ролей не достигнуты",False,1,1,1,0,15341.0,0.0,1,0,0.0,0.0,1,0,0,1,15341.0,0.0002887891904207813,0.0,5.95500058530398e-11,0.0,False,,,0.0,,1.0,0,False,0,0.97,log_in,False,,0.02,0.1422,0.0,0.0192,0.0118,0.0,0.0
100000007347733100,peripheral,0.718,37,0.2511,"Вход 23 тыс. от 1, выход 0 на 0; пороги ролей не достигнуты",False,1,8,1,0,23007.0,0.0,1,0,0.0,0.0,1,0,0,1,23007.0,0.0003456840263989008,0.0,7.983534595344907e-303,0.0,False,,,0.0,,1.0,0,False,0,0.7,log_in,False,,0.018,0.1521,0.0,0.0192,0.0618,0.0,0.0
100000001463701100,terminal,0.98,12,0.5401,"Получил 621 тыс. от 2 плательщ.; исходящих нет, хотя колено 1 обходилось — деньги остались",False,1,0,2,0,621000.0,0.0,2,0,0.0,0.0,8,0,2,1,248067.23017710831,0.0005722109368497137,0.0,0.00012378142678217807,0.0,False,,observed,0.0,,2.0,0,False,0,1.52,log_in,False,,0.1348,0.1932,0.0,0.1253,0.0869,0.0,0.0
100000008664469100,peripheral,0.687,8,0.335,"Вход 25 тыс. от 1, выход 0 на 0; пороги ролей не достигнуты",False,1,0,1,0,25000.0,0.0,1,0,0.0,0.0,10,0,1,1,25000.0,0.0002905752050613446,0.0,0.0004611679456476809,0.0,False,,,0.0,,1.0,0,False,0,0.64,log_in,False,,0.0172,0.1548,0.0,0.1441,0.019,0.0,0.0
100000003923946100,peripheral,0.153,6,0.3547,"Вход 282 тыс. от 1, выход 675 тыс. на 4; пороги ролей не достигнуты [сквозной пропуск ≤2дн; возвратный поток]",False,1,0,1,4,282000.0,675000.0,3,4,2.393617021276596,4.0,2,0,1,1,282000.0,0.00038941748481374446,5.960219788514455e-05,9.22837788436284e-07,1.981468513870874e-06,False,,,1.0,0.0,1.0,0,False,1,2.38,log_out,False,,0.0038,0.194,0.0,0.0397,0.0689,0.0149,0.0333
100000006562026100,terminal,0.834,37,0.4909,"Получил 75 тыс. от 2 плательщ.; исходящих нет, хотя колено 1 обходилось — деньги остались",False,1,8,2,0,75000.0,0.0,6,0,0.0,0.0,2,1,0,2,75000.0,0.0006853595679127574,0.0,1.1290422900411568e-302,0.0,False,,observed,0.0,,1.0,3,False,0,0.75,in_deg,False,,0.1147,0.1786,0.067,0.0397,0.0908,0.0,0.0
100000008776298100,peripheral,0.555,5,0.2291,"Вход 43 тыс. от 1, выход 0 на 0; пороги ролей не достигнуты",False,1,1,1,0,42800.0,0.0,1,0,0.0,0.0,1,0,0,1,42800.0,0.00029455251288031093,0.0,5.95500058530398e-11,0.0,False,,,0.0,,1.0,0,False,0,0.28,log_in,False,,0.0139,0.1667,0.0,0.0192,0.0293,0.0,0.0
100000006446271100,terminal,0.84,8,0.4834,"Получил 80 тыс. от 2 плательщ.; исходящих нет, хотя колено 1 обходилось — деньги остались",False,1,0,2,0,80000.0,0.0,2,0,0.0,0.0,10,0,2,1,54490.0642736647,0.0003139136962099016,0.0,0.0006039352365783346,0.0,False,,observed,0.0,,2.0,0,False,0,0.75,in_deg,False,,0.1155,0.1735,0.0,0.1441,0.0504,0.0,0.0
100000004588479100,terminal,0.904,3,0.4372,"Получил 178 тыс. от 1 плательщ.; исходящих нет, хотя колено 1 обходилось — деньги остались",False,1,0,1,0,177633.0,0.0,2,0,0.0,0.0,7,0,1,1,177633.0,0.0003046680486193908,0.0,0.0002952416008836587,0.0,False,,observed,0.0,,1.0,0,False,0,0.68,log_in,False,,0.1243,0.1898,0.0,0.0799,0.0431,0.0,0.0
100000002324543100,peripheral,0.625,6,0.2063,"Вход 30 тыс. от 1, выход 0 на 0; пороги ролей не достигнуты",False,1,0,1,0,30202.0,0.0,1,0,0.0,0.0,1,0,0,1,30202.0,0.0002888127877964788,0.0,2.274780450186003e-05,0.0,False,,,0.0,,1.0,0,False,0,0.52,log_in,False,,0.0156,0.1594,0.0,0.0192,0.012,0.0,0.0
100000007129492100,peripheral,0.493,12,0.4967,"Вход 51 тыс. от 2, выход 37 тыс. на 1; пороги ролей не достигнуты [сквозной пропуск ≤2дн]",False,1,0,2,1,50990.0,37000.0,2,1,0.725632476956266,0.5,11,1,2,2,50990.0,0.0002945171129254455,0.0,0.000583967546730587,2.5164650126160102e-05,False,,,1.0,0.0,1.0,0,False,0,1.86,log_out,False,,0.0123,0.172,0.067,0.1488,0.0292,0.0507,0.0167
100000003877908100,peripheral,0.569,8,0.3504,"Вход 40 тыс. от 1, выход 0 на 0; пороги ролей не достигнуты",False,1,0,1,0,40000.0,0.0,1,0,0.0,0.0,10,0,1,1,40000.0,0.0002935787515677768,0.0,0.0004611679456476809,0.0,False,,,0.0,,1.0,0,False,0,0.33,log_in,False,,0.0142,0.165,0.0,0.1441,0.0271,0.0,0.0
100000002748180100,peripheral,0.2,14,0.1796,"Вход 10 тыс. от 1, выход 680 тыс. на 8; пороги ролей не достигнуты",False,1,0,1,8,9900.0,679743.0,1,9,68.66090909090909,8.0,1,0,0,1,9900.0,0.0002872122492498478,2.1937427466282953e-06,1.0100033243240566e-05,8.52031460964476e-06,False,,,0.26480596343029644,17.0,1.0,1,False,0,2.38,log_out,False,,0.005,0.1295,0.0,0.0192,0.0054,0.0205,0.0
100000000945428100,peripheral,0.38,1,0.3112,"Вход 90 тыс. от 1, выход 0 на 0; пороги ролей не достигнуты",False,1,0,1,0,89629.0,0.0,1,0,0.0,0.0,7,0,1,1,89629.0,0.00030238839325451197,0.0,0.0021516815362503513,0.0,False,,,0.0,,1.0,0,False,0,0.22,log_in,False,,0.0095,0.1807,0.0,0.0799,0.041,0.0,0.0
100000003115284100,coordinator,0.741,4,0.7597,"Сходятся деньги 11 seed, вход 2.2 млн; получает от 6 консолидаторов/координаторов [сквозной пропуск ≤2дн; 7 плательщ. в 1 день; возвратный поток; аномалия для колена]",False,1,0,8,2,2160500.0,517000.0,15,4,0.23929645915297384,0.25,11,0,8,2,875040.3826449543,0.0015286375827955761,1.7324688317207385e-05,0.00500955931647725,0.00012780471914467138,False,,,0.9864603481624759,0.0,7.0,1,False,2,5.27,in_deg,True,получает от 6 консолидаторов/координаторов,0.1852,0.1997,0.0,0.1488,0.0975,0.0785,0.05
100000005394708100,peripheral,0.673,10,0.2717,"Вход 26 тыс. от 1, выход 65 тыс. на 1; пороги ролей не достигнуты [сквозной пропуск ≤2дн]",False,1,0,1,1,26000.0,65000.0,1,1,2.5,1.0,1,0,0,1,26000.0,0.00034517722457498757,8.203488390521243e-303,0.0,1.981468513870874e-07,False,,,1.0,1.0,1.0,0,False,0,1.96,log_out,False,,0.0168,0.1563,0.0,0.0192,0.0616,0.001,0.0167
100000008747113100,terminal,0.912,8,0.4962,"Получил 198 тыс. от 2 плательщ.; исходящих нет, хотя колено 1 обходилось — деньги остались",False,1,0,2,0,197801.0,0.0,2,0,0.0,0.0,10,0,2,1,92753.24671070241,0.00030751915506009613,0.0,0.00340134190196178,0.0,False,,observed,0.0,,2.0,0,False,0,0.75,in_deg,False,,0.1254,0.1812,0.0,0.1441,0.0455,0.0,0.0
100000004491881100,peripheral,0.799,5,0.1974,"Вход 17 тыс. от 1, выход 0 на 0; пороги ролей не достигнуты",False,1,1,1,0,17144.0,0.0,1,0,0.0,0.0,1,0,0,1,17144.0,0.0002891676190013754,0.0,5.95500058530398e-11,0.0,False,,,0.0,,1.0,0,False,0,0.9,log_in,False,,0.02,0.1447,0.0,0.0192,0.0135,0.0,0.0
100000006008169100,peripheral,0.428,13,0.2412,"Вход 70 тыс. от 1, выход 0 на 0; пороги ролей не достигнуты",False,1,0,1,0,70000.0,0.0,1,0,0.0,0.0,1,0,0,1,70000.0,0.000297186147982845,0.0,1.0100033243240566e-05,0.0,False,,,0.0,,1.0,0,False,0,0.05,log_in,False,,0.0107,0.1773,0.0,0.0192,0.0339,0.0,0.0
100000002681449100,peripheral,0.365,4,0.2776,"Вход 95 тыс. от 2, выход 133 тыс. на 2; пороги ролей не достигнуты",False,1,0,2,2,94638.0,133000.0,2,2,1.4053551427544961,1.0,7,0,2,1,12492.981323452608,0.0002951397503203067,0.0001407598869352082,0.003283619932215583,1.7647618735441824e-05,False,,,0.09774436090225563,5.5,1.0,0,False,0,2.09,log_out,False,,0.0091,0.1366,0.0,0.0799,0.0303,0.0215,0.0
100000002645609100,terminal,0.975,11,0.4476,"Получил 547 тыс. от 4 плательщ.; исходящих нет, хотя колено 1 обходилось — деньги остались",False,1,0,4,0,546820.6799999999,0.0,5,0,0.0,0.0,7,0,4,1,47523.14358740375,0.00035535788312599583,0.0,0.005933623342556145,0.0,False,,observed,0.0,,1.0,0,False,0,2.26,in_deg,False,,0.1341,0.17,0.0,0.0799,0.0636,0.0,0.0
100000006369769100,peripheral,0.569,5,0.2266,"Вход 40 тыс. от 1, выход 0 на 0; пороги ролей не достигнуты",False,1,1,1,0,40000.0,0.0,1,0,0.0,0.0,1,0,0,1,40000.0,0.00029396482567805725,0.0,5.95500058530398e-11,0.0,False,,,0.0,,1.0,0,False,0,0.33,log_in,False,,0.0142,0.165,0.0,0.0192,0.0281,0.0,0.0
100000002173161100,terminal,0.994,3,0.546,"Получил 1.4 млн от 3 плательщ.; исходящих нет, хотя колено 1 обходилось — деньги остались",False,1,0,3,0,1427500.0,0.0,5,0,0.0,0.0,9,0,3,1,870876.4021335065,0.0004354146921033433,0.0,0.00030118260809640634,0.0,False,,observed,0.0,,2.0,0,False,0,2.08,log_in,False,,0.1367,0.1995,0.0,0.1361,0.0737,0.0,0.0
100000008686313100,coordinator,0.634,1,0.6527,"Сходятся деньги 7 seed, вход 1.9 млн; получает от 5 консолидаторов/координаторов [сквозной пропуск ≤2дн; возвратный поток; аномалия для колена]",False,1,0,6,7,1912716.0,333800.0,16,13,0.17451623764322566,1.1666666666666667,7,0,6,1,236362.59390920756,0.0004676329022286971,0.0018982930629551974,0.010825894786135692,0.0019848260248329463,False,,,1.0,1.0,2.0,0,False,408,3.76,in_deg,True,получает от 5 консолидаторов/координаторов,0.1585,0.1928,0.0,0.0799,0.0753,0.0962,0.05
100000004692798100,peripheral,0.179,13,0.3482,"Вход 240 тыс. от 2, выход 15 тыс. на 1; пороги ролей не достигнуты [сквозной пропуск ≤2дн; возвратный поток]",False,1,0,2,1,240305.0,15000.0,4,2,0.06242067372713843,0.5,1,0,0,1,205305.0,0.0019106511787003878,0.0,1.0180786536527075e-05,1.981468513870874e-07,False,,,1.0,0.0,1.0,2,False,1,1.7,log_out,False,,0.0045,0.1917,0.0,0.0192,0.0984,0.001,0.0333
100000002939838100,terminal,0.977,17,0.5382,"Получил 571 тыс. от 3 плательщ.; исходящих нет, хотя колено 1 обходилось — деньги остались",False,1,0,3,0,571233.0,0.0,3,0,0.0,0.0,10,0,2,1,167428.15159158307,0.0004000333621032979,0.0,0.00046898865159777903,0.0,False,,observed,0.0,,1.0,0,False,0,1.51,in_deg,False,,0.1343,0.1892,0.0,0.1441,0.0706,0.0,0.0
100000003119550100,peripheral,0.735,5,0.2044,"Вход 21 тыс. от 1, выход 0 на 0; пороги ролей не достигнуты",False,1,1,1,0,21000.0,0.0,1,0,0.0,0.0,1,0,0,1,21000.0,0.00028997694823419326,0.0,5.95500058530398e-11,0.0,False,,,0.0,,1.0,0,False,0,0.76,log_in,False,,0.0184,0.1499,0.0,0.0192,0.0169,0.0,0.0
100000004315838100,peripheral,0.505,7,0.3826,"Вход 50 тыс. от 2, выход 18 тыс. на 1; пороги ролей не достигнуты",False,1,0,2,1,50000.0,18000.0,2,1,0.36,0.5,10,0,2,1,25038.553063088686,0.0002913854344131966,0.0,0.00340134190196178,2.377762216645049e-05,False,,,0.0,,1.0,0,False,0,1.74,log_out,False,,0.0126,0.155,0.0,0.1441,0.0218,0.0492,0.0
100000002671806100,peripheral,0.8,13,0.1828,"Вход 12 тыс. от 1, выход 0 на 0; пороги ролей не достигнуты",False,1,0,1,0,12440.0,0.0,1,0,0.0,0.0,1,0,0,1,12440.0,0.00028763377508648363,0.0,1.0100033243240566e-05,0.0,False,,,0.0,,1.0,0,False,0,1.11,log_in,False,,0.02,0.1365,0.0,0.0192,0.007,0.0,0.0
100000008716222100,peripheral,0.781,5,0.1998,"Вход 18 тыс. от 1, выход 0 на 0; пороги ролей не достигнуты",False,1,1,1,0,18000.0,0.0,1,0,0.0,0.0,1,0,0,1,18000.0,0.00028934728337463573,0.0,5.95500058530398e-11,0.0,False,,,0.0,,1.0,0,False,0,0.86,log_in,False,,0.0195,0.1465,0.0,0.0192,0.0145,0.0,0.0
100000005496254100,peripheral,0.8,1,0.2447,"Вход 13 тыс. от 1, выход 0 на 0; пороги ролей не достигнуты",False,1,0,1,0,12700.0,0.0,1,0,0.0,0.0,7,0,1,1,12700.0,0.0002879524799916799,0.0,0.0021516815362503513,0.0,False,,,0.0,,1.0,0,False,0,1.1,log_in,False,,0.02,0.1371,0.0,0.0799,0.0077,0.0,0.0
100000004622227100,peripheral,0.695,4,0.3321,"Вход 25 тыс. от 1, выход 19 тыс. на 3; пороги ролей не достигнуты",False,1,0,1,3,24931.0,19000.0,1,3,0.762103405398901,3.0,7,0,1,1,24931.0,0.0002902476567795973,0.0003439356830205309,0.0021516815362503513,4.7841827440806e-05,False,,,0.0,3.0,1.0,0,False,0,1.75,log_out,False,,0.0174,0.1545,0.0,0.0799,0.0178,0.0624,0.0
100000000274067100,peripheral,0.068,6,0.3131,"Вход 518 тыс. от 2, выход 3.0 млн на 3; пороги ролей не достигнуты [возвратный поток]",False,1,0,2,3,517704.0,2969000.0,9,9,5.734937338710924,1.5,1,0,0,1,275858.0416944744,0.0004137036512851875,1.57847465707e-313,4.376405718364655e-06,1.1888811083225246e-06,False,,,0.6921522398113843,0.5,1.0,1,False,1,2.64,log_out,False,,0.0017,0.1938,0.0,0.0192,0.0718,0.0098,0.0167
100000008782056100,peripheral,0.645,5,0.2161,"Вход 29 тыс. от 1, выход 0 на 0; пороги ролей не достигнуты",False,1,1,1,0,29082.0,0.0,1,0,0.0,0.0,1,0,0,1,29082.0,0.0002916732653658411,0.0,5.95500058530398e-11,0.0,False,,,0.0,,1.0,0,False,0,0.54,log_in,False,,0.0161,0.1584,0.0,0.0192,0.0223,0.0,0.0
100000006788200100,peripheral,0.159,6,0.3992,"Вход 272 тыс. от 4, выход 64 тыс. на 3; пороги ролей не достигнуты",False,1,0,4,3,272155.8,64500.0,4,4,0.23699660268125833,0.75,7,0,3,1,95111.4442835046,0.00033716343435244255,1.2623492366549998e-05,0.004712143413344422,9.689381032828575e-05,False,,,0.0,9.0,1.0,0,False,0,2.26,in_deg,False,,0.004,0.1816,0.0,0.0799,0.0595,0.0741,0.0
100000001164648100,terminal,0.659,20,0.3089,"Получил 14 тыс. от 2 плательщ.; исходящих нет, хотя колено 1 обходилось — деньги остались",False,1,0,2,0,13660.0,0.0,2,0,0.0,0.0,7,0,1,1,6400.351274675625,0.00029014259597535177,0.0,0.00029892898267485393,0.0,False,,observed,0.0,,1.0,2,False,0,1.05,log_in,False,,0.0906,0.1209,0.0,0.0799,0.0175,0.0,0.0
100000005133757100,terminal,0.823,15,0.4493,"Получил 65 тыс. от 2 плательщ.; исходящих нет, хотя колено 1 обходилось — деньги остались",False,1,0,2,0,65000.0,0.0,2,0,0.0,0.0,10,0,2,1,25132.903867179277,0.00029941072919293055,0.0,0.0005914483178801474,0.0,False,,observed,0.0,,1.0,0,False,0,0.75,in_deg,False,,0.1132,0.1551,0.0,0.1441,0.037,0.0,0.0
100000006445501100,peripheral,0.373,12,0.3522,"Вход 91 тыс. от 1, выход 0 на 0; пороги ролей не достигнуты",False,1,0,1,0,91000.0,0.0,1,0,0.0,0.0,8,0,1,1,91000.0,0.0002993712801977907,0.0,0.00012279960108290615,0.0,False,,,0.0,,1.0,0,False,0,0.23,log_in,False,,0.0093,0.1809,0.0,0.1253,0.0368,0.0,0.0
100000004390333100,peripheral,0.1,1,0.3795,"Вход 65 тыс. от 2, выход 506 тыс. на 9; пороги ролей не достигнуты [возвратный поток]",False,1,0,2,9,64558.0,506500.0,2,14,7.845658167849066,4.5,7,0,2,1,45767.48938268391,0.00029521378985057596,0.002869107966538326,0.00505746306905961,0.00015841501981922766,False,,,0.21717670286278382,14.5,1.0,0,False,170,2.54,out_deg,False,,0.0025,0.1684,0.0,0.0799,0.0306,0.0815,0.0167
100000001641789100,peripheral,0.786,6,0.3913,"Вход 18 тыс. от 1, выход 0 на 0; пороги ролей не достигнуты",False,1,0,1,0,17826.0,0.0,1,0,0.0,0.0,11,0,1,1,17826.0,0.0004895828148678133,0.0,4.075748795924464e-07,0.0,False,,,0.0,,1.0,0,False,0,0.87,log_in,False,,0.0196,0.146,0.0,0.1488,0.0769,0.0,0.0
100000000968253100,peripheral,0.8,5,0.1923,"Вход 15 тыс. от 1, выход 0 на 0; пороги ролей не достигнуты",False,1,1,1,0,15000.0,0.0,1,0,0.0,0.0,1,0,0,1,15000.0,0.00028871761851507826,0.0,5.95500058530398e-11,0.0,False,,,0.0,,1.0,0,False,0,0.99,log_in,False,,0.02,0.1415,0.0,0.0192,0.0115,0.0,0.0
100000001527186100,terminal,0.981,8,0.5495,"Получил 678 тыс. от 1 плательщ.; исходящих нет, хотя колено 1 обходилось — деньги остались",False,1,0,1,0,678000.0,0.0,2,0,0.0,0.0,10,0,1,1,678000.0,0.00042132959630802663,0.0,0.0004611679456476809,0.0,False,,observed,0.0,,1.0,0,False,0,1.58,log_in,False,,0.1349,0.1985,0.0,0.1441,0.072,0.0,0.0
100000005852946100,peripheral,0.706,8,0.3334,"Вход 24 тыс. от 1, выход 0 на 0; пороги ролей не достигнуты",False,1,0,1,0,23746.0,0.0,1,0,0.0,0.0,10,0,1,1,23746.0,0.00029032410857340684,0.0,0.0004611679456476809,0.0,False,,,0.0,,1.0,0,False,0,0.68,log_in,False,,0.0176,0.1538,0.0,0.1441,0.018,0.0,0.0
100000001530983100,peripheral,0.05,17,0.4297,"Вход 564 тыс. от 4, выход 1.8 млн на 11; пороги ролей не достигнуты",False,1,0,4,11,564158.0,1829538.0,4,17,3.24295321523403,2.75,7,0,4,2,393479.106826617,0.00035609030999176293,0.00021682600663177617,0.005439666927762407,0.0003320721066079377,False,,,0.15648212827500713,3.0,1.0,0,False,0,3.11,out_deg,False,,0.0013,0.1964,0.0,0.0799,0.0636,0.0885,0.0
100000008221543100,terminal,0.974,16,0.431,"Получил 542 тыс. от 2 плательщ.; исходящих нет, хотя колено 1 обходилось — деньги остались",False,1,0,2,0,542000.0,0.0,2,0,0.0,0.0,7,0,2,1,21383.93198654035,0.00037148464522539736,0.0,0.0023850261521990036,0.0,False,,observed,0.0,,1.0,0,False,0,1.43,log_in,False,,0.1339,0.1504,0.0,0.0799,0.0667,0.0,0.0
100000001937767100,peripheral,0.482,10,0.5084,"Вход 53 тыс. от 1, выход 1.9 млн на 4; пороги ролей не достигнуты [возвратный поток]",False,1,0,1,4,53000.0,1933000.0,1,6,36.471698113207545,4.0,11,0,1,1,53000.0,0.0008921392815659775,2.3309326007962125e-07,4.075748795924464e-07,5.6699890528386486e-05,False,,,0.027418520434557683,12.0,1.0,0,False,1,2.57,log_out,False,,0.012,0.1728,0.0,0.1488,0.0944,0.0638,0.0167
100000002462183100,terminal,0.868,35,0.3904,"Получил 108 тыс. от 1 плательщ.; исходящих нет, хотя колено 1 обходилось — деньги остались",False,1,5,1,0,107500.0,0.0,3,0,0.0,0.0,1,0,0,1,107500.0,0.0003802620893515447,0.0,2.91876993847384e-271,0.0,False,,observed,0.0,,1.0,0,False,0,0.34,log_in,False,,0.1194,0.184,0.0,0.0192,0.0678,0.0,0.0
100000001805543100,peripheral,0.46,3,0.2892,"Вход 59 тыс. от 1, выход 0 на 0; пороги ролей не достигнуты",False,1,0,1,0,59000.0,0.0,1,0,0.0,0.0,7,0,1,1,59000.0,0.0002919128593753634,0.0,0.0002952416008836587,0.0,False,,,0.0,,1.0,0,False,0,0.07,log_in,False,,0.0115,0.175,0.0,0.0799,0.0227,0.0,0.0
100000002606567100,peripheral,0.8,1,0.2771,"Вход 14 тыс. от 1, выход 53 тыс. на 1; пороги ролей не достигнуты",False,1,0,1,1,14095.0,53000.0,1,1,3.7601986520042567,1.0,7,0,1,1,14095.0,0.00028821425512201625,0.0,0.0021516815362503513,1.922024458454748e-05,False,,,0.0,,1.0,0,False,0,1.93,log_out,False,,0.02,0.1398,0.0,0.0799,0.0087,0.0287,0.0
100000007281639100,terminal,0.921,3,0.4501,"Получил 217 тыс. от 2 плательщ.; исходящих нет, хотя колено 1 обходилось — деньги остались",False,1,0,2,0,216770.0,0.0,4,0,0.0,0.0,7,0,2,1,148994.89546342636,0.0003235711404553908,0.0,0.0003309179489902753,0.0,False,,observed,0.0,,1.0,1,False,0,0.81,log_in,False,,0.1266,0.1879,0.0,0.0799,0.0557,0.0,0.0
100000002991079100,peripheral,0.275,3,0.3881,"Вход 149 тыс. от 2, выход 11 тыс. на 1; пороги ролей не достигнуты [сквозной пропуск ≤2дн]",False,1,0,2,1,148900.0,11000.0,3,1,0.07387508394895903,0.5,7,0,2,1,55004.28979740243,0.00039517397427267476,0.0,0.00030536517622965586,1.981468513870874e-05,False,,,1.0,0.0,1.0,0,False,0,1.65,log_out,False,,0.0069,0.1739,0.0,0.0799,0.07,0.0407,0.0167
100000002847207100,peripheral,0.536,8,0.3559,"Вход 46 тыс. от 1, выход 0 на 0; пороги ролей не достигнуты",False,1,0,1,0,46243.0,0.0,1,0,0.0,0.0,10,0,1,1,46243.0,0.0002948288276237539,0.0,0.0004611679456476809,0.0,False,,,0.0,,1.0,0,False,0,0.23,log_in,False,,0.0134,0.1685,0.0,0.1441,0.0298,0.0,0.0
100000000011452100,peripheral,0.324,1,0.3936,"Вход 110 тыс. от 3, выход 17 тыс. на 1; пороги ролей не достигнуты [сквозной пропуск ≤2дн; возвратный поток]",False,1,0,3,1,110000.0,16685.0,7,2,0.1516818181818182,0.3333333333333333,7,0,3,1,77422.6347107278,0.0004768640252326481,0.0006938863107634386,0.0037863665901023097,3.368496473580486e-06,False,,,1.0,0.0,1.0,3,False,1,1.72,log_out,False,,0.0081,0.1793,0.0,0.0799,0.076,0.0169,0.0333
100000003148220100,peripheral,0.8,40,0.272,"Вход 6 тыс. от 1, выход 43 тыс. на 2; пороги ролей не достигнуты [возвратный поток]",False,1,10,1,2,5650.0,43400.0,1,4,7.68141592920354,2.0,1,0,0,1,5650.0,0.0009182428014100987,0.0,0.0,3.962937027741748e-07,False,,,0.22119815668202766,2.0,1.0,1,False,1,1.89,log_out,False,,0.02,0.1183,0.0,0.0192,0.0947,0.0031,0.0167
100000002479804100,peripheral,0.538,8,0.2487,"Вход 46 тыс. от 1, выход 35 тыс. на 2; пороги ролей не достигнуты",False,1,0,1,2,46000.0,35300.0,1,2,0.7673913043478261,2.0,1,0,0,1,46000.0,0.00029696632694887494,2.1578876366621626e-281,6.780075768513709e-05,1.7833216624837866e-06,False,,,0.6515580736543909,1.0,1.0,0,False,0,1.86,log_out,False,,0.0135,0.1684,0.0,0.0192,0.0335,0.014,0.0
100000008745489100,peripheral,0.469,5,0.2393,"Вход 56 тыс. от 1, выход 0 на 0; пороги ролей не достигнуты",False,1,1,1,0,55539.0,0.0,1,0,0.0,0.0,1,0,0,1,55539.0,0.00029722627976227855,0.0,5.95500058530398e-11,0.0,False,,,0.0,,1.0,0,False,0,0.11,log_in,False,,0.0117,0.1743,0.0,0.0192,0.0341,0.0,0.0
100000002289937100,peripheral,0.754,5,0.2031,"Вход 20 тыс. от 1, выход 0 на 0; пороги ролей не достигнуты",False,1,1,1,0,20000.0,0.0,1,0,0.0,0.0,1,0,0,1,20000.0,0.0002897670599476741,0.0,5.95500058530398e-11,0.0,False,,,0.0,,1.0,0,False,0,0.79,log_in,False,,0.0189,0.1487,0.0,0.0192,0.0163,0.0,0.0
100000004679953100,peripheral,0.126,1,0.414,"Вход 344 тыс. от 3, выход 34 тыс. на 3; пороги ролей не достигнуты [возвратный поток]",False,1,0,3,3,343538.0,34100.0,3,3,0.09926121709970949,1.0,7,0,3,1,42339.155233716396,0.0003342675529915223,0.0002663927764363924,0.006661874799608856,0.0003542158299202328,False,,,0.624633431085044,2.0,2.0,0,False,6,1.85,log_out,False,,0.0032,0.1664,0.0,0.0799,0.0589,0.089,0.0167
100000003066385100,terminal,0.698,1,0.3294,"Получил 20 тыс. от 2 плательщ.; исходящих нет, хотя колено 1 обходилось — деньги остались",False,1,0,2,0,20000.0,0.0,2,0,0.0,0.0,7,0,2,1,10010.663743169145,0.00029153974169365685,0.0,0.0027944971937982335,0.0,False,,observed,0.0,,1.0,0,False,0,0.79,log_in,False,,0.096,0.1314,0.0,0.0799,0.0221,0.0,0.0
100000008744849100,peripheral,0.549,5,0.2307,"Вход 44 тыс. от 1, выход 0 на 0; пороги ролей не достигнуты",False,1,1,1,0,44445.0,0.0,1,0,0.0,0.0,1,0,0,1,44445.0,0.00029489777911163493,0.0,5.95500058530398e-11,0.0,False,,,0.0,,1.0,0,False,0,0.26,log_in,False,,0.0137,0.1677,0.0,0.0192,0.03,0.0,0.0
100000005093521100,peripheral,0.8,8,0.3169,"Вход 15 тыс. от 1, выход 0 на 0; пороги ролей не достигнуты",False,1,0,1,0,15200.0,0.0,1,0,0.0,0.0,10,0,1,1,15200.0,0.00028861288801047553,0.0,0.0004611679456476809,0.0,False,,,0.0,,1.0,0,False,0,0.98,log_in,False,,0.02,0.1421,0.0,0.1441,0.0108,0.0,0.0
100000006518161100,transit,0.896,3,0.6041,"Пропуск 100%: получил 594 тыс., отдал 596 тыс.; 3→2 контрагента; в ≤2 дн ушло 71% [сквозной пропуск ≤2дн; возвратный поток]",False,1,0,3,2,594200.0,595899.0,13,13,1.002859306630764,0.6666666666666666,7,0,3,1,545629.6226626246,0.0008108053328700469,0.0,0.00033358507819737014,5.785888060502952e-05,False,,,0.7147167556918202,0.0,2.0,4,False,1,2.36,log_out,False,,0.1344,0.1981,0.0,0.0799,0.093,0.0653,0.0333
100000001126374100,peripheral,0.2,11,0.3593,"Вход 182 тыс. от 4, выход 29 тыс. на 2; пороги ролей не достигнуты [сквозной пропуск ≤2дн]",False,1,0,4,2,182500.0,29200.0,7,4,0.16,0.5,7,0,4,1,20443.743146993587,0.0003135004104490038,0.0,0.006302312840737633,3.923307657464331e-05,False,,,0.7534246575342466,1.0,1.0,3,False,0,2.26,in_deg,False,,0.005,0.1496,0.0,0.0799,0.0501,0.058,0.0167
100000004509286100,peripheral,0.569,8,0.3504,"Вход 40 тыс. от 1, выход 0 на 0; пороги ролей не достигнуты",False,1,0,1,0,40000.0,0.0,1,0,0.0,0.0,10,0,1,1,40000.0,0.0002935787515677768,0.0,0.0004611679456476809,0.0,False,,,0.0,,1.0,0,False,0,0.33,log_in,False,,0.0142,0.165,0.0,0.1441,0.0271,0.0,0.0
100000005056870100,peripheral,0.754,35,0.2288,"Вход 20 тыс. от 1, выход 0 на 0; пороги ролей не достигнуты",False,1,5,1,0,20000.0,0.0,1,0,0.0,0.0,1,0,0,1,20000.0,0.00030318655842831487,0.0,2.91876993847384e-271,0.0,False,,,0.0,,1.0,0,False,0,0.79,log_in,False,,0.0189,0.1487,0.0,0.0192,0.042,0.0,0.0
100000008708368100,peripheral,0.709,5,0.2094,"Вход 24 тыс. от 1, выход 0 на 0; пороги ролей не достигнуты",False,1,1,1,0,23677.0,0.0,1,0,0.0,0.0,1,0,0,1,23677.0,0.00029053881917720503,0.0,5.95500058530398e-11,0.0,False,,,0.0,,1.0,0,False,0,0.68,log_in,False,,0.0177,0.1535,0.0,0.0192,0.0189,0.0,0.0
100000005895525100,terminal,0.876,35,0.3942,"Получил 120 тыс. от 1 плательщ.; исходящих нет, хотя колено 1 обходилось — деньги остались",False,1,5,1,0,120000.0,0.0,3,0,0.0,0.0,1,0,0,1,120000.0,0.00039127287948343466,0.0,2.91876993847384e-271,0.0,False,,observed,0.0,,1.0,0,False,0,0.41,log_in,False,,0.1205,0.1853,0.0,0.0192,0.0693,0.0,0.0
100000008716773100,peripheral,0.8,5,0.1949,"Вход 16 тыс. от 1, выход 0 на 0; пороги ролей не достигнуты",False,1,1,1,0,15677.0,0.0,1,0,0.0,0.0,1,0,0,1,15677.0,0.00028885971288505175,0.0,5.95500058530398e-11,0.0,False,,,0.0,,1.0,0,False,0,0.96,log_in,False,,0.02,0.1431,0.0,0.0192,0.0126,0.0,0.0
100000002778085100,peripheral,0.437,3,0.2922,"Вход 66 тыс. от 1, выход 0 на 0; пороги ролей не достигнуты",False,1,0,1,0,66208.0,0.0,1,0,0.0,0.0,7,0,1,1,66208.0,0.0002926878495051835,0.0,0.0002952416008836587,0.0,False,,,0.0,,1.0,0,False,0,0.01,log_in,False,,0.0109,0.1762,0.0,0.0799,0.0251,0.0,0.0
100000007055802100,coordinator,0.634,1,0.5996,"Сходятся деньги 7 seed, вход 2.0 млн; получает от 6 консолидаторов/координаторов [сквозной пропуск ≤2дн; 4 плательщ. в 1 день; возвратный поток; аномалия для колена]",False,1,0,6,1,2024999.0,605000.0,34,7,0.29876557963732325,0.16666666666666666,7,0,6,1,413608.9382040529,0.001181924366122314,0.003434166337377531,0.01082050083520073,4.359230730515923e-06,False,,,1.0,0.0,4.0,2,False,1,3.76,in_deg,True,получает от 6 консолидаторов/координаторов,0.1585,0.1968,0.0,0.0799,0.0962,0.0181,0.05
100000003071930100,peripheral,0.083,6,0.4598,"Вход 478 тыс. от 3, выход 5 тыс. на 1; пороги ролей не достигнуты [сквозной пропуск ≤2дн]",False,1,0,3,1,477610.0,5000.0,4,1,0.010468792529469651,0.3333333333333333,8,0,2,1,228429.90031631425,0.0003483674806474176,0.0,0.00014631329867862306,4.279971989961088e-05,False,,,1.0,1.0,1.0,0,False,0,1.51,log_out,False,,0.0021,0.1923,0.0,0.1253,0.0624,0.0612,0.0167
100000002941114100,peripheral,0.301,12,0.4895,"Вход 129 тыс. от 2, выход 15 тыс. на 1; пороги ролей не достигнуты [сквозной пропуск ≤2дн; дробление у порога: 11 перев.; возвратный поток]",False,1,0,2,1,128510.0,15000.0,15,1,0.11672243405182477,0.5,8,0,2,1,40000.0,0.0018146321453408293,0.0,0.00012378142678217807,2.0607272544257092e-05,False,,,1.0,1.0,2.0,11,True,1,1.7,log_out,False,,0.0075,0.165,0.0,0.1253,0.0981,0.0436,0.05
100000003888271100,peripheral,0.8,34,0.2168,"Вход 12 тыс. от 1, выход 26 тыс. на 2; пороги ролей не достигнуты [возвратный поток]",False,1,4,1,2,12177.0,25590.0,2,3,2.10150283321015,2.0,1,0,0,1,12177.0,0.0002913863210858299,1.57847465707e-313,1.23619985386e-313,3.962937027741748e-07,False,,,0.27002735443532627,5.0,1.0,2,False,1,1.8,log_out,False,,0.02,0.136,0.0,0.0192,0.0218,0.0031,0.0167
100000007507343100,terminal,0.954,38,0.4362,"Получил 370 тыс. от 1 плательщ.; исходящих нет, хотя колено 1 обходилось — деньги остались",False,1,9,1,0,370000.0,0.0,1,0,0.0,0.0,1,0,0,1,370000.0,0.0006416178761806935,0.0,0.0,0.0,False,,observed,0.0,,1.0,0,False,0,1.17,log_in,False,,0.1312,0.1961,0.0,0.0192,0.0897,0.0,0.0
100000008002020100,peripheral,0.416,13,0.2557,"Вход 74 тыс. от 1, выход 17 тыс. на 1; пороги ролей не достигнуты",False,1,0,1,1,73860.0,17000.0,1,1,0.23016517736257786,1.0,1,0,0,1,73860.0,0.0002978267344904884,0.0,1.0100033243240566e-05,1.5851748110966993e-06,False,,,0.0,7.0,1.0,0,False,0,1.73,log_out,False,,0.0104,0.1784,0.0,0.0192,0.0347,0.0129,0.0
100000001872484100,peripheral,0.05,39,0.3411,"Вход 871 тыс. от 1, выход 515 тыс. на 3; пороги ролей не достигнуты [возвратный поток]",False,1,11,1,3,871400.0,514580.0,13,9,0.5905210006885472,3.0,1,0,0,1,871400.0,0.0022739787649245797,1.1601484540645396e-302,0.0,5.944405541612623e-07,False,,,0.5464262116677678,2.0,1.0,1,False,2,2.33,log_out,False,,0.0013,0.1996,0.0,0.0192,0.0991,0.0053,0.0167
100000008769636100,peripheral,0.718,5,0.2077,"Вход 23 тыс. от 1, выход 0 на 0; пороги ролей не достигнуты",False,1,1,1,0,23118.0,0.0,1,0,0.0,0.0,1,0,0,1,23118.0,0.0002904214916250408,0.0,5.95500058530398e-11,0.0,False,,,0.0,,1.0,0,False,0,0.7,log_in,False,,0.018,0.1522,0.0,0.0192,0.0182,0.0,0.0
100000004135268100,transit,0.47,38,0.4307,"Пропуск 81%: получил 1.2 млн, отдал 1.0 млн; 2→3 контрагента; в ≤2 дн ушло 85% [сквозной пропуск ≤2дн; возвратный поток]",False,1,9,2,3,1239000.0,1000200.0,3,4,0.8072639225181598,1.5,1,0,0,1,1214200.0,0.001740527342257778,1.1601484540645396e-302,0.0,1.1888811083225246e-06,False,,,0.8498300339932013,0.0,1.0,0,False,3,2.45,log_out,False,,0.0705,0.1998,0.0,0.0192,0.0979,0.0098,0.0333
100000005316708100,peripheral,0.377,6,0.2539,"Вход 90 тыс. от 1, выход 258 тыс. на 2; пороги ролей не достигнуты",False,1,0,1,2,90000.0,257500.0,1,4,2.861111111111111,2.0,1,0,0,1,90000.0,0.0002976906193985509,2.0990428722474567e-06,4.089589732056224e-05,1.1888811083225246e-06,False,,,0.0,,1.0,0,False,0,2.21,log_out,False,,0.0094,0.1808,0.0,0.0192,0.0346,0.0098,0.0
100000008671929100,peripheral,0.414,8,0.3719,"Вход 75 тыс. от 1, выход 0 на 0; пороги ролей не достигнуты",False,1,0,1,0,75000.0,0.0,2,0,0.0,0.0,10,0,1,1,75000.0,0.00030058702674945194,0.0,0.0004611679456476809,0.0,False,,,0.0,,1.0,0,False,0,0.1,log_in,False,,0.0104,0.1786,0.0,0.1441,0.0389,0.0,0.0
100000005287097100,peripheral,0.1,3,0.4175,"Вход 127 тыс. от 2, выход 697 тыс. на 9; пороги ролей не достигнуты [возвратный поток]",False,1,0,2,9,127173.0,697300.0,5,42,5.483082100760382,4.5,7,0,2,1,111193.34585600349,0.00030270743388181913,0.0001397109664036646,0.0003309179489902753,0.0007832208178364951,False,,,0.24422773555141258,2.0,1.0,1,False,10,2.54,out_deg,False,,0.0025,0.1844,0.0,0.0799,0.0415,0.0925,0.0167
100000007283257100,terminal,0.91,41,0.4037,"Получил 192 тыс. от 1 плательщ.; исходящих нет, хотя колено 1 обходилось — деньги остались",False,1,12,1,0,192000.0,0.0,7,0,0.0,0.0,1,0,0,1,192000.0,0.00038906884568361,0.0,0.0,0.0,False,,observed,0.0,,1.0,0,False,0,0.73,log_in,False,,0.1251,0.1906,0.0,0.0192,0.0688,0.0,0.0
100000004847758100,distributor,0.519,4,0.5032,Рассылает на 15 получателей 489 тыс. (веер 4:1); плательщиков 4 [возвратный поток; аномалия для колена],False,1,0,4,15,115171.0,488800.0,4,23,4.244123954815014,3.75,7,0,4,1,19494.13418943397,0.00030474224834678437,0.008557695512185154,0.006770186694627195,0.0013585891006882083,False,,,0.25777414075286414,5.0,1.0,0,False,71,4.24,out_deg,True,,0.1038,0.1478,0.0,0.0799,0.0432,0.0952,0.0333
100000008737422100,peripheral,0.407,5,0.2491,"Вход 77 тыс. от 1, выход 0 на 0; пороги ролей не достигнуты",False,1,1,1,0,76903.0,0.0,1,0,0.0,0.0,1,0,0,1,76903.0,0.00030171033311547385,0.0,5.95500058530398e-11,0.0,False,,,0.0,,1.0,0,False,0,0.11,log_in,False,,0.0102,0.1792,0.0,0.0192,0.0404,0.0,0.0
100000008555918100,peripheral,0.288,8,0.4505,"Вход 139 тыс. от 1, выход 43 тыс. на 2; пороги ролей не достигнуты",False,1,0,1,2,139211.0,43300.0,1,2,0.3110386391879952,2.0,10,0,1,1,139211.0,0.00031344440839775313,0.0,0.0004611679456476809,4.755524433290098e-05,False,,,0.0,,1.0,0,False,0,1.89,log_out,False,,0.0072,0.1871,0.0,0.1441,0.05,0.0621,0.0
100000008094734100,terminal,0.927,1,0.5716,"Получил 236 тыс. от 4 плательщ.; исходящих нет, хотя колено 1 обходилось — деньги остались",False,1,0,4,0,236249.0,0.0,4,0,0.0,0.0,8,1,2,2,198797.2343611027,0.0003441360031889836,0.0,0.0023354655514859616,0.0,False,,observed,0.0,,1.0,1,False,0,2.26,in_deg,False,,0.1275,0.1907,0.067,0.1253,0.0612,0.0,0.0
100000006952718100,peripheral,0.421,3,0.2946,"Вход 71 тыс. от 1, выход 0 на 0; пороги ролей не достигнуты",False,1,0,1,0,71489.0,0.0,1,0,0.0,0.0,7,0,1,1,71489.0,0.00029325565234585775,0.0,0.0002952416008836587,0.0,False,,,0.0,,1.0,0,False,0,0.06,log_in,False,,0.0105,0.1778,0.0,0.0799,0.0263,0.0,0.0
100000005339662100,peripheral,0.2,3,0.4766,"Вход 203 тыс. от 4, выход 295 тыс. на 4; пороги ролей не достигнуты [сквозной пропуск ≤2дн; возвратный поток]",False,1,0,4,4,202939.0,295160.0,9,15,1.4544271924075707,1.0,7,0,4,1,85377.05625590128,0.0016567441326948078,0.00012866401985589518,0.00033631553874470944,0.00013962469475849675,False,,,0.7669060848353435,0.0,2.0,4,False,3,2.26,in_deg,False,,0.005,0.1804,0.0,0.0799,0.0977,0.0801,0.0333
100000001716579100,peripheral,0.8,5,0.189,"Вход 14 тыс. от 1, выход 0 на 0; пороги ролей не достигнуты",False,1,1,1,0,13916.0,0.0,1,0,0.0,0.0,1,0,0,1,13916.0,0.0002884900996124915,0.0,5.95500058530398e-11,0.0,False,,,0.0,,1.0,0,False,0,1.04,log_in,False,,0.02,0.1393,0.0,0.0192,0.0104,0.0,0.0
100000002774456100,peripheral,0.495,12,0.3358,"Вход 50 тыс. от 1, выход 0 на 0; пороги ролей не достигнуты",False,1,0,1,0,50363.0,0.0,1,0,0.0,0.0,8,0,1,1,50363.0,0.00029320785927153167,0.0,0.00012279960108290615,0.0,False,,,0.0,,1.0,0,False,0,0.17,log_in,False,,0.0124,0.1719,0.0,0.1253,0.0262,0.0,0.0
100000004394765100,peripheral,0.052,3,0.4147,"Вход 604 тыс. от 3, выход 82 тыс. на 2; пороги ролей не достигнуты",False,1,0,3,2,603844.0,82500.0,10,2,0.13662469114539516,0.6666666666666666,7,0,3,1,454063.2459165821,0.0003802754591116205,3.741922476489724e-09,0.0003834877833045727,6.516389452616682e-05,False,,,0.4303030303030303,1.0,2.0,2,False,0,2.01,log_out,False,,0.0013,0.1972,0.0,0.0799,0.0678,0.0684,0.0
100000004004621100,terminal,0.835,4,0.4536,"Получил 75 тыс. от 3 плательщ.; исходящих нет, хотя колено 1 обходилось — деньги остались",False,1,0,3,0,75389.0,0.0,3,0,0.0,0.0,10,0,3,1,25346.2747518681,0.00030077440313347714,0.0,0.0036608019788249924,0.0,False,,observed,0.0,,2.0,0,False,0,1.51,in_deg,False,,0.1148,0.1555,0.0,0.1441,0.0393,0.0,0.0
100000000907277100,peripheral,0.79,5,0.1982,"Вход 18 тыс. от 1, выход 0 на 0; пороги ролей не достигнуты",False,1,1,1,0,17534.0,0.0,1,0,0.0,0.0,1,0,0,1,17534.0,0.00028924947543311784,0.0,5.95500058530398e-11,0.0,False,,,0.0,,1.0,0,False,0,0.88,log_in,False,,0.0198,0.1453,0.0,0.0192,0.0139,0.0,0.0
100000003835149100,peripheral,0.174,13,0.3077,"Вход 248 тыс. от 1, выход 4.6 млн на 2; пороги ролей не достигнуты",False,1,0,1,2,248500.0,4600440.0,1,13,18.512837022132796,2.0,1,0,0,1,248500.0,0.0004889016554646476,4.901673542785244e-248,1.23619985386e-313,1.7833216624837866e-06,False,,,0.0,18.0,1.0,0,False,0,2.72,log_out,False,,0.0044,0.1933,0.0,0.0192,0.0768,0.014,0.0
100000004254434100,peripheral,0.549,5,0.2307,"Вход 44 тыс. от 1, выход 0 на 0; пороги ролей не достигнуты",False,1,1,1,0,44445.0,0.0,2,0,0.0,0.0,1,0,0,1,44445.0,0.00029489777911163493,0.0,5.95500058530398e-11,0.0,False,,,0.0,,1.0,0,False,0,0.26,log_in,False,,0.0137,0.1677,0.0,0.0192,0.03,0.0,0.0
100000003635170100,transit,0.828,12,0.636,"Пропуск 94%: получил 268 тыс., отдал 254 тыс.; 3→4 контрагента; в ≤2 дн ушло 100% [сквозной пропуск ≤2дн; возвратный поток]",False,1,0,3,4,268500.0,253500.0,13,10,0.9441340782122905,1.3333333333333333,8,0,3,1,55079.9661188958,0.0011481911115018492,3.051713961844859e-281,0.0001247951629089765,0.00018804136196634596,False,,,1.0,0.0,2.0,5,False,2,2.21,log_out,False,,0.1242,0.1741,0.0,0.1253,0.096,0.0831,0.0333
100000006687202100,peripheral,0.505,1,0.2942,"Вход 50 тыс. от 1, выход 0 на 0; пороги ролей не достигнуты",False,1,0,1,0,50000.0,0.0,1,0,0.0,0.0,7,0,1,1,50000.0,0.0002949519153763026,0.0,0.0021516815362503513,0.0,False,,,0.0,,1.0,0,False,0,0.18,log_in,False,,0.0126,0.1715,0.0,0.0799,0.0302,0.0,0.0
100000006030946100,peripheral,0.417,5,0.2475,"Вход 73 тыс. от 1, выход 0 на 0; пороги ролей не достигнуты",False,1,1,1,0,73289.0,0.0,1,0,0.0,0.0,1,0,0,1,73289.0,0.0003009517968479936,0.0,5.95500058530398e-11,0.0,False,,,0.0,,1.0,0,False,0,0.08,log_in,False,,0.0104,0.1782,0.0,0.0192,0.0395,0.0,0.0
100000002615479100,terminal,0.922,6,0.3847,"Получил 220 тыс. от 1 плательщ.; исходящих нет, хотя колено 1 обходилось — деньги остались",False,1,0,1,0,220000.0,0.0,1,0,0.0,0.0,1,0,0,1,220000.0,0.00030919582846738493,0.0,2.274780450186003e-05,0.0,False,,observed,0.0,,1.0,0,False,0,0.82,log_in,False,,0.1268,0.1921,0.0,0.0192,0.0465,0.0,0.0
100000002952631100,peripheral,0.524,3,0.2825,"Вход 48 тыс. от 1, выход 0 на 0; пороги ролей не достигнуты",False,1,0,1,0,48050.0,0.0,1,0,0.0,0.0,7,0,1,1,48050.0,0.00029073553668924657,0.0,0.0002952416008836587,0.0,False,,,0.0,,1.0,0,False,0,0.2,log_in,False,,0.0131,0.1701,0.0,0.0799,0.0194,0.0,0.0
100000002890167100,terminal,0.875,3,0.4204,"Получил 118 тыс. от 1 плательщ.; исходящих нет, хотя колено 1 обходилось — деньги остались",False,1,0,1,0,118150.0,0.0,1,0,0.0,0.0,7,0,1,1,118150.0,0.00029827255224146494,0.0,0.0002952416008836587,0.0,False,,observed,0.0,,1.0,0,False,0,0.4,log_in,False,,0.1203,0.185,0.0,0.0799,0.0351,0.0,0.0
100000008687671100,peripheral,0.583,5,0.2241,"Вход 38 тыс. от 1, выход 0 на 0; пороги ролей не достигнуты",False,1,1,1,0,37500.0,0.0,1,0,0.0,0.0,1,0,0,1,37500.0,0.0002934401049617594,0.0,5.95500058530398e-11,0.0,False,,,0.0,,1.0,0,False,0,0.37,log_in,False,,0.0146,0.1635,0.0,0.0192,0.0268,0.0,0.0
100000000810551100,peripheral,0.348,8,0.451,"Вход 100 тыс. от 1, выход 7 тыс. на 1; пороги ролей не достигнуты",False,1,0,1,1,100000.0,7100.0,1,1,0.071,1.0,10,0,1,1,100000.0,0.0003055929375935056,0.0,0.0004611679456476809,7.769558206055905e-05,False,,,0.0,,1.0,0,False,0,1.57,log_out,False,,0.0087,0.1829,0.0,0.1441,0.0439,0.0715,0.0
100000008724279100,peripheral,0.8,3,0.2391,"Вход 12 тыс. от 1, выход 0 на 0; пороги ролей не достигнуты",False,1,0,1,0,11750.0,0.0,1,0,0.0,0.0,7,0,1,1,11750.0,0.00028683263134622903,0.0,0.0002952416008836587,0.0,False,,,0.0,,1.0,0,False,0,1.15,log_in,False,,0.02,0.1348,0.0,0.0799,0.0044,0.0,0.0
100000002592567100,peripheral,0.8,3,0.312,"Вход 5 тыс. от 1, выход 49 тыс. на 2; пороги ролей не достигнуты",False,1,0,1,2,5297.0,48600.0,1,2,9.175004719652634,2.0,7,0,1,1,5297.0,0.0002861388173468216,1.4085734962770236e-06,0.0002952416008836587,0.0007202476857029619,False,,,0.0,9.0,1.0,1,False,0,1.91,log_out,False,,0.02,0.1176,0.0,0.0799,0.0023,0.0922,0.0
100000002670860100,terminal,0.964,14,0.4786,"Получил 450 тыс. от 2 плательщ.; исходящих нет, хотя колено 1 обходилось — деньги остались",False,1,0,2,0,450000.0,0.0,2,0,0.0,0.0,3,1,1,1,200080.18608299404,0.00030894570400308074,0.0,4.7208284445292576e-06,0.0,False,,observed,0.0,,1.0,0,False,0,1.3,log_in,False,,0.1326,0.1916,0.067,0.041,0.0464,0.0,0.0
100000002844897100,peripheral,0.8,6,0.1767,"Вход 11 тыс. от 1, выход 0 на 0; пороги ролей не достигнуты",False,1,0,1,0,10800.0,0.0,1,0,0.0,0.0,1,0,0,1,10800.0,0.00028672914226229553,0.0,2.274780450186003e-05,0.0,False,,,0.0,,1.0,0,False,0,1.21,log_in,False,,0.02,0.1335,0.0,0.0192,0.004,0.0,0.0
100000007938486100,peripheral,0.575,5,0.2261,"Вход 40 тыс. от 1, выход 0 на 0; пороги ролей не достигнуты",False,1,1,1,0,39500.0,0.0,1,0,0.0,0.0,1,0,0,1,39500.0,0.00029385988153479773,0.0,5.95500058530398e-11,0.0,False,,,0.0,,1.0,0,False,0,0.34,log_in,False,,0.0144,0.1646,0.0,0.0192,0.0279,0.0,0.0
100000008438656100,peripheral,0.401,8,0.4282,"Вход 80 тыс. от 2, выход 5 тыс. на 1; пороги ролей не достигнуты [сквозной пропуск ≤2дн]",False,1,0,2,1,80000.0,5000.0,2,1,0.0625,0.5,10,0,2,1,55038.553063088686,0.00029739252742606105,0.0,0.00340134190196178,2.377762216645049e-05,False,,,1.0,0.0,1.0,0,False,0,1.51,log_out,False,,0.01,0.174,0.0,0.1441,0.0343,0.0492,0.0167
100000008304139100,distributor,0.764,4,0.5652,Рассылает на 24 получателей 1.7 млн (веер 6:1); плательщиков 4 [возвратный поток; аномалия для колена],False,1,0,4,24,189329.75,1692997.0,4,43,8.942054801213228,6.0,7,0,4,1,23954.620014905675,0.0003136180059586537,0.007628711545091382,0.005756709480430894,0.0013103045314002593,False,,,0.28186700862435077,4.0,1.0,0,False,290,6.78,out_deg,True,,0.1528,0.154,0.0,0.0799,0.0502,0.0948,0.0333
100000002597003100,peripheral,0.786,1,0.2867,"Вход 18 тыс. от 1, выход 11 тыс. на 1; пороги ролей не достигнуты",False,1,0,1,1,17700.0,11000.0,1,1,0.6214689265536724,1.0,7,0,1,1,17700.0,0.00028889074210758104,0.0,0.0021516815362503513,1.922024458454748e-05,False,,,0.0,,1.0,0,False,0,1.65,log_out,False,,0.0196,0.1458,0.0,0.0799,0.0126,0.0287,0.0
100000002830055100,peripheral,0.8,5,0.1892,"Вход 14 тыс. от 1, выход 0 на 0; пороги ролей не достигнуты",False,1,1,1,0,14000.0,0.0,1,0,0.0,0.0,1,0,0,1,14000.0,0.0002885077302285591,0.0,5.95500058530398e-11,0.0,False,,,0.0,,1.0,0,False,0,1.03,log_in,False,,0.02,0.1395,0.0,0.0192,0.0104,0.0,0.0
100000004299488100,coordinator,0.633,1,0.6286,"Сходятся деньги 7 seed, вход 1.7 млн; получает от 5 консолидаторов/координаторов [сквозной пропуск ≤2дн; 3 плательщ. в 1 день; возвратный поток; аномалия для колена]",False,1,0,6,2,1749000.0,344999.0,22,14,0.19725500285877645,0.3333333333333333,7,0,6,1,755941.6792846941,0.0014621185934412485,0.004642303844323105,0.00806851583973126,2.0805419395644178e-05,False,,,0.9420288174748332,0.0,3.0,2,False,1,3.76,in_deg,True,получает от 5 консолидаторов/координаторов,0.1582,0.1991,0.0,0.0799,0.0974,0.0439,0.05
100000002809568100,peripheral,0.8,1,0.2365,"Вход 10 тыс. от 1, выход 0 на 0; пороги ролей не достигнуты",False,1,0,1,0,10000.0,0.0,1,0,0.0,0.0,7,0,1,1,10000.0,0.0002874458184490932,0.0,0.0021516815362503513,0.0,False,,,0.0,,1.0,0,False,0,1.26,log_in,False,,0.02,0.1304,0.0,0.0799,0.0061,0.0,0.0
100000004784224100,peripheral,0.714,13,0.2342,"Вход 24 тыс. от 1, выход 100 тыс. на 1; пороги ролей не достигнуты",False,1,0,1,1,23500.0,100000.0,2,1,4.25531914893617,1.0,1,0,0,1,23500.0,0.0003047979078563769,0.0,1.23619985386e-313,1.981468513870874e-07,False,,,0.0,5.0,1.0,1,False,0,2.04,log_out,False,,0.0178,0.1528,0.0,0.0192,0.0433,0.001,0.0
100000003123296100,peripheral,0.386,13,0.2473,"Вход 86 тыс. от 1, выход 0 на 0; пороги ролей не достигнуты",False,1,0,1,0,86200.0,0.0,2,0,0.0,0.0,1,0,0,1,86200.0,0.00029987461985430183,0.0,1.0100033243240566e-05,0.0,False,,,0.0,,1.0,0,False,0,0.19,log_in,False,,0.0096,0.1806,0.0,0.0192,0.0378,0.0,0.0
100000004130144100,terminal,0.915,6,0.3699,"Получил 200 тыс. от 1 плательщ.; исходящих нет, хотя колено 1 обходилось — деньги остались",False,1,0,1,0,200000.0,0.0,1,0,0.0,0.0,1,0,0,1,200000.0,0.0002970377419674501,0.0,4.341414826156218e-06,0.0,False,,observed,0.0,,1.0,0,False,0,0.76,log_in,False,,0.1258,0.1911,0.0,0.0192,0.0337,0.0,0.0
100000001253557100,consolidator,0.556,13,0.5599,Получает от 5 плательщиков (1 seed) 210 тыс.; передаёт дальше 0%; сходятся потоки 10 seed,False,1,0,5,0,210200.0,0.0,5,0,0.0,0.0,10,1,4,1,33529.55753412443,0.00035106592298765355,0.0,4.141702082892394e-05,0.0,False,,,0.0,,1.0,0,False,0,3.01,in_deg,False,,0.1251,0.1608,0.067,0.1441,0.0629,0.0,0.0
100000008767925100,peripheral,0.799,5,0.1974,"Вход 17 тыс. от 1, выход 0 на 0; пороги ролей не достигнуты",False,1,1,1,0,17144.0,0.0,1,0,0.0,0.0,1,0,0,1,17144.0,0.0002891676190013754,0.0,5.95500058530398e-11,0.0,False,,,0.0,,1.0,0,False,0,0.9,log_in,False,,0.02,0.1447,0.0,0.0192,0.0135,0.0,0.0
100000007181706100,terminal,0.903,8,0.5109,"Получил 176 тыс. от 2 плательщ.; исходящих нет, хотя колено 1 обходилось — деньги остались",False,1,0,2,0,176272.0,0.0,2,0,0.0,0.0,10,0,2,1,163782.9596045913,0.00031906641503554804,0.0,0.0033669494784569405,0.0,False,,observed,0.0,,2.0,0,False,0,0.75,in_deg,False,,0.1242,0.189,0.0,0.1441,0.0536,0.0,0.0
100000003366154100,peripheral,0.305,12,0.4699,"Вход 125 тыс. от 1, выход 289 тыс. на 3; пороги ролей не достигнуты [сквозной пропуск ≤2дн]",False,1,0,1,3,125000.0,289170.0,1,3,2.31336,3.0,10,0,1,1,125000.0,0.0003105988484375593,5.3540688490185076e-05,0.0004611679456476809,6.146709644545516e-05,False,,,1.0,0.0,1.0,0,False,0,2.23,log_out,False,,0.0076,0.186,0.0,0.1441,0.0478,0.0678,0.0167
100000007641183100,peripheral,0.653,3,0.2647,"Вход 28 тыс. от 1, выход 0 на 0; пороги ролей не достигнуты",False,1,0,1,0,28000.0,0.0,1,0,0.0,0.0,7,0,1,1,28000.0,0.00028857979971603717,0.0,0.0002952416008836587,0.0,False,,,0.0,,1.0,0,False,0,0.57,log_in,False,,0.0163,0.1578,0.0,0.0799,0.0107,0.0,0.0
100000008663007100,peripheral,0.8,5,0.1892,"Вход 14 тыс. от 1, выход 0 на 0; пороги ролей не достигнуты",False,1,1,1,0,14000.0,0.0,1,0,0.0,0.0,1,0,0,1,14000.0,0.0002885077302285591,0.0,5.95500058530398e-11,0.0,False,,,0.0,,1.0,0,False,0,1.03,log_in,False,,0.02,0.1395,0.0,0.0192,0.0104,0.0,0.0
100000007334196100,terminal,0.893,12,0.4821,"Получил 150 тыс. от 1 плательщ.; исходящих нет, хотя колено 1 обходилось — деньги остались",False,1,0,1,0,150002.0,0.0,1,0,0.0,0.0,8,0,1,1,150002.0,0.0003083201238991253,0.0,0.00012279960108290615,0.0,False,,observed,0.0,,1.0,0,False,0,0.56,log_in,False,,0.1228,0.1879,0.0,0.1253,0.0461,0.0,0.0
100000003873332100,peripheral,0.6,19,0.3575,"Вход 23 тыс. от 1, выход 286 тыс. на 4; пороги ролей не достигнуты",False,1,0,1,4,23468.0,286000.0,1,8,12.186807567751833,4.0,7,0,1,1,23468.0,0.0002899731212844846,1.5362965042255266e-289,0.0021516815362503513,0.0008935591491820593,False,,,0.0,13.0,1.0,0,False,0,2.23,log_out,False,,0.015,0.1526,0.0,0.0799,0.0168,0.0932,0.0
100000001550388100,peripheral,0.505,1,0.2942,"Вход 50 тыс. от 1, выход 0 на 0; пороги ролей не достигнуты",False,1,0,1,0,50000.0,0.0,1,0,0.0,0.0,7,0,1,1,50000.0,0.0002949519153763026,0.0,0.0021516815362503513,0.0,False,,,0.0,,1.0,0,False,0,0.18,log_in,False,,0.0126,0.1715,0.0,0.0799,0.0302,0.0,0.0
100000008718089100,peripheral,0.8,5,0.194,"Вход 16 тыс. от 1, выход 0 на 0; пороги ролей не достигнуты",False,1,1,1,0,15534.0,0.0,1,0,0.0,0.0,1,0,0,1,15534.0,0.0002888296988600795,0.0,5.95500058530398e-11,0.0,False,,,0.0,,1.0,0,False,0,0.96,log_in,False,,0.02,0.1426,0.0,0.0192,0.0122,0.0,0.0
100000008728457100,peripheral,0.544,12,0.3312,"Вход 45 тыс. от 1, выход 0 на 0; пороги ролей не достигнуты",False,1,0,1,0,45000.0,0.0,1,0,0.0,0.0,8,0,1,1,45000.0,0.0002923944521197359,0.0,0.00012279960108290615,0.0,False,,,0.0,,1.0,0,False,0,0.25,log_in,False,,0.0136,0.168,0.0,0.1253,0.0243,0.0,0.0
100000004206046100,peripheral,0.8,3,0.238,"Вход 11 тыс. от 1, выход 0 на 0; пороги ролей не достигнуты",False,1,0,1,0,11075.0,0.0,1,0,0.0,0.0,7,0,1,1,11075.0,0.00028676005666009854,0.0,0.0002952416008836587,0.0,False,,,0.0,,1.0,0,False,0,1.19,log_in,False,,0.02,0.134,0.0,0.0799,0.0041,0.0,0.0
100000006579678100,peripheral,0.222,3,0.4546,"Вход 193 тыс. от 2, выход 1.7 млн на 6; пороги ролей не достигнуты [возвратный поток]",False,1,0,2,6,192930.0,1668800.0,2,15,8.649769346395066,3.0,7,0,2,1,53922.613274780284,0.0006256438748763364,1.0087891188080473e-05,0.0002976021605979045,0.0004489435551961264,False,,,0.12080536912751678,4.0,1.0,0,False,2,2.54,log_out,False,,0.0056,0.1734,0.0,0.0799,0.0892,0.0898,0.0167
100000002988894100,peripheral,0.138,8,0.4735,"Вход 306 тыс. от 1, выход 78 тыс. на 3; пороги ролей не достигнуты",False,1,0,1,3,306121.0,77500.0,1,3,0.25316786499456095,3.0,10,0,1,1,306121.0,0.0003468658715569931,1.57847465707e-313,0.0004611679456476809,7.133286649935147e-05,False,,,0.3741935483870968,0.0,1.0,0,False,0,2.0,log_out,False,,0.0035,0.1947,0.0,0.1441,0.0621,0.0693,0.0
100000008749406100,peripheral,0.799,5,0.1974,"Вход 17 тыс. от 1, выход 0 на 0; пороги ролей не достигнуты",False,1,1,1,0,17144.0,0.0,1,0,0.0,0.0,1,0,0,1,17144.0,0.0002891676190013754,0.0,5.95500058530398e-11,0.0,False,,,0.0,,1.0,0,False,0,0.9,log_in,False,,0.02,0.1447,0.0,0.0192,0.0135,0.0,0.0
100000005584222100,peripheral,0.223,1,0.4594,"Вход 193 тыс. от 2, выход 109 тыс. на 2; пороги ролей не достигнуты [сквозной пропуск ≤2дн; возвратный поток]",False,1,0,2,2,192717.0,108587.0,6,3,0.5634531463233653,1.0,7,0,2,1,191217.0,0.0008759174247919279,0.0,0.002168884981622403,3.863863602048205e-05,False,,,0.8618619171724056,1.0,1.0,1,False,1,2.05,log_out,False,,0.0056,0.1905,0.0,0.0799,0.094,0.0561,0.0333
100000003239859100,peripheral,0.775,13,0.197,"Вход 19 тыс. от 1, выход 0 на 0; пороги ролей не достигнуты",False,1,0,1,0,18600.0,0.0,1,0,0.0,0.0,1,0,0,1,18600.0,0.0002886560582178524,0.0,1.0100033243240566e-05,0.0,False,,,0.0,,1.0,0,False,0,0.84,log_in,False,,0.0194,0.1471,0.0,0.0192,0.0112,0.0,0.0
100000003980083100,peripheral,0.634,44,0.273,"Вход 30 тыс. от 1, выход 0 на 0; пороги ролей не достигнуты",False,1,14,1,0,30000.0,0.0,1,0,0.0,0.0,1,0,0,1,30000.0,0.0005285862410602082,0.0,0.0,0.0,False,,,0.0,,1.0,0,False,0,0.52,log_in,False,,0.0158,0.1587,0.0,0.0192,0.0791,0.0,0.0
100000004351795100,distributor,0.558,16,0.5488,Рассылает на 14 получателей 1.7 млн (веер 5:1); плательщиков 3 [возвратный поток; аномалия для колена],False,1,0,3,14,118333.0,1715161.0,3,37,14.494359139039828,4.666666666666667,7,0,3,1,67065.0464684978,0.0003135156057452154,0.002775354969020754,0.004015553343662809,0.002428521604147366,False,,,0.37906703802150354,11.0,1.0,0,False,206,3.95,out_deg,True,,0.1116,0.1764,0.0,0.0799,0.0501,0.0973,0.0333
100000002666248100,peripheral,0.424,8,0.3696,"Вход 70 тыс. от 1, выход 0 на 0; пороги ролей не достигнуты",False,1,0,1,0,70032.0,0.0,1,0,0.0,0.0,10,0,1,1,70032.0,0.0002995922521465216,0.0,0.0004611679456476809,0.0,False,,,0.0,,1.0,0,False,0,0.05,log_in,False,,0.0106,0.1776,0.0,0.1441,0.0374,0.0,0.0
100000005877725100,peripheral,0.428,5,0.2457,"Вход 70 тыс. от 1, выход 0 на 0; пороги ролей не достигнуты",False,1,1,1,0,70000.0,0.0,1,0,0.0,0.0,1,0,0,1,70000.0,0.0003002614742736321,0.0,5.95500058530398e-11,0.0,False,,,0.0,,1.0,0,False,0,0.05,log_in,False,,0.0107,0.1773,0.0,0.0192,0.0384,0.0,0.0
100000001697501100,distributor,0.982,5,0.5787,Рассылает на 38 получателей 1.5 млн (веер 13:1); плательщиков 3 [возвратный поток; аномалия для колена],False,1,1,3,38,123700.0,1482606.0,3,55,11.98549717057397,12.666666666666666,1,0,0,1,28084.84673956928,0.0005916045492534869,3.7687350642282193e-11,3.68611605822976e-10,0.00020547828488840964,False,,,0.4582471674875186,4.5,1.0,0,False,3,10.73,out_deg,True,,0.1964,0.1579,0.0,0.0192,0.0879,0.084,0.0333
100000006972210100,terminal,0.968,6,0.5179,"Получил 489 тыс. от 3 плательщ.; исходящих нет, хотя колено 1 обходилось — деньги остались",False,1,0,3,0,488775.0,0.0,4,0,0.0,0.0,8,0,1,3,488775.0,0.000346296000353762,0.0,0.00018644330290532843,0.0,False,,observed,0.0,,1.0,0,False,0,1.51,in_deg,False,,0.1331,0.1976,0.0,0.1253,0.062,0.0,0.0
100000008749618100,peripheral,0.526,5,0.2328,"Вход 47 тыс. от 1, выход 0 на 0; пороги ролей не достигнуты",False,1,1,1,0,47280.0,0.0,1,0,0.0,0.0,1,0,0,1,47280.0,0.00029549281240391677,0.0,5.95500058530398e-11,0.0,False,,,0.0,,1.0,0,False,0,0.21,log_in,False,,0.0132,0.1694,0.0,0.0192,0.031,0.0,0.0
100000008671026100,peripheral,0.712,5,0.2091,"Вход 24 тыс. от 1, выход 0 на 0; пороги ролей не достигнуты",False,1,1,1,0,23534.0,0.0,1,0,0.0,0.0,1,0,0,1,23534.0,0.0002905088051522328,0.0,5.95500058530398e-11,0.0,False,,,0.0,,1.0,0,False,0,0.68,log_in,False,,0.0178,0.1534,0.0,0.0192,0.0187,0.0,0.0
100000001696818100,peripheral,0.479,8,0.2401,"Вход 54 тыс. от 1, выход 0 на 0; пороги ролей не достигнуты",False,1,0,1,0,53550.0,0.0,1,0,0.0,0.0,1,0,0,1,53550.0,0.00029883692688634147,0.0,6.780075768513709e-05,0.0,False,,,0.0,,1.0,0,False,0,0.13,log_in,False,,0.012,0.1731,0.0,0.0192,0.0359,0.0,0.0
100000008679986100,peripheral,0.772,5,0.2012,"Вход 19 тыс. от 1, выход 0 на 0; пороги ролей не достигнуты",False,1,1,1,0,19000.0,0.0,1,0,0.0,0.0,1,0,0,1,19000.0,0.00028955717166115493,0.0,5.95500058530398e-11,0.0,False,,,0.0,,1.0,0,False,0,0.83,log_in,False,,0.0193,0.1474,0.0,0.0192,0.0152,0.0,0.0
100000003616818100,peripheral,0.4,23,0.2901,"Вход 78 тыс. от 3, выход 240 тыс. на 3; пороги ролей не достигнуты [возвратный поток]",False,1,2,3,3,78000.0,240100.0,4,8,3.0782051282051284,1.0,1,0,0,1,21754.34936092608,0.0005130034108689024,3.6683131812116196e-179,6.38373224061603e-179,1.981468513870874e-06,False,,,0.0,4.0,1.0,0,False,14,2.2,log_out,False,,0.01,0.151,0.0,0.0192,0.0783,0.0149,0.0167
100000004156082100,consolidator,0.583,3,0.6278,Получает от 5 плательщиков (1 seed) 377 тыс.; передаёт дальше 615%; сходятся потоки 7 seed [сквозной пропуск ≤2дн; возвратный поток; аномалия для колена],False,1,0,5,26,377366.11,2319556.0,7,29,6.146699288921308,5.2,7,0,5,1,66321.7964965376,0.0008669668928480434,0.0019143844259690663,7.739634489783631e-06,0.002040035139413781,False,,,0.9590438859850765,0.0,2.0,3,False,11,7.34,out_deg,True,,0.1312,0.1762,0.0,0.0799,0.0938,0.0967,0.05
100000008667058100,peripheral,0.79,5,0.1982,"Вход 18 тыс. от 1, выход 0 на 0; пороги ролей не достигнуты",False,1,1,1,0,17534.0,0.0,1,0,0.0,0.0,1,0,0,1,17534.0,0.00028924947543311784,0.0,5.95500058530398e-11,0.0,False,,,0.0,,1.0,0,False,0,0.88,log_in,False,,0.0198,0.1453,0.0,0.0192,0.0139,0.0,0.0
100000008628231100,peripheral,0.505,8,0.4215,"Вход 50 тыс. от 1, выход 628 тыс. на 2; пороги ролей не достигнуты",False,1,0,1,2,50000.0,627870.0,1,19,12.5574,2.0,10,0,1,1,50000.0,0.00029558111590539824,0.0,0.0004611679456476809,4.755524433290098e-05,False,,,0.03503910045073025,3.0,1.0,0,False,0,2.37,log_out,False,,0.0126,0.1715,0.0,0.1441,0.0312,0.0621,0.0
100000008749063100,peripheral,0.772,5,0.2012,"Вход 19 тыс. от 1, выход 0 на 0; пороги ролей не достигнуты",False,1,1,1,0,19000.0,0.0,1,0,0.0,0.0,1,0,0,1,19000.0,0.00028955717166115493,0.0,5.95500058530398e-11,0.0,False,,,0.0,,1.0,0,False,0,0.83,log_in,False,,0.0193,0.1474,0.0,0.0192,0.0152,0.0,0.0
100000004494983100,peripheral,0.597,5,0.2213,"Вход 35 тыс. от 1, выход 0 на 0; пороги ролей не достигнуты",False,1,1,1,0,35000.0,0.0,1,0,0.0,0.0,1,0,0,1,35000.0,0.0002929153842454615,0.0,5.95500058530398e-11,0.0,False,,,0.0,,1.0,0,False,0,0.42,log_in,False,,0.0149,0.1617,0.0,0.0192,0.0254,0.0,0.0
100000007648946100,peripheral,0.767,4,0.2774,"Вход 20 тыс. от 1, выход 25 тыс. на 1; пороги ролей не достигнуты",False,1,0,1,1,19550.0,25000.0,1,1,1.278772378516624,1.0,7,0,1,1,19550.0,0.0002892378990904645,6.0562084080979254e-05,0.0021516815362503513,2.9130943747974165e-06,False,,,0.0,3.0,1.0,0,False,0,1.79,log_out,False,,0.0192,0.148,0.0,0.0799,0.0138,0.0165,0.0
100000003037660100,peripheral,0.482,8,0.3612,"Вход 53 тыс. от 1, выход 0 на 0; пороги ролей не достигнуты",False,1,0,1,0,53000.0,0.0,1,0,0.0,0.0,10,0,1,1,53000.0,0.0002961818252066847,0.0,0.0004611679456476809,0.0,False,,,0.0,,1.0,0,False,0,0.14,log_in,False,,0.012,0.1728,0.0,0.1441,0.0323,0.0,0.0
100000002679516100,terminal,0.865,12,0.5486,"Получил 102 тыс. от 3 плательщ.; исходящих нет, хотя колено 1 обходилось — деньги остались",False,1,0,3,0,102335.0,0.0,3,0,0.0,0.0,10,1,2,1,35233.268956897526,0.00032682549707084964,0.0,0.00015523710952200948,0.0,False,,observed,0.0,,1.0,0,False,0,1.51,in_deg,False,,0.1189,0.162,0.067,0.1441,0.0566,0.0,0.0
100000005588444100,peripheral,0.8,6,0.1783,"Вход 12 тыс. от 1, выход 0 на 0; пороги ролей не достигнуты",False,1,0,1,0,12300.0,0.0,1,0,0.0,0.0,1,0,0,1,12300.0,0.00028627460375392564,0.0,4.341414826156218e-06,0.0,False,,,0.0,,1.0,0,False,0,1.12,log_in,False,,0.02,0.1363,0.0,0.0192,0.0028,0.0,0.0
100000001307612100,peripheral,0.579,5,0.2253,"Вход 38 тыс. от 1, выход 0 на 0; пороги ролей не достигнуты",False,1,1,1,0,38483.0,0.0,1,0,0.0,0.0,1,0,0,1,38483.0,0.00029364642514740773,0.0,5.95500058530398e-11,0.0,False,,,0.0,,1.0,0,False,0,0.35,log_in,False,,0.0145,0.1642,0.0,0.0192,0.0274,0.0,0.0
100000003001564100,peripheral,0.713,3,0.2881,"Вход 24 тыс. от 1, выход 180 тыс. на 1; пороги ролей не достигнуты",False,1,0,1,1,23520.0,180000.0,1,1,7.653061224489796,1.0,7,0,1,1,23520.0,0.00028809811883623776,0.0,0.0002952416008836587,1.922024458454748e-05,False,,,0.0,5.0,1.0,0,False,0,2.14,log_out,False,,0.0178,0.1532,0.0,0.0799,0.0084,0.0287,0.0
100000002762076100,peripheral,0.283,6,0.3407,"Вход 140 тыс. от 2, выход 30 тыс. на 1; пороги ролей не достигнуты",False,1,0,2,1,140350.0,30000.0,2,1,0.21375133594584966,0.5,2,1,0,2,140350.0,0.00029914566971164536,0.0,1.4441448069396784e-05,3.962937027741748e-07,False,,,0.0,,1.0,0,False,0,1.83,log_out,False,,0.0071,0.1874,0.067,0.0397,0.0364,0.0031,0.0
100000005514161100,peripheral,0.103,6,0.6183,"Вход 402 тыс. от 4, выход 50 тыс. на 1; пороги ролей не достигнуты",False,1,0,4,1,401500.0,50000.0,7,1,0.12453300124533001,0.25,9,2,1,1,119207.8302889594,0.0008061423847001054,0.0,4.456765666151715e-06,4.042195768296583e-05,False,,,0.0,,2.0,0,False,0,2.26,in_deg,False,,0.0026,0.1851,0.142,0.1361,0.0929,0.0596,0.0
100000008746673100,peripheral,0.481,5,0.2374,"Вход 53 тыс. от 1, выход 0 на 0; пороги ролей не достигнуты",False,1,1,1,0,53048.0,0.0,1,0,0.0,0.0,1,0,0,1,53048.0,0.0002967034480405593,0.0,5.95500058530398e-11,0.0,False,,,0.0,,1.0,0,False,0,0.14,log_in,False,,0.012,0.1729,0.0,0.0192,0.0333,0.0,0.0
100000003265158100,transit,0.806,13,0.7497,"Пропуск 106%: получил 146 тыс., отдал 154 тыс.; 3→2 контрагента; в ≤2 дн ушло 100% [сквозной пропуск ≤2дн]",False,1,0,3,2,146100.4,154200.0,3,4,1.055438588806054,0.6666666666666666,9,2,1,2,103051.51135675251,0.0003846709844220265,1.5362965042255266e-289,1.9470592245184296e-05,0.00017654884458589488,False,,,1.0,0.0,1.0,0,False,0,2.12,log_out,False,,0.1209,0.1834,0.142,0.1361,0.0682,0.0823,0.0167
100000001567366100,terminal,0.987,3,0.482,"Получил 824 тыс. от 1 плательщ.; исходящих нет, хотя колено 1 обходилось — деньги остались",False,1,0,1,0,824070.0,0.0,4,0,0.0,0.0,7,0,1,1,824070.0,0.00037417169658699974,0.0,0.0002952416008836587,0.0,False,,observed,0.0,,1.0,0,False,0,1.71,log_in,False,,0.1357,0.1995,0.0,0.0799,0.0669,0.0,0.0
100000008777088100,peripheral,0.781,5,0.1998,"Вход 18 тыс. от 1, выход 0 на 0; пороги ролей не достигнуты",False,1,1,1,0,18000.0,0.0,1,0,0.0,0.0,1,0,0,1,18000.0,0.00028934728337463573,0.0,5.95500058530398e-11,0.0,False,,,0.0,,1.0,0,False,0,0.86,log_in,False,,0.0195,0.1465,0.0,0.0192,0.0145,0.0,0.0
100000002589019100,peripheral,0.6,13,0.2172,"Вход 35 тыс. от 1, выход 0 на 0; пороги ролей не достигнуты",False,1,0,1,0,34710.0,0.0,1,0,0.0,0.0,1,0,0,1,34710.0,0.0002913295941344678,0.0,1.0100033243240566e-05,0.0,False,,,0.0,,1.0,0,False,0,0.42,log_in,False,,0.015,0.1615,0.0,0.0192,0.0215,0.0,0.0
100000008666075100,peripheral,0.663,5,0.2133,"Вход 26 тыс. от 1, выход 0 на 0; пороги ролей не достигнуты",False,1,1,1,0,26217.0,0.0,1,0,0.0,0.0,1,0,0,1,26217.0,0.0002910719354249637,0.0,5.95500058530398e-11,0.0,False,,,0.0,,1.0,0,False,0,0.61,log_in,False,,0.0166,0.157,0.0,0.0192,0.0205,0.0,0.0
100000008137435100,peripheral,0.368,1,0.4108,"Вход 94 тыс. от 2, выход 1.4 млн на 6; пороги ролей не достигнуты [возвратный поток]",False,1,0,2,6,93906.0,1419700.0,2,7,15.118309799160864,3.0,7,0,2,1,43959.31871584573,0.0003142779777322604,0.004931741979455946,0.0027944971937982335,0.00029840915818895366,False,,,0.29442840036627455,19.0,2.0,0,False,14,2.51,log_out,False,,0.0092,0.1675,0.0,0.0799,0.0508,0.0866,0.0167
100000004403675100,peripheral,0.2,10,0.4761,"Вход 183 тыс. от 4, выход 265 тыс. на 5; пороги ролей не достигнуты [возвратный поток]",False,1,0,4,5,182980.0,264699.0,8,6,1.4466007213903158,1.25,7,0,3,2,108837.35024408673,0.0007400733271266653,0.00010061852156787733,0.00221642364889325,0.002787673513726202,False,,,0.5402362683651997,0.0,1.0,2,False,10,2.26,in_deg,False,,0.005,0.1842,0.0,0.0799,0.0919,0.0983,0.0167
100000004677680100,peripheral,0.448,12,0.5011,"Вход 63 тыс. от 2, выход 168 тыс. на 1; пороги ролей не достигнуты [сквозной пропуск ≤2дн; возвратный поток]",False,1,0,2,1,63000.0,168000.0,2,3,2.6666666666666665,0.5,8,0,2,1,63000.0,0.0010928341745650807,0.0,0.00012378934009122278,4.1214545088514184e-05,False,,,0.9107142857142857,1.0,1.0,0,False,1,2.13,log_out,False,,0.0112,0.1754,0.0,0.1253,0.0957,0.0603,0.0333
100000005958064100,peripheral,0.8,10,0.2713,"Вход 6 тыс. от 1, выход 164 тыс. на 2; пороги ролей не достигнуты",False,1,0,1,2,5746.0,163986.84,1,3,28.539303863557258,2.0,7,0,1,1,5746.0,0.000286187092952855,2.7483881389061478e-08,0.0002952416008836587,2.5128210534091514e-05,False,,,0.0,26.0,1.0,1,False,0,2.13,log_out,False,,0.02,0.1185,0.0,0.0799,0.0024,0.0504,0.0
100000002881669100,peripheral,0.775,13,0.197,"Вход 19 тыс. от 1, выход 0 на 0; пороги ролей не достигнуты",False,1,0,1,0,18600.0,0.0,1,0,0.0,0.0,1,0,0,1,18600.0,0.0002886560582178524,0.0,1.0100033243240566e-05,0.0,False,,,0.0,,1.0,0,False,0,0.84,log_in,False,,0.0194,0.1471,0.0,0.0192,0.0112,0.0,0.0
100000002938501100,peripheral,0.8,3,0.2518,"Вход 8 тыс. от 1, выход 5 тыс. на 1; пороги ролей не достигнуты",False,1,0,1,1,8395.0,5000.0,1,1,0.5955926146515783,1.0,7,0,1,1,8395.0,0.00028647190827664715,1.1976941847380582e-06,0.0002952416008836587,1.7943915472918004e-05,False,,,0.0,,1.0,1,False,0,1.51,log_out,False,,0.02,0.1266,0.0,0.0799,0.0033,0.0219,0.0
100000006734554100,peripheral,0.8,26,0.2375,"Вход 16 тыс. от 1, выход 25 тыс. на 1; пороги ролей не достигнуты",False,1,3,1,1,16500.0,25000.0,1,1,1.5151515151515151,1.0,1,0,0,1,16500.0,0.0003119416985243868,0.0,2.6231749817115585e-266,5.944405541612623e-07,False,,,0.0,19.0,1.0,0,False,0,1.79,log_out,False,,0.02,0.1442,0.0,0.0192,0.0488,0.0053,0.0
100000008003034100,peripheral,0.6,3,0.3485,"Вход 12 тыс. от 1, выход 135 тыс. на 4; пороги ролей не достигнуты [возвратный поток]",False,1,0,1,4,12201.0,135000.0,1,4,11.064666830587656,4.0,7,0,1,1,12201.0,0.00028688112198836955,9.144384770200497e-05,0.0002952416008836587,0.0019931390235273026,False,,,0.3592592592592593,6.0,1.0,0,False,1,2.09,log_out,False,,0.015,0.1361,0.0,0.0799,0.0045,0.0963,0.0167
100000003970394100,peripheral,0.389,13,0.2468,"Вход 85 тыс. от 1, выход 0 на 0; пороги ролей не достигнуты",False,1,0,1,0,85000.0,0.0,1,0,0.0,0.0,1,0,0,1,85000.0,0.00029967547378974946,0.0,1.0100033243240566e-05,0.0,False,,,0.0,,1.0,0,False,0,0.18,log_in,False,,0.0097,0.1803,0.0,0.0192,0.0375,0.0,0.0
100000003205210100,terminal,0.884,8,0.5023,"Получил 138 тыс. от 1 плательщ.; исходящих нет, хотя колено 1 обходилось — деньги остались",False,1,0,1,0,137563.0,0.0,1,0,0.0,0.0,10,0,1,1,137563.0,0.0003131144187549131,0.0,0.0004611679456476809,0.0,False,,observed,0.0,,1.0,0,False,0,0.5,log_in,False,,0.1216,0.1869,0.0,0.1441,0.0497,0.0,0.0
100000004559194100,terminal,0.939,3,0.4549,"Получил 282 тыс. от 1 плательщ.; исходящих нет, хотя колено 1 обходилось — деньги остались",False,1,0,1,0,282145.0,0.0,6,0,0.0,0.0,7,0,1,1,282145.0,0.0003159049754295683,0.0,0.0002952416008836587,0.0,False,,observed,0.0,,1.0,0,False,0,0.99,log_in,False,,0.1291,0.1941,0.0,0.0799,0.0518,0.0,0.0
100000008173359100,peripheral,0.8,3,0.2221,"Вход 6 тыс. от 1, выход 0 на 0; пороги ролей не достигнуты",False,1,0,1,0,6110.0,0.0,1,0,0.0,0.0,7,0,1,1,6110.0,0.00028622622952433876,0.0,0.0002952416008836587,0.0,False,,,0.0,,1.0,1,False,0,1.59,log_in,False,,0.02,0.1196,0.0,0.0799,0.0025,0.0,0.0
100000007953156100,peripheral,0.781,10,0.4081,"Вход 18 тыс. от 1, выход 10 тыс. на 1; пороги ролей не достигнуты",False,2,0,1,1,18000.0,10000.0,1,1,0.5555555555555556,1.0,8,0,1,0,18000.0,0.0004778416683076007,0.0,9.023756758629543e-290,1.981468513870874e-05,False,,,0.0,11.0,1.0,0,False,0,1.54,log_out,False,,0.0195,0.1465,0.0,0.1253,0.0761,0.0407,0.0
100000002224132100,consolidator,0.55,13,0.5148,Получает от 5 плательщиков (0 seed) 4.0 млн; передаёт дальше 307%; сходятся потоки 2 seed [сквозной пропуск ≤2дн; возвратный поток],False,2,0,5,4,3951020.0,12115000.0,10,25,3.0662968043695047,0.8,2,0,3,0,605317.0435232981,0.0059957331954744305,5.354472952764298e-248,9.452986171994523e-248,6.241625818693253e-06,False,,,0.7267849773008667,0.0,2.0,0,False,8,2.9,log_in,False,,0.1238,0.1983,0.0,0.0397,0.1,0.0197,0.0333
100000008547844100,distributor,0.695,2,0.5293,Рассылает на 19 получателей 2.0 млн (веер 6:1); плательщиков 3 [возвратный поток],False,2,0,3,19,177600.0,2042199.0,3,21,11.498868243243244,6.333333333333333,8,0,3,0,1070.3425773593417,0.0003443380521779434,1.4018979759317405e-05,3.2827464245568193e-06,0.0017876098818035268,False,,,0.40730604608071985,1.0,1.0,1,False,8,2.43,log_out,False,,0.139,0.0913,0.0,0.1253,0.0614,0.0957,0.0167
100000002635780100,terminal,0.898,6,0.5341,"Получил 163 тыс. от 1 плательщ.; исходящих нет, хотя колено 2 обходилось — деньги остались",False,2,0,1,0,163000.02,0.0,1,0,0.0,0.0,9,0,1,0,163000.02,0.0005553850086577911,0.0,0.0,0.0,False,,observed,0.0,,1.0,0,False,0,0.75,log_in,False,,0.1235,0.1889,0.0,0.1361,0.0856,0.0,0.0
100000001279875100,peripheral,0.516,14,0.158,"Вход 49 тыс. от 1, выход 0 на 0; пороги ролей не достигнуты",False,2,0,1,0,49235.0,0.0,1,0,0.0,0.0,1,0,0,0,717.0746885219855,0.0003032727428264067,0.0,4.0882452251176484e-08,0.0,False,,,0.0,,1.0,0,False,0,0.06,log_in,False,,0.0129,0.0836,0.0,0.0192,0.0423,0.0,0.0
100000001961048100,terminal,0.892,14,0.3167,"Получил 150 тыс. от 1 плательщ.; исходящих нет, хотя колено 2 обходилось — деньги остались",False,2,0,1,0,150000.0,0.0,1,0,0.0,0.0,7,0,1,0,407.31332769985204,0.00030430933928482544,0.0,3.8766877888989646e-07,0.0,False,,observed,0.0,,1.0,0,False,0,0.69,log_in,False,,0.1226,0.0712,0.0,0.0799,0.043,0.0,0.0
100000000993112100,terminal,0.887,4,0.4716,"Получил 141 тыс. от 1 плательщ.; исходящих нет, хотя колено 2 обходилось — деньги остались",False,2,0,1,0,141000.0,0.0,1,0,0.0,0.0,8,0,1,0,21245.976303650936,0.00044111482764995627,0.0,4.870880269675223e-241,0.0,False,,observed,0.0,,1.0,0,False,0,0.65,log_in,False,,0.122,0.1502,0.0,0.1253,0.0741,0.0,0.0
100000005547096100,peripheral,0.8,36,0.2784,"Вход 8 тыс. от 1, выход 226 тыс. на 2; пороги ролей не достигнуты [возвратный поток]",False,2,6,1,2,8000.0,226300.0,1,3,28.2875,2.0,1,0,0,0,8000.0,0.0008920567423173903,1.8809294719400374e-283,0.0,3.962937027741748e-07,False,,,0.0,,1.0,1,False,1,2.06,log_out,False,,0.02,0.1251,0.0,0.0192,0.0943,0.0031,0.0167
100000000331309100,coordinator,0.628,7,0.6421,"Сходятся деньги 7 seed, вход 985 тыс.; собирает и рассылает одновременно [3 плательщ. в 1 день; возвратный поток; аномалия для колена]",False,2,0,5,99,984635.0,23001375.0,8,126,23.360306103276848,19.8,7,0,4,0,35470.944843757745,0.000875689903807376,0.15776904112457835,0.00022784743597441663,0.004557234050267506,False,,,0.3584307459880116,2.0,3.0,0,False,32,10.2,out_deg,True,собирает и рассылает одновременно,0.157,0.1621,0.0,0.0799,0.0939,0.0992,0.05
100000006684930100,peripheral,0.8,21,0.308,"Вход 10 тыс. от 1, выход 0 на 0; пороги ролей не достигнуты",False,2,0,1,0,10000.0,0.0,1,0,0.0,0.0,10,0,1,0,3047.437479502812,0.0002987343713958286,0.0,4.876477610101951e-08,0.0,False,,,0.0,,1.0,0,False,0,1.14,log_in,False,,0.02,0.1082,0.0,0.1441,0.0358,0.0,0.0
100000004479404100,peripheral,0.05,4,0.378,"Вход 1.5 млн от 2, выход 300 тыс. на 1; пороги ролей не достигнуты [возвратный поток]",False,2,0,2,1,1492000.0,300000.0,8,2,0.20107238605898123,0.5,7,0,2,0,4189.576960474118,0.0008667096306509939,0.0,9.352123531657017e-05,9.610122292273739e-05,False,,,0.0,15.5,1.0,2,False,1,2.24,log_in,False,,0.0013,0.1126,0.0,0.0799,0.0938,0.0738,0.0167
100000004134060100,peripheral,0.382,2,0.3261,"Вход 88 тыс. от 1, выход 0 на 0; пороги ролей не достигнуты",False,2,0,1,0,88179.0,0.0,1,0,0.0,0.0,8,0,1,0,11222.955712446334,0.0003280105841798639,0.0,5.704237108788349e-08,0.0,False,,,0.0,,1.0,0,False,0,0.33,log_in,False,,0.0096,0.1343,0.0,0.1253,0.057,0.0,0.0
100000001083990100,peripheral,0.513,13,0.3868,"Вход 50 тыс. от 1, выход 0 на 0; пороги ролей не достигнуты",False,2,0,1,0,49900.0,0.0,2,0,0.0,0.0,8,0,1,0,49900.0,0.0005021137973799181,0.0,0.0,0.0,False,,,0.0,,1.0,0,False,0,0.06,log_in,False,,0.0128,0.1711,0.0,0.1253,0.0777,0.0,0.0
100000004573782100,peripheral,0.8,28,0.2119,"Вход 15 тыс. от 1, выход 0 на 0; пороги ролей не достигнуты",False,2,0,1,0,15000.0,0.0,1,0,0.0,0.0,1,0,0,0,8108.108107435981,0.0003098970169286297,0.0,2.141511818252024e-241,0.0,False,,,0.0,,1.0,0,False,0,0.87,log_in,False,,0.02,0.1254,0.0,0.0192,0.0472,0.0,0.0
100000005660203100,peripheral,0.058,3,0.4436,"Вход 573 тыс. от 1, выход 41 тыс. на 2; пороги ролей не достигнуты [сквозной пропуск ≤2дн; возвратный поток]",False,2,0,1,2,572899.0,41000.0,12,5,0.07156584319400104,2.0,7,0,1,0,524569.8770996343,0.0009492504038791965,0.0001431175242726874,0.0,1.9418391435934565e-05,False,,,1.0,1.0,1.0,1,False,1,1.78,log_out,False,,0.0015,0.1979,0.0,0.0799,0.0948,0.0361,0.0333
100000008771627100,peripheral,0.8,5,0.1255,"Вход 16 тыс. от 1, выход 0 на 0; пороги ролей не достигнуты",False,2,1,1,0,16500.0,0.0,1,0,0.0,0.0,1,0,0,0,312.5577336142529,0.0002911733098421886,0.0,7.619950610759462e-13,0.0,False,,,0.0,,1.0,0,False,0,0.8,log_in,False,,0.02,0.0655,0.0,0.0192,0.0207,0.0,0.0
100000000031787100,transit,0.758,28,0.3965,"Пропуск 100%: получил 90 тыс., отдал 90 тыс.; 1→2 контрагента; в ≤2 дн ушло 44% [возвратный поток]",False,2,0,1,2,90000.0,90000.0,2,4,1.0,2.0,1,0,0,0,48648.64864461589,0.0004315356304853241,1.8776030241214768e-06,2.141511818252024e-241,3.962937027741748e-07,False,,,0.4444444444444444,2.0,1.0,0,False,1,1.91,log_out,False,,0.1137,0.1706,0.0,0.0192,0.0732,0.0031,0.0167
100000001346560100,peripheral,0.6,15,0.4495,"Вход 10 тыс. от 2, выход 22 тыс. на 1; пороги ролей не достигнуты [сквозной пропуск ≤2дн]",False,2,0,2,1,10000.0,22200.0,2,1,2.22,0.5,11,0,2,0,10000.0,0.0005866163489075493,0.0,2.2212782000559444e-253,2.5759090680321364e-05,False,,,1.0,2.0,1.0,2,False,0,1.67,log_out,False,,0.015,0.1304,0.0,0.1488,0.0877,0.0509,0.0167
100000001703168100,peripheral,0.544,4,0.2439,"Вход 45 тыс. от 1, выход 90 тыс. на 1; пороги ролей не достигнуты [сквозной пропуск ≤2дн]",False,2,0,1,1,45000.0,90000.0,1,1,2.0,1.0,7,0,1,0,636.715777209931,0.00029266343176030765,0.0,0.0001421681899391104,1.922024458454748e-05,False,,,1.0,2.0,1.0,0,False,0,1.91,log_out,False,,0.0136,0.08,0.0,0.0799,0.025,0.0287,0.0167
100000004904960100,terminal,0.754,1,0.4914,"Получил 32 тыс. от 2 плательщ.; исходящих нет, хотя колено 2 обходилось — деньги остались",False,2,0,2,0,32000.0,0.0,2,0,0.0,0.0,10,0,2,0,22000.0,0.0007779174826823424,0.0,0.0,0.0,False,,observed,0.0,,1.0,0,False,0,0.58,in_deg,False,,0.1037,0.1513,0.0,0.1441,0.0924,0.0,0.0
100000004467157100,peripheral,0.754,22,0.3115,"Вход 20 тыс. от 1, выход 7 тыс. на 1; пороги ролей не достигнуты [возвратный поток]",False,2,0,1,1,20000.0,7000.0,3,1,0.35,1.0,7,0,1,0,8988.666901964867,0.0003865607584834249,0.0009306950059719198,3.6495900757598262e-09,0.0,False,,,0.0,16.0,1.0,2,False,1,1.48,log_out,False,,0.0189,0.1276,0.0,0.0799,0.0685,0.0,0.0167
100000008346837100,consolidator,0.699,4,0.6136,Получает от 9 плательщиков (0 seed) 254 тыс.; передаёт дальше 495%; сходятся потоки 7 seed [сквозной пропуск ≤2дн; 4 плательщ. в 1 день; возвратный поток; аномалия для колена],False,2,0,9,25,254359.0,1258643.0,12,26,4.948293553599441,2.7777777777777777,7,0,9,0,15269.800168373307,0.0005474079827287936,0.013922566536891445,0.00020790593551937796,0.008981156281324022,False,,,0.8516124111443832,0.0,4.0,5,False,111,4.62,in_deg,True,,0.1573,0.1422,0.0,0.0799,0.0843,0.1,0.05
100000006385877100,peripheral,0.477,6,0.32,"Вход 54 тыс. от 1, выход 37 тыс. на 1; пороги ролей не достигнуты [возвратный поток]",False,2,0,1,1,53706.62,36602.93,5,5,0.6815347903107661,1.0,1,0,0,0,53706.62,0.0020942975539589266,9.838750906675793e-06,0.0,0.0,False,,,0.3033344598369584,0.0,1.0,2,False,1,1.76,log_out,False,,0.0119,0.1733,0.0,0.0192,0.0989,0.0,0.0167
100000002459093100,peripheral,0.073,6,0.2663,"Вход 500 тыс. от 1, выход 55 тыс. на 1; пороги ролей не достигнуты",False,2,0,1,1,500000.0,55000.0,2,3,0.11,1.0,1,0,0,0,42682.9268292683,0.00038924998698062655,0.0,4.282827661438586e-07,1.1888811083225246e-06,False,,,0.0,,1.0,0,False,0,1.83,log_out,False,,0.0018,0.1666,0.0,0.0192,0.0688,0.0098,0.0
100000005053653100,peripheral,0.447,4,0.268,"Вход 63 тыс. от 2, выход 25 тыс. на 1; пороги ролей не достигнуты",False,2,0,2,1,63073.0,25000.0,2,1,0.3963661154535221,0.5,7,0,2,0,1575.4889142788973,0.0003136008584320485,0.0,0.0004189407537542191,1.922024458454748e-05,False,,,0.0,,1.0,0,False,0,1.69,log_out,False,,0.0112,0.098,0.0,0.0799,0.0502,0.0287,0.0
100000001557930100,peripheral,0.601,18,0.184,"Вход 35 тыс. от 1, выход 0 на 0; пороги ролей не достигнуты",False,2,0,1,0,34610.0,0.0,1,0,0.0,0.0,1,0,0,0,8306.62150990693,0.0002921289541275454,0.0,2.8721411760945644e-05,0.0,False,,,0.0,,1.0,0,False,0,0.3,log_in,False,,0.015,0.1261,0.0,0.0192,0.0236,0.0,0.0
100000002820010100,peripheral,0.634,18,0.1791,"Вход 30 тыс. от 1, выход 0 на 0; пороги ролей не достигнуты",False,2,0,1,0,30000.0,0.0,1,0,0.0,0.0,1,0,0,0,7200.192005120136,0.00029125521728309953,0.0,2.8721411760945644e-05,0.0,False,,,0.0,,1.0,0,False,0,0.4,log_in,False,,0.0158,0.1228,0.0,0.0192,0.0212,0.0,0.0
100000000769919100,terminal,0.931,42,0.4302,"Получил 250 тыс. от 1 плательщ.; исходящих нет, хотя колено 2 обходилось — деньги остались",False,2,13,1,0,250000.0,0.0,1,0,0.0,0.0,1,0,0,0,200000.0,0.0007354469638244255,0.0,0.0,0.0,False,,observed,0.0,,1.0,0,False,0,1.03,log_in,False,,0.128,0.1911,0.0,0.0192,0.0919,0.0,0.0
100000003188607100,peripheral,0.781,28,0.2243,"Вход 18 тыс. от 1, выход 5 тыс. на 1; пороги ролей не достигнуты",False,2,0,1,1,18000.0,5000.0,1,1,0.2777777777777778,1.0,1,0,0,0,9729.729728923177,0.0003147625614708975,0.0,2.141511818252024e-241,5.944405541612623e-07,False,,,0.0,,1.0,0,False,0,1.42,log_out,False,,0.0195,0.1291,0.0,0.0192,0.0512,0.0053,0.0
100000002836052100,peripheral,0.8,15,0.3543,"Вход 15 тыс. от 1, выход 0 на 0; пороги ролей не достигнуты",False,2,0,1,0,15000.0,0.0,1,0,0.0,0.0,11,0,1,0,15000.0,0.0003056660501463524,0.0,1.862578378996418e-253,0.0,False,,,0.0,,1.0,0,False,0,0.87,log_in,False,,0.02,0.1415,0.0,0.1488,0.044,0.0,0.0
100000001102676100,transit,0.899,8,0.4977,"Пропуск 100%: получил 50 тыс., отдал 50 тыс.; 1→1 контрагента; в ≤2 дн ушло 100% [сквозной пропуск ≤2дн]",False,2,0,1,1,50000.0,50000.0,1,1,1.0,1.0,8,0,1,0,6790.621384073225,0.0003130309543986752,0.0005761766845712224,2.8321519604650354e-232,2.3975769017837576e-05,False,,,1.0,0.0,1.0,0,False,0,1.81,log_out,False,,0.1348,0.1217,0.0,0.1253,0.0496,0.0496,0.0167
100000003390036100,peripheral,0.188,4,0.5311,"Вход 231 тыс. от 2, выход 62 тыс. на 2; пороги ролей не достигнуты [возвратный поток]",False,2,0,2,2,231300.0,62000.0,4,2,0.2680501513186338,1.0,11,0,2,0,231300.0,0.0013242239371446286,0.0,4.0378619556539866e-05,7.826800629789953e-05,False,,,0.16129032258064516,2.0,1.0,1,False,2,1.85,log_out,False,,0.0047,0.1924,0.0,0.1488,0.0968,0.0718,0.0167
100000008335401100,terminal,0.892,6,0.5108,"Получил 150 тыс. от 1 плательщ.; исходящих нет, хотя колено 2 обходилось — деньги остались",False,2,0,1,0,150000.0,0.0,3,0,0.0,0.0,9,0,1,0,43510.442216412666,0.0005512278448300623,0.0,9.023756758629543e-290,0.0,False,,observed,0.0,,1.0,0,False,0,0.69,log_in,False,,0.1226,0.1672,0.0,0.1361,0.0848,0.0,0.0
100000006994985100,peripheral,0.521,6,0.3961,"Вход 48 тыс. от 1, выход 10 тыс. на 1; пороги ролей не достигнуты [сквозной пропуск ≤2дн]",False,2,0,1,1,48500.0,10200.0,2,2,0.21030927835051547,1.0,7,0,1,0,48500.0,0.0005013304862324077,0.0,2.3525061209285672e-07,1.9616538287321655e-05,False,,,1.0,1.0,1.0,0,False,0,1.54,log_out,False,,0.013,0.1705,0.0,0.0799,0.0776,0.0383,0.0167
100000008356606100,terminal,0.901,3,0.4071,"Получил 168 тыс. от 2 плательщ.; исходящих нет, хотя колено 2 обходилось — деньги остались",False,2,0,2,0,168500.0,0.0,2,0,0.0,0.0,7,0,2,0,4584.758387397751,0.0006267853006401152,0.0,1.7177670200697507e-06,0.0,False,,observed,0.0,,1.0,0,False,0,0.77,log_in,False,,0.1239,0.1141,0.0,0.0799,0.0892,0.0,0.0
100000007930878100,peripheral,0.8,34,0.2315,"Вход 5 тыс. от 1, выход 0 на 0; пороги ролей не достигнуты",False,2,4,1,0,5000.0,0.0,1,0,0.0,0.0,1,0,0,0,5000.0,0.00048363772579278913,0.0,1.23619985386e-313,0.0,False,,,0.0,,1.0,1,False,0,1.61,log_in,False,,0.02,0.1158,0.0,0.0192,0.0765,0.0,0.0
100000008389800100,peripheral,0.228,3,0.4008,"Вход 189 тыс. от 3, выход 402 тыс. на 7; пороги ролей не достигнуты [возвратный поток]",False,2,0,3,7,189000.0,401620.0,3,8,2.124973544973545,2.3333333333333335,7,0,3,0,13652.971898498052,0.0005050963840560336,0.0005432286656578205,2.582807650312358e-06,0.00015931006851521828,False,,,0.5363278721179224,1.0,1.0,0,False,2,2.16,log_out,False,,0.0057,0.1387,0.0,0.0799,0.0779,0.0818,0.0167
100000005474472100,terminal,0.861,13,0.3742,"Получил 100 тыс. от 1 плательщ.; исходящих нет, хотя колено 2 обходилось — деньги остались",False,2,0,1,0,100000.0,0.0,1,0,0.0,0.0,1,0,0,0,23500.0,0.0005449540086863332,0.0,0.0,0.0,False,,observed,0.0,,1.0,0,False,0,0.41,log_in,False,,0.1184,0.1528,0.0,0.0192,0.0838,0.0,0.0
100000004486525100,consolidator,0.665,4,0.53,Получает от 8 плательщиков (0 seed) 361 тыс.; передаёт дальше 75%; сходятся потоки 7 seed [сквозной пропуск ≤2дн; 5 плательщ. в 1 день; аномалия для колена],False,2,0,8,2,360924.0,271045.0,21,3,0.7509752745730403,0.25,7,0,8,0,13645.340288860227,0.0008057988481996705,0.000464871066218019,0.0003017568710775366,4.755524433290098e-06,False,,,1.0,0.0,5.0,7,False,0,4.04,in_deg,True,,0.1496,0.1386,0.0,0.0799,0.0928,0.019,0.05
100000003031890100,terminal,0.92,23,0.3247,"Получил 215 тыс. от 1 плательщ.; исходящих нет, хотя колено 2 обходилось — деньги остались",False,2,2,1,0,215000.0,0.0,10,0,0.0,0.0,1,0,0,0,3434.020621630781,0.00039212223001592824,0.0,1.797726136022499e-179,0.0,False,,observed,0.0,,1.0,1,False,0,0.93,log_in,False,,0.1265,0.1095,0.0,0.0192,0.0694,0.0,0.0
100000008624978100,terminal,0.869,2,0.4438,"Получил 109 тыс. от 1 плательщ.; исходящих нет, хотя колено 2 обходилось — деньги остались",False,2,0,1,0,109000.0,0.0,1,0,0.0,0.0,8,0,1,0,13872.94222724969,0.00033803190556376176,0.0,5.704237108788349e-08,0.0,False,,observed,0.0,,1.0,0,False,0,0.47,log_in,False,,0.1195,0.1393,0.0,0.1253,0.0598,0.0,0.0
100000000790311100,peripheral,0.536,3,0.2272,"Вход 46 тыс. от 1, выход 0 на 0; пороги ролей не достигнуты",False,2,0,1,0,46300.0,0.0,1,0,0.0,0.0,7,0,1,0,1323.830585590385,0.000300299219066313,0.0,3.5676348106616587e-05,0.0,False,,,0.0,,1.0,0,False,0,0.11,log_in,False,,0.0134,0.0954,0.0,0.0799,0.0385,0.0,0.0
100000008546855100,peripheral,0.05,19,0.4272,"Вход 72 тыс. от 6, выход 10 тыс. на 2; пороги ролей не достигнуты [сквозной пропуск ≤2дн; дробление у порога: 5 перев.; 5 плательщ. в 1 день; возвратный поток]",False,2,0,6,2,71790.0,10000.0,8,2,0.1392951664577239,0.3333333333333333,7,0,6,0,10336.769861701274,0.0014269758891576917,0.0,0.00020714167762174503,5.8849614861964964e-05,False,,,1.0,0.5,5.0,5,True,2,2.89,in_deg,False,,0.0013,0.1325,0.0,0.0799,0.0973,0.0662,0.05
100000002863356100,peripheral,0.544,5,0.1708,"Вход 45 тыс. от 1, выход 20 тыс. на 1; пороги ролей не достигнуты",False,2,1,1,1,45000.0,20000.0,1,1,0.4444444444444444,1.0,1,0,0,0,852.4301825843262,0.0003008529731942847,0.0,7.619950610759462e-13,1.387027959709612e-06,False,,,0.0,,1.0,0,False,0,1.66,log_out,False,,0.0136,0.087,0.0,0.0192,0.0394,0.0115,0.0
100000000332284100,peripheral,0.05,4,0.4196,"Вход 107 тыс. от 10, выход 290 тыс. на 3; пороги ролей не достигнуты [сквозной пропуск ≤2дн; дробление у порога: 10 перев.; 3 плательщ. в 1 день; аномалия для колена]",False,2,0,10,3,107426.0,289500.0,12,3,2.69487833485376,0.3,7,0,10,0,6564.779075412635,0.0007170946224349073,0.001282000623867513,0.0003565292210917091,0.0001091372663902734,False,,,1.0,0.0,3.0,10,True,0,5.2,in_deg,True,,0.0013,0.1215,0.0,0.0799,0.0915,0.0755,0.05
100000002605308100,terminal,0.999,10,0.5398,"Получил 2.6 млн от 3 плательщ.; исходящих нет, хотя колено 2 обходилось — деньги остались",False,2,0,3,0,2569521.84,0.0,7,0,0.0,0.0,11,0,3,0,30233.24906530359,0.0008849814697633089,0.0,6.406072749601766e-08,0.0,False,,observed,0.0,,1.0,0,False,0,2.61,log_in,False,,0.1374,0.1595,0.0,0.1488,0.0941,0.0,0.0
100000005931985100,peripheral,0.409,14,0.1715,"Вход 76 тыс. от 1, выход 0 на 0; пороги ролей не достигнуты",False,2,0,1,0,76000.0,0.0,1,0,0.0,0.0,1,0,0,0,1106.8889271386392,0.00031289664456344305,0.0,4.0882452251176484e-08,0.0,False,,,0.0,,1.0,0,False,0,0.23,log_in,False,,0.0102,0.0925,0.0,0.0192,0.0495,0.0,0.0
100000001166289100,peripheral,0.05,5,0.3121,"Вход 721 тыс. от 2, выход 25 тыс. на 1; пороги ролей не достигнуты [сквозной пропуск ≤2дн; возвратный поток]",False,2,1,2,1,721039.0,25000.0,10,1,0.0346721883282319,0.5,1,0,0,0,30364.014189711117,0.0020021280906723886,3.300043693840602e-13,7.686673781769084e-13,0.0,False,,,1.0,1.0,1.0,2,False,1,1.75,log_in,False,,0.0013,0.1596,0.0,0.0192,0.0987,0.0,0.0333
100000008477350100,consolidator,0.785,1,0.6581,Получает от 11 плательщиков (0 seed) 610 тыс.; передаёт дальше 553%; сходятся потоки 7 seed [возвратный поток; аномалия для колена],False,2,0,11,39,610100.0,3374866.0,14,44,5.531660383543682,3.5454545454545454,7,0,10,0,59359.67574958219,0.0010342350786611242,0.06105984193860145,0.0005529342870567004,0.0025171940682580047,False,,,0.5698872192258893,0.0,2.0,0,False,464,5.77,in_deg,True,,0.1766,0.1751,0.0,0.0799,0.0953,0.0978,0.0333
100000003824464100,terminal,0.915,1,0.3811,"Получил 200 тыс. от 1 плательщ.; исходящих нет, хотя колено 2 обходилось — деньги остались",False,2,0,1,0,200000.0,0.0,1,0,0.0,0.0,7,0,1,0,6192.7616701898505,0.000323247651083571,0.0,9.190763424750497e-05,0.0,False,,observed,0.0,,1.0,0,False,0,0.88,log_in,False,,0.1258,0.1198,0.0,0.0799,0.0555,0.0,0.0
100000002738256100,transit,0.534,38,0.3988,"Пропуск 117%: получил 150 тыс., отдал 175 тыс.; 1→1 контрагента; в ≤2 дн ушло 100% [сквозной пропуск ≤2дн; возвратный поток]",False,2,9,1,1,150200.0,175000.0,1,1,1.1651131824234353,1.0,1,0,0,0,150200.0,0.0005073102992973039,0.0,7.983534595344914e-303,0.0,False,,,1.0,1.0,1.0,0,False,1,2.02,log_out,False,,0.0801,0.188,0.0,0.0192,0.0781,0.0,0.0333
100000001857829100,consolidator,0.591,15,0.5729,Получает от 6 плательщиков (0 seed) 889 тыс.; передаёт дальше 269%; сходятся потоки 7 seed [сквозной пропуск ≤2дн; 3 плательщ. в 1 день; возвратный поток],False,2,0,6,16,888535.0,2390993.0,9,16,2.690938454872346,2.6666666666666665,7,0,6,0,7944.305405194508,0.0006204790252521136,0.006990814050416537,0.00203775931643755,0.00195959937727883,False,,,0.8154867036415414,0.0,3.0,1,False,50,2.89,in_deg,False,,0.133,0.1249,0.0,0.0799,0.089,0.096,0.05
100000008672762100,peripheral,0.8,5,0.1148,"Вход 13 тыс. от 1, выход 0 на 0; пороги ролей не достигнуты",False,2,1,1,0,13000.0,0.0,1,0,0.0,0.0,1,0,0,0,246.2576083021387,0.0002899845792550891,0.0,7.619950610759462e-13,0.0,False,,,0.0,,1.0,0,False,0,0.97,log_in,False,,0.02,0.0586,0.0,0.0192,0.017,0.0,0.0
100000001737722100,peripheral,0.453,8,0.3158,"Вход 60 тыс. от 1, выход 0 на 0; пороги ролей не достигнуты",False,2,0,1,0,60460.0,0.0,1,0,0.0,0.0,8,0,1,0,8211.219377621344,0.0003187759337086208,0.0,2.8321519604650354e-232,0.0,False,,,0.0,,1.0,0,False,0,0.07,log_in,False,,0.0113,0.1258,0.0,0.1253,0.0534,0.0,0.0
100000005572303100,peripheral,0.414,3,0.3298,"Вход 75 тыс. от 1, выход 20 тыс. на 1; пороги ролей не достигнуты",False,2,0,1,1,75000.0,20000.0,1,1,0.26666666666666666,1.0,7,0,1,0,11959.703053492416,0.0003132762393993454,0.0,2.603644808281309e-06,3.844048916909496e-05,False,,,0.0,,1.0,0,False,0,1.66,log_out,False,,0.0104,0.1351,0.0,0.0799,0.0499,0.0545,0.0
100000008733049100,peripheral,0.8,3,0.174,"Вход 10 тыс. от 1, выход 0 на 0; пороги ролей не достигнуты",False,2,0,1,0,10000.0,0.0,1,0,0.0,0.0,7,0,1,0,285.9245325249211,0.0002887507034719393,0.0,3.5676348106616587e-05,0.0,False,,,0.0,,1.0,0,False,0,1.14,log_in,False,,0.02,0.0624,0.0,0.0799,0.0117,0.0,0.0
100000000850297100,peripheral,0.791,6,0.1718,"Вход 18 тыс. от 1, выход 18 тыс. на 1; пороги ролей не достигнуты [сквозной пропуск ≤2дн; возвратный поток]",False,2,0,1,1,17520.0,17520.0,1,1,1.0,1.0,1,0,0,0,408.47037678382566,0.0002939168313087527,9.759457708773996e-06,2.322813314613868e-05,0.0,False,,,1.0,0.0,1.0,0,False,1,1.63,log_out,False,,0.0198,0.0714,0.0,0.0192,0.028,0.0,0.0333
100000005140601100,peripheral,0.4,1,0.4189,"Вход 53 тыс. от 3, выход 195 тыс. на 2; пороги ролей не достигнуты [сквозной пропуск ≤2дн; возвратный поток]",False,2,0,3,2,52685.0,195300.0,4,5,3.706937458479643,0.6666666666666666,7,0,3,0,28022.920807084894,0.002705731454703331,0.001624459389168601,0.0016302741740933948,1.9616538287321655e-05,False,,,0.9743983614951357,2.0,2.0,2,False,2,2.04,log_out,False,,0.01,0.1578,0.0,0.0799,0.0995,0.0383,0.0333
100000004410489100,peripheral,0.476,4,0.2454,"Вход 54 тыс. от 1, выход 0 на 0; пороги ролей не достигнуты",False,2,0,1,0,54000.0,0.0,1,0,0.0,0.0,7,0,1,0,2153.607295886118,0.0003142199106141309,0.0,0.00015948067689100677,0.0,False,,,0.0,,1.0,0,False,0,0.0,log_in,False,,0.0119,0.1028,0.0,0.0799,0.0507,0.0,0.0
100000006852430100,peripheral,0.586,12,0.4089,"Вход 37 тыс. от 1, выход 0 на 0; пороги ролей не достигнуты",False,2,0,1,0,37000.0,0.0,1,0,0.0,0.0,11,0,1,0,37000.0,0.0005362020040442948,0.0,0.0,0.0,False,,,0.0,,1.0,0,False,0,0.26,log_in,False,,0.0146,0.1632,0.0,0.1488,0.0822,0.0,0.0
100000003166755100,peripheral,0.7,4,0.1798,"Вход 24 тыс. от 1, выход 0 на 0; пороги ролей не достигнуты",False,2,0,1,0,24010.0,0.0,1,0,0.0,0.0,7,0,1,0,339.7232402402321,0.0002893544107152427,0.0,0.0001421681899391104,0.0,False,,,0.0,,1.0,0,False,0,0.55,log_in,False,,0.0175,0.0676,0.0,0.0799,0.0147,0.0,0.0
100000008258083100,peripheral,0.05,14,0.4193,"Вход 3.1 млн от 2, выход 2.0 млн на 2; пороги ролей не достигнуты [сквозной пропуск ≤2дн; возвратный поток]",False,2,0,2,2,3149500.0,2045650.0,13,6,0.6495157961581204,1.0,7,0,2,0,13292.148432369302,0.0010500443938968613,1.9464493590210397e-05,4.53936897378202e-05,7.767356574373826e-05,False,,,0.7646713758463081,0.5,1.0,4,False,2,2.75,log_in,False,,0.0013,0.1383,0.0,0.0799,0.0954,0.0711,0.0333
100000003054328100,peripheral,0.285,14,0.2111,"Вход 140 тыс. от 1, выход 194 тыс. на 2; пороги ролей не достигнуты [сквозной пропуск ≤2дн]",False,2,0,1,2,140000.0,193720.0,1,2,1.3837142857142857,2.0,1,0,0,0,2039.0059184132826,0.00033590915011809754,0.0,4.0882452251176484e-08,7.925874055483496e-07,False,,,0.9638653727028701,11.0,1.0,0,False,0,2.04,log_out,False,,0.0071,0.1019,0.0,0.0192,0.0593,0.0069,0.0167
100000008473207100,terminal,0.917,15,0.5522,"Получил 202 тыс. от 1 плательщ.; исходящих нет, хотя колено 2 обходилось — деньги остались",False,2,0,1,0,202000.0,0.0,4,0,0.0,0.0,11,0,1,0,202000.0,0.0005562056073953194,0.0,1.862578378996418e-253,0.0,False,,observed,0.0,,1.0,0,False,0,0.89,log_in,False,,0.1261,0.1917,0.0,0.1488,0.0857,0.0,0.0
100000008104567100,peripheral,0.4,10,0.4101,"Вход 54 тыс. от 3, выход 40 тыс. на 3; пороги ролей не достигнуты [возвратный поток]",False,2,0,3,3,53550.0,40000.0,3,4,0.7469654528478058,1.0,7,0,2,0,7755.52932276153,0.0005380423675699459,1.2232102160137048e-06,2.832584982362511e-05,0.0020260185309577375,False,,,0.3,2.0,1.0,1,False,1,1.77,log_out,False,,0.01,0.1244,0.0,0.0799,0.0826,0.0965,0.0167
100000002721825100,peripheral,0.8,1,0.3143,"Вход 11 тыс. от 1, выход 0 на 0; пороги ролей не достигнуты",False,2,0,1,0,11000.0,0.0,1,0,0.0,0.0,7,0,1,0,11000.0,0.0005314143750831583,0.0,0.0,0.0,False,,,0.0,,1.0,0,False,0,1.08,log_in,False,,0.02,0.1338,0.0,0.0799,0.0806,0.0,0.0
100000003509750100,transit,0.726,18,0.4346,"Пропуск 95%: получил 82 тыс., отдал 78 тыс.; 3→3 контрагента; в ≤2 дн ушло 74% [сквозной пропуск ≤2дн; возвратный поток]",False,2,0,3,3,82290.0,78400.0,4,5,0.9527281565196257,1.0,1,0,0,0,32150.575140662426,0.001687048026555684,1.57847465707e-313,2.9184388860920756e-05,1.981468513870874e-06,False,,,0.7448979591836735,1.0,1.0,1,False,2,1.88,log_out,False,,0.1089,0.1605,0.0,0.0192,0.0978,0.0149,0.0333
100000007322059100,peripheral,0.6,4,0.4301,"Вход 29 тыс. от 2, выход 22 тыс. на 1; пороги ролей не достигнуты [возвратный поток]",False,2,0,2,1,29000.0,22500.0,2,2,0.7758620689655172,0.5,8,0,2,0,7232.441857021609,0.0006801571631888191,0.0,5.808926099497582e-241,4.0025663980191654e-05,False,,,0.6888888888888889,2.5,1.0,1,False,1,1.68,log_out,False,,0.015,0.1231,0.0,0.1253,0.0907,0.0593,0.0167
100000004441291100,peripheral,0.754,8,0.3963,"Вход 20 тыс. от 1, выход 0 на 0; пороги ролей не достигнуты",False,2,0,1,0,20000.0,0.0,1,0,0.0,0.0,10,0,1,0,20000.0,0.000548843069567571,0.0,0.0,0.0,False,,,0.0,,1.0,0,False,0,0.67,log_in,False,,0.0189,0.1487,0.0,0.1441,0.0846,0.0,0.0
100000006122699100,terminal,0.785,3,0.3786,"Получил 46 тыс. от 2 плательщ.; исходящих нет, хотя колено 2 обходилось — деньги остались",False,2,0,2,0,45865.0,0.0,2,0,0.0,0.0,7,0,2,0,6186.519420441435,0.0004047064849586192,0.0,7.403304069327434e-06,0.0,False,,observed,0.0,,2.0,0,False,0,0.58,in_deg,False,,0.1079,0.1197,0.0,0.0799,0.0711,0.0,0.0
100000008254069100,peripheral,0.5,10,0.4205,"Вход 10 тыс. от 1, выход 108 тыс. на 5; пороги ролей не достигнуты [возвратный поток]",False,2,0,1,5,10200.0,107500.0,2,6,10.53921568627451,5.0,8,0,1,0,10200.0,0.0003424861412375226,5.528939687208613e-05,0.0,9.351210406461278e-05,False,,,0.09302325581395349,8.0,1.0,2,False,1,1.94,log_out,False,,0.0125,0.1321,0.0,0.1253,0.0611,0.0728,0.0167
100000003336565100,peripheral,0.8,5,0.1257,"Вход 17 тыс. от 1, выход 0 на 0; пороги ролей не достигнуты",False,2,1,1,0,16550.0,0.0,1,0,0.0,0.0,1,0,0,0,313.5048782615689,0.0002911902917077186,0.0,7.619950610759462e-13,0.0,False,,,0.0,,1.0,0,False,0,0.8,log_in,False,,0.02,0.0656,0.0,0.0192,0.0209,0.0,0.0
100000002492277100,terminal,0.884,4,0.3484,"Получил 138 тыс. от 1 плательщ.; исходящих нет, хотя колено 2 обходилось — деньги остались",False,2,0,1,0,138500.0,0.0,1,0,0.0,0.0,7,0,1,0,1959.6696698572323,0.00030740347309968685,0.0,0.0001421681899391104,0.0,False,,observed,0.0,,1.0,0,False,0,0.64,log_in,False,,0.1216,0.1015,0.0,0.0799,0.0454,0.0,0.0
100000001339466100,peripheral,0.634,8,0.3085,"Вход 30 тыс. от 1, выход 0 на 0; пороги ролей не достигнуты",False,2,0,1,0,30000.0,0.0,1,0,0.0,0.0,9,0,1,0,4490.0642736647005,0.0003039018745217943,0.0,0.0001427672909306537,0.0,False,,,0.0,,1.0,0,False,0,0.4,log_in,False,,0.0158,0.1137,0.0,0.1361,0.0429,0.0,0.0
100000005022964100,peripheral,0.754,8,0.3545,"Вход 20 тыс. от 1, выход 0 на 0; пороги ролей не достигнуты",False,2,0,1,0,20000.0,0.0,1,0,0.0,0.0,10,0,1,0,11475.409836065573,0.0003273647858899897,0.0,0.0,0.0,False,,,0.0,,1.0,0,False,0,0.67,log_in,False,,0.0189,0.1347,0.0,0.1441,0.0569,0.0,0.0
100000003112436100,terminal,0.861,17,0.3898,"Получил 100 тыс. от 1 плательщ.; исходящих нет, хотя колено 2 обходилось — деньги остались",False,2,0,1,0,100000.0,0.0,1,0,0.0,0.0,7,0,1,0,21507.02017813265,0.0003021326407143058,0.0,4.0407558618990766e-06,0.0,False,,observed,0.0,,1.0,0,False,0,0.41,log_in,False,,0.1184,0.1507,0.0,0.0799,0.0408,0.0,0.0
100000000489417100,transit,0.696,4,0.4601,"Пропуск 109%: получил 74 тыс., отдал 80 тыс.; 3→1 контрагента; в ≤2 дн ушло 100% [сквозной пропуск ≤2дн]",False,2,0,3,1,73504.0,80000.0,3,1,1.0883761427949499,0.3333333333333333,7,0,3,0,23512.763119722807,0.0005517574141078733,0.001372734367740615,0.00014228959423895219,1.4045481435864877e-05,False,,,1.0,0.0,2.0,0,False,0,1.89,log_out,False,,0.1044,0.153,0.0,0.0799,0.0851,0.021,0.0167
100000002217161100,peripheral,0.102,16,0.4052,"Вход 405 тыс. от 2, выход 995 тыс. на 7; пороги ролей не достигнуты [сквозной пропуск ≤2дн; возвратный поток]",False,2,0,2,7,404750.0,995132.0,15,19,2.4586337245213095,3.5,7,0,2,0,4582.471399376112,0.0008915694561715996,7.07587887604281e-243,5.2134871339912216e-05,0.00015514898463608943,False,,,0.9497554093326313,1.0,1.0,3,False,1,2.31,log_out,False,,0.0026,0.114,0.0,0.0799,0.0943,0.0811,0.0333
100000002469065100,terminal,0.915,17,0.4258,"Получил 200 тыс. от 1 плательщ.; исходящих нет, хотя колено 2 обходилось — деньги остались",False,2,0,1,0,200000.0,0.0,1,0,0.0,0.0,7,0,1,0,43014.0403562653,0.0003186959872113208,0.0,4.0407558618990766e-06,0.0,False,,observed,0.0,,1.0,0,False,0,0.88,log_in,False,,0.1258,0.1668,0.0,0.0799,0.0532,0.0,0.0
100000007337374100,peripheral,0.754,5,0.1326,"Вход 20 тыс. от 1, выход 0 на 0; пороги ролей не достигнуты",False,2,1,1,0,20000.0,0.0,2,0,0.0,0.0,1,0,0,0,378.8578589263672,0.0002923620404292881,0.0,7.619950610759462e-13,0.0,False,,,0.0,,1.0,0,False,0,0.67,log_in,False,,0.0189,0.0704,0.0,0.0192,0.0242,0.0,0.0
100000003249054100,peripheral,0.05,4,0.332,"Вход 100 тыс. от 7, выход 15 тыс. на 1; пороги ролей не достигнуты [дробление у порога: 7 перев.]",False,2,0,7,1,99700.0,15000.0,11,1,0.15045135406218657,0.14285714285714285,7,0,7,0,2057.9247821444487,0.0004314632286065654,0.0,0.0003818540902200089,3.962937027741748e-05,False,,,0.0,4.0,2.0,7,True,0,3.46,in_deg,False,,0.0013,0.1022,0.0,0.0799,0.0731,0.0588,0.0167
100000003024542100,peripheral,0.8,8,0.3437,"Вход 8 тыс. от 1, выход 0 на 0; пороги ролей не достигнуты",False,2,0,1,0,8500.0,0.0,1,0,0.0,0.0,10,0,1,0,8500.0,0.00031794749343884253,0.0,1.23619985386e-313,0.0,False,,,0.0,,1.0,1,False,0,1.25,log_in,False,,0.02,0.1267,0.0,0.1441,0.0529,0.0,0.0
100000002718366100,consolidator,0.599,2,0.5506,Получает от 6 плательщиков (0 seed) 2.5 млн; передаёт дальше 0%; сходятся потоки 9 seed [3 плательщ. в 1 день],False,2,0,6,0,2525000.0,0.0,10,0,0.0,0.0,9,0,5,0,51634.37087612181,0.0006811994866182293,0.0,7.932282833369121e-06,0.0,False,,,0.0,,3.0,0,False,0,2.89,in_deg,False,,0.1348,0.1723,0.0,0.1361,0.0907,0.0,0.0167
100000005059998100,peripheral,0.781,4,0.2036,"Вход 18 тыс. от 1, выход 0 на 0; пороги ролей не достигнуты",False,2,0,1,0,18000.0,0.0,1,0,0.0,0.0,7,0,1,0,423.03172737955344,0.0002959172747769893,0.0,5.310185056276238e-05,0.0,False,,,0.0,,1.0,0,False,0,0.75,log_in,False,,0.0195,0.0723,0.0,0.0799,0.0319,0.0,0.0
100000004071070100,peripheral,0.561,1,0.4029,"Вход 41 тыс. от 2, выход 6 тыс. на 1; пороги ролей не достигнуты [сквозной пропуск ≤2дн; дробление у порога: 4 перев.; возвратный поток]",False,2,0,2,1,41000.0,6000.0,5,1,0.14634146341463414,0.5,7,0,2,0,36005.331871584574,0.0011875923340219298,0.003942592060002026,0.0006479966168166528,0.0,False,,,1.0,1.0,1.0,4,True,1,1.45,log_out,False,,0.014,0.1627,0.0,0.0799,0.0962,0.0,0.05
100000001584286100,terminal,0.983,14,0.4598,"Получил 739 тыс. от 2 плательщ.; исходящих нет, хотя колено 2 обходилось — деньги остались",False,2,0,2,0,738699.0,0.0,3,0,0.0,0.0,8,1,2,0,476.39890787757923,0.00032848499407064284,0.0,7.670823972629358e-07,0.0,False,,observed,0.0,,1.0,0,False,0,1.77,log_in,False,,0.1352,0.0752,0.067,0.1253,0.0571,0.0,0.0
100000008701256100,peripheral,0.461,4,0.233,"Вход 58 тыс. от 1, выход 0 на 0; пороги ролей не достигнуты",False,2,0,1,0,58250.0,0.0,1,0,0.0,0.0,7,0,1,0,1687.8391090664545,0.0003037426349007179,0.0,4.8405838633681733e-05,0.0,False,,,0.0,,1.0,0,False,0,0.05,log_in,False,,0.0115,0.0987,0.0,0.0799,0.0427,0.0,0.0
100000001490461100,peripheral,0.754,6,0.3757,"Вход 20 тыс. от 1, выход 5 тыс. на 1; пороги ролей не достигнуты",False,2,0,1,1,20000.0,5000.0,1,1,0.25,1.0,9,0,1,0,5801.392295521689,0.00032099043429899374,0.0,9.023756758629543e-290,2.19943005039667e-05,False,,,0.0,12.0,1.0,0,False,0,1.42,log_out,False,,0.0189,0.1187,0.0,0.1361,0.0548,0.0472,0.0
100000008531186100,terminal,0.878,8,0.4692,"Получил 125 тыс. от 1 плательщ.; исходящих нет, хотя колено 2 обходилось — деньги остались",False,2,0,1,0,125000.0,0.0,1,0,0.0,0.0,9,0,1,0,18708.601140269588,0.0003619550454860551,0.0,0.0001427672909306537,0.0,False,,observed,0.0,,1.0,0,False,0,0.57,log_in,False,,0.1207,0.1472,0.0,0.1361,0.0652,0.0,0.0
100000004765639100,peripheral,0.8,17,0.2974,"Вход 5 тыс. от 1, выход 11 тыс. на 2; пороги ролей не достигнуты [возвратный поток]",False,2,0,1,2,5000.0,11000.0,1,2,2.2,2.0,7,0,1,0,5000.0,0.00036185625061452016,0.0009381956880719871,1.420636304176135e-07,0.0,False,,,0.5454545454545454,0.0,1.0,1,False,2,1.61,log_in,False,,0.02,0.1158,0.0,0.0799,0.065,0.0,0.0167
100000002983879100,terminal,0.917,8,0.4713,"Получил 200 тыс. от 2 плательщ.; исходящих нет, хотя колено 2 обходилось — деньги остались",False,2,0,2,0,200050.0,0.0,2,0,0.0,0.0,9,0,2,0,17209.756551736977,0.0003580797764870863,0.0,0.003082941247244753,0.0,False,,observed,0.0,,1.0,0,False,0,0.88,log_in,False,,0.1261,0.1449,0.0,0.1361,0.0642,0.0,0.0
100000008734364100,peripheral,0.666,5,0.1413,"Вход 26 тыс. от 1, выход 0 на 0; пороги ролей не достигнуты",False,2,1,1,0,26200.0,0.0,1,0,0.0,0.0,1,0,0,0,496.303795193541,0.0002944677917550073,0.0,7.619950610759462e-13,0.0,False,,,0.0,,1.0,0,False,0,0.49,log_in,False,,0.0167,0.0762,0.0,0.0192,0.0291,0.0,0.0
100000003192220100,peripheral,0.457,3,0.3273,"Вход 60 тыс. от 1, выход 0 на 0; пороги ролей не достигнуты",False,2,0,1,0,60000.0,0.0,2,0,0.0,0.0,7,0,1,0,28948.155982823457,0.0005031715963348392,0.0,1.23619985386e-313,0.0,False,,,0.0,,1.0,0,False,0,0.07,log_in,False,,0.0114,0.1581,0.0,0.0799,0.0778,0.0,0.0
100000008060273100,peripheral,0.8,15,0.3353,"Вход 10 тыс. от 1, выход 0 на 0; пороги ролей не достигнуты",False,2,0,1,0,10000.0,0.0,2,0,0.0,0.0,11,0,1,0,10000.0,0.0002989671315033319,0.0,1.862578378996418e-253,0.0,False,,,0.0,,1.0,2,False,0,1.14,log_in,False,,0.02,0.1304,0.0,0.1488,0.0361,0.0,0.0
100000008205937100,peripheral,0.597,21,0.3503,"Вход 35 тыс. от 1, выход 0 на 0; пороги ролей не достигнуты",False,2,0,1,0,35000.0,0.0,3,0,0.0,0.0,10,0,1,0,10666.031178259842,0.00033164706434217267,0.0,4.876477610101951e-08,0.0,False,,,0.0,,1.0,1,False,0,0.3,log_in,False,,0.0149,0.1333,0.0,0.1441,0.0581,0.0,0.0
100000005507142100,peripheral,0.4,31,0.3061,"Вход 51 тыс. от 3, выход 100 тыс. на 3; пороги ролей не достигнуты [возвратный поток]",False,2,0,3,3,51000.0,100000.0,3,4,1.9607843137254901,1.0,1,0,0,0,25260.11560693641,0.000558950097758131,1.57847465707e-313,3.92137610644084e-281,4.5573775819030105e-06,False,,,0.0,8.5,1.0,0,False,2,1.93,log_out,False,,0.01,0.1553,0.0,0.0192,0.0861,0.0188,0.0167
100000005539910100,peripheral,0.337,8,0.4674,"Вход 102 тыс. от 1, выход 22 тыс. на 2; пороги ролей не достигнуты",False,2,0,1,2,102000.0,22000.0,1,2,0.21568627450980393,2.0,10,0,1,0,58524.59016393442,0.000498726301748055,0.0,0.0,4.795153803567515e-05,False,,,0.0,4.0,1.0,0,False,0,1.67,log_out,False,,0.0084,0.1749,0.0,0.1441,0.0774,0.0626,0.0
100000002459163100,peripheral,0.741,39,0.2519,"Вход 20 тыс. от 1, выход 0 на 0; пороги ролей не достигнуты",False,2,11,1,0,20180.0,0.0,1,0,0.0,0.0,1,0,0,0,20180.0,0.00036111544422251415,0.0,7.983534595344914e-303,0.0,False,,,0.0,,1.0,0,False,0,0.67,log_in,False,,0.0185,0.1492,0.0,0.0192,0.0649,0.0,0.0
100000004666651100,terminal,0.961,8,0.5122,"Получил 429 тыс. от 1 плательщ.; исходящих нет, хотя колено 2 обходилось — деньги остались",False,2,0,1,0,429250.0,0.0,1,0,0.0,0.0,10,0,1,0,34183.03151926354,0.00045753888989794294,0.0,0.0,0.0,False,,observed,0.0,,1.0,0,False,0,1.4,log_in,False,,0.1321,0.1613,0.0,0.1441,0.0747,0.0,0.0
100000003927792100,peripheral,0.8,3,0.1859,"Вход 13 тыс. от 1, выход 0 на 0; пороги ролей не достигнуты",False,2,0,1,0,13067.0,0.0,1,0,0.0,0.0,7,0,1,0,373.6175866503145,0.00028972644169034,0.0,3.5676348106616587e-05,0.0,False,,,0.0,,1.0,0,False,0,0.96,log_in,False,,0.02,0.0698,0.0,0.0799,0.0161,0.0,0.0
100000000607941100,peripheral,0.505,3,0.3874,"Вход 50 тыс. от 2, выход 70 тыс. на 1; пороги ролей не достигнуты [возвратный поток]",False,2,0,2,1,50000.0,70000.0,3,4,1.4,0.5,7,0,2,0,8327.474086192338,0.0005785720589504693,0.0,2.6248001464999758e-06,5.7660733753642434e-05,False,,,0.2857142857142857,1.0,1.0,1,False,1,1.87,log_out,False,,0.0126,0.1263,0.0,0.0799,0.0872,0.0647,0.0167
100000004158362100,peripheral,0.8,4,0.2179,"Вход 12 тыс. от 1, выход 0 на 0; пороги ролей не достигнуты",False,2,0,1,0,12000.0,0.0,1,0,0.0,0.0,7,0,1,0,1424.3253771236648,0.0002913822339326508,0.0,9.275512440433417e-05,0.0,False,,,0.0,,1.0,0,False,0,1.02,log_in,False,,0.02,0.0963,0.0,0.0799,0.0217,0.0,0.0
100000005664922100,peripheral,0.6,13,0.3072,"Вход 22 тыс. от 2, выход 537 тыс. на 3; пороги ролей не достигнуты [возвратный поток]",False,2,0,2,3,22000.0,537000.0,2,4,24.40909090909091,1.5,1,0,0,0,17726.21359223301,0.0008059658576323338,5.779914828091009e-248,0.0,3.962937027741748e-06,False,,,0.0,,1.0,1,False,1,2.21,log_out,False,,0.015,0.1459,0.0,0.0192,0.0928,0.0175,0.0167
100000007594394100,consolidator,0.568,19,0.5323,Получает от 6 плательщиков (0 seed) 395 тыс.; передаёт дальше 854%; сходятся потоки 9 seed [возвратный поток],False,2,0,6,1,395385.0,3376312.0,6,40,8.539302199122375,0.16666666666666666,9,0,6,0,9047.644116944752,0.0004055854787031871,0.0012614185857250486,0.004408816306305636,3.6199495962304385e-05,False,,,0.4527164551143378,4.0,2.0,1,False,1,2.89,in_deg,False,,0.1278,0.1278,0.0,0.1361,0.0711,0.0528,0.0167
100000000979567100,peripheral,0.8,5,0.2497,"Вход 10 тыс. от 1, выход 0 на 0; пороги ролей не достигнуты",False,2,1,1,0,10000.0,0.0,1,0,0.0,0.0,1,0,0,0,10000.0,0.0005307306769296842,0.0,0.0,0.0,False,,,0.0,,1.0,0,False,0,1.14,log_in,False,,0.02,0.1304,0.0,0.0192,0.08,0.0,0.0
100000002831727100,peripheral,0.8,19,0.2239,"Вход 6 тыс. от 1, выход 77 тыс. на 1; пороги ролей не достигнуты",False,2,0,1,1,6000.0,77000.0,1,3,12.833333333333334,1.0,7,0,1,0,492.3356643356644,0.0002907462180152881,0.0,9.023756758629543e-290,1.922024458454748e-05,False,,,0.12987012987012986,6.0,1.0,1,False,0,1.88,log_out,False,,0.02,0.0758,0.0,0.0799,0.0194,0.0287,0.0
100000003062895100,terminal,0.947,13,0.4717,"Получил 328 тыс. от 2 плательщ.; исходящих нет, хотя колено 2 обходилось — деньги остались",False,2,0,2,0,328444.0,0.0,2,0,0.0,0.0,9,0,2,0,11162.601904231842,0.000407650670955185,0.0,0.0001159524826639257,0.0,False,,observed,0.0,,1.0,0,False,0,1.22,log_in,False,,0.1302,0.1342,0.0,0.1361,0.0712,0.0,0.0
100000008376089100,terminal,0.883,14,0.3118,"Получил 135 тыс. от 1 плательщ.; исходящих нет, хотя колено 2 обходилось — деньги остались",False,2,0,1,0,135000.0,0.0,1,0,0.0,0.0,7,0,1,0,366.5819949298668,0.000302435334778072,0.0,3.8766877888989646e-07,0.0,False,,observed,0.0,,1.0,0,False,0,0.62,log_in,False,,0.1214,0.0694,0.0,0.0799,0.0411,0.0,0.0
100000003219438100,peripheral,0.614,22,0.3097,"Вход 32 тыс. от 1, выход 0 на 0; пороги ролей не достигнуты",False,2,0,1,0,32000.0,0.0,1,0,0.0,0.0,7,0,1,0,14381.86704314379,0.0004471556370431053,0.0,3.6495900757598262e-09,0.0,False,,,0.0,,1.0,0,False,0,0.36,log_in,False,,0.0154,0.1401,0.0,0.0799,0.0743,0.0,0.0
100000000967918100,peripheral,0.732,11,0.3157,"Вход 21 тыс. от 1, выход 0 на 0; пороги ролей не достигнуты",False,2,0,1,0,21200.0,0.0,3,0,0.0,0.0,7,0,1,0,14842.717627268548,0.00047927096158051775,0.0,0.0,0.0,False,,,0.0,,1.0,3,False,0,0.64,log_in,False,,0.0183,0.1412,0.0,0.0799,0.0762,0.0,0.0
100000003254723100,terminal,0.936,21,0.5391,"Получил 270 тыс. от 1 плательщ.; исходящих нет, хотя колено 2 обходилось — деньги остались",False,2,0,1,0,269850.0,0.0,6,0,0.0,0.0,10,0,1,0,133802.18320094643,0.00053004366318591,0.0,3.4611015132410435e-10,0.0,False,,observed,0.0,,1.0,2,False,0,1.09,log_in,False,,0.1287,0.1867,0.0,0.1441,0.0796,0.0,0.0
100000003823811100,peripheral,0.634,10,0.3743,"Вход 30 тыс. от 1, выход 66 тыс. на 3; пороги ролей не достигнуты",False,2,0,1,3,30000.0,66130.0,1,3,2.2043333333333335,3.0,7,0,1,0,12335.220409619073,0.0003569753080281231,1.5493915147620894e-05,1.8751204579046785e-06,0.00012452339757262028,False,,,0.0,,1.0,0,False,0,1.86,log_out,False,,0.0158,0.1364,0.0,0.0799,0.064,0.0781,0.0
100000008587459100,peripheral,0.236,4,0.2495,"Вход 182 тыс. от 2, выход 686 тыс. на 2; пороги ролей не достигнуты [возвратный поток]",False,2,0,2,2,181507.0,686500.0,2,4,3.782223275135394,1.0,7,0,2,0,809.4906812306654,0.00030075681163842634,0.0005035926695899062,0.00304794972274837,1.7724578204740182e-05,False,,,0.0,,1.0,0,False,39,2.25,log_out,False,,0.0059,0.0861,0.0,0.0799,0.0392,0.0217,0.0167
100000008603331100,peripheral,0.4,29,0.3574,"Вход 40 тыс. от 2, выход 742 тыс. на 6; пороги ролей не достигнуты [возвратный поток]",False,2,0,2,6,39500.0,741774.0,3,6,18.779088607594936,3.0,7,0,2,0,2531.137646153328,0.0003442340297094514,2.6120657375195375e-06,1.718217169701276e-06,0.0001957690891704424,False,,,0.44400855247015936,0.0,1.0,2,False,1,2.26,log_out,False,,0.01,0.1058,0.0,0.0799,0.0613,0.0836,0.0167
100000008758168100,peripheral,0.411,2,0.4565,"Вход 75 тыс. от 2, выход 1.5 млн на 5; пороги ролей не достигнуты",False,2,0,2,5,75410.0,1533600.0,2,5,20.33682535472749,2.5,9,1,2,0,8333.827669420609,0.0003183672512790776,4.488393462419689e-06,1.3331903435828466e-06,5.6020009578558015e-05,False,,,0.28729786124152323,4.0,1.0,0,False,0,2.38,log_out,False,,0.0103,0.1264,0.067,0.1361,0.0531,0.0636,0.0
100000003724440100,terminal,0.798,4,0.3307,"Получил 50 тыс. от 2 плательщ.; исходящих нет, хотя колено 2 обходилось — деньги остались",False,2,0,2,0,50000.0,0.0,2,0,0.0,0.0,7,0,2,0,1300.3392883758654,0.0003080878958078091,0.0,0.0004189407537542191,0.0,False,,observed,0.0,,1.0,0,False,0,0.58,in_deg,False,,0.1097,0.0951,0.0,0.0799,0.046,0.0,0.0
100000000291906100,transit,0.366,1,0.4448,"Пропуск 117%: получил 388 тыс., отдал 456 тыс.; 2→2 контрагента; в ≤2 дн ушло 42% [возвратный поток]",False,2,0,2,2,388000.0,455854.0,3,6,1.1748814432989692,1.0,7,0,2,0,9823.838309600555,0.0007629373053537487,0.0,0.0,7.806985944651244e-05,False,,,0.4186735226629579,3.0,1.0,1,False,1,2.18,log_out,False,,0.0549,0.1294,0.0,0.0799,0.0923,0.0716,0.0167
100000005077484100,peripheral,0.271,26,0.3015,"Вход 150 тыс. от 1, выход 14 тыс. на 2; пороги ролей не достигнуты [возвратный поток]",False,2,3,1,2,150000.0,13550.0,1,2,0.09033333333333333,2.0,1,0,0,0,52937.5,0.0005397108639201059,1.792582335421736e-266,1.23619985386e-313,3.962937027741748e-07,False,,,0.5202952029520295,5.0,1.0,0,False,1,1.59,log_out,False,,0.0068,0.1726,0.0,0.0192,0.0831,0.0031,0.0167
100000004192107100,peripheral,0.687,8,0.2884,"Вход 25 тыс. от 1, выход 0 на 0; пороги ролей не достигнуты",False,2,0,1,0,25000.0,0.0,1,0,0.0,0.0,8,0,1,0,3395.3106920366126,0.0002993001243079831,0.0,2.8321519604650354e-232,0.0,False,,,0.0,,1.0,0,False,0,0.52,log_in,False,,0.0172,0.1093,0.0,0.1253,0.0367,0.0,0.0
100000002193259100,peripheral,0.524,12,0.4492,"Вход 48 тыс. от 2, выход 58 тыс. на 3; пороги ролей не достигнуты [возвратный поток]",False,2,0,2,3,48000.0,58000.0,2,3,1.2083333333333333,1.5,8,0,2,0,10091.980568935509,0.0008908421386694424,5.5013827568402305e-05,8.085030393836755e-298,6.43977267008034e-05,False,,,0.6896551724137931,6.0,1.0,1,False,2,1.83,log_out,False,,0.0131,0.1316,0.0,0.1253,0.0942,0.0683,0.0167
100000005481280100,peripheral,0.611,3,0.2769,"Вход 33 тыс. от 1, выход 50 тыс. на 3; пороги ролей не достигнуты",False,2,0,1,3,32700.0,50000.0,1,3,1.529051987767584,3.0,7,0,1,0,934.9732213564921,0.0002959725024799912,7.694746733690466e-298,3.5676348106616587e-05,4.3660134496595575e-05,False,,,0.34,1.0,1.0,0,False,0,1.81,log_out,False,,0.0153,0.0881,0.0,0.0799,0.0319,0.0616,0.0
100000004527381100,peripheral,0.311,3,0.4282,"Вход 119 тыс. от 1, выход 274 тыс. на 1; пороги ролей не достигнуты [сквозной пропуск ≤2дн; возвратный поток]",False,2,0,1,1,119333.17,273866.11,1,1,2.2949705433954364,1.0,7,0,1,0,22455.21461144244,0.0003754989642558976,3.2941860382226563e-06,9.023756758629543e-290,0.0003213941929498557,False,,,1.0,0.0,1.0,0,False,3,2.09,log_out,False,,0.0078,0.1519,0.0,0.0799,0.0673,0.088,0.0333
100000001578517100,peripheral,0.634,17,0.2357,"Вход 30 тыс. от 1, выход 0 на 0; пороги ролей не достигнуты",False,2,0,1,0,30000.0,0.0,1,0,0.0,0.0,7,0,1,0,6452.106053439795,0.00029053829816639534,0.0,4.0407558618990766e-06,0.0,False,,,0.0,,1.0,0,False,0,0.4,log_in,False,,0.0158,0.1211,0.0,0.0799,0.0188,0.0,0.0
100000003741418100,peripheral,0.05,4,0.3853,"Вход 152 тыс. от 9, выход 40 тыс. на 3; пороги ролей не достигнуты [дробление у порога: 9 перев.; возвратный поток; аномалия для колена]",False,2,0,9,3,151900.0,39920.0,13,3,0.2628044766293614,0.3333333333333333,7,0,9,0,1958.0610698432492,0.0006325013799441044,0.004998687493075439,0.0003401117307589929,5.2754855808308135e-05,False,,,0.0,,2.0,9,True,1,4.62,in_deg,True,,0.0013,0.1014,0.0,0.0799,0.0895,0.0633,0.05
100000008737514100,peripheral,0.389,3,0.2439,"Вход 85 тыс. от 1, выход 0 на 0; пороги ролей не достигнуты",False,2,0,1,0,85000.0,0.0,1,0,0.0,0.0,7,0,1,0,2430.3585264618296,0.0003126112728818023,0.0,3.5676348106616587e-05,0.0,False,,,0.0,,1.0,0,False,0,0.3,log_in,False,,0.0097,0.105,0.0,0.0799,0.0492,0.0,0.0
100000002870463100,peripheral,0.204,18,0.4143,"Вход 207 тыс. от 3, выход 10 тыс. на 1; пороги ролей не достигнуты [сквозной пропуск ≤2дн; возвратный поток]",False,2,0,3,1,207000.0,10000.0,4,1,0.04830917874396135,0.3333333333333333,7,0,2,0,34156.11484650289,0.0019299755548282868,0.0,3.173137669684345e-05,1.9418391435934565e-05,False,,,1.0,0.0,1.0,0,False,1,1.54,log_out,False,,0.0051,0.1612,0.0,0.0799,0.0985,0.0361,0.0333
100000008545727100,peripheral,0.4,6,0.4291,"Вход 30 тыс. от 1, выход 1.9 млн на 6; пороги ролей не достигнуты [возвратный поток]",False,2,0,1,6,30000.0,1866500.0,1,7,62.21666666666667,6.0,9,0,1,0,8702.088443282533,0.00033870100433984517,3.0530858010197813e-06,9.023756758629543e-290,0.00013420203177516877,False,,,0.6375569247254219,9.0,1.0,0,False,1,2.41,log_out,False,,0.01,0.1272,0.0,0.1361,0.0601,0.079,0.0167
100000000425407100,peripheral,0.754,8,0.2606,"Вход 20 тыс. от 1, выход 0 на 0; пороги ролей не достигнуты",False,2,0,1,0,20000.0,0.0,1,0,0.0,0.0,7,0,1,0,5608.73898045228,0.00030509459327138135,0.0,7.073756261125728e-05,0.0,False,,,0.0,,1.0,0,False,0,0.67,log_in,False,,0.0189,0.1182,0.0,0.0799,0.0435,0.0,0.0
100000001418900100,peripheral,0.564,5,0.1549,"Вход 40 тыс. от 1, выход 0 на 0; пороги ролей не достигнуты",False,2,1,1,0,40140.0,0.0,2,0,0.0,0.0,1,0,0,0,760.367722865219,0.00029920233586476936,0.0,7.619950610759462e-13,0.0,False,,,0.0,,1.0,0,False,0,0.2,log_in,False,,0.0141,0.085,0.0,0.0192,0.0365,0.0,0.0
100000001677929100,peripheral,0.304,6,0.3394,"Вход 127 тыс. от 3, выход 286 тыс. на 2; пороги ролей не достигнуты [возвратный поток]",False,2,0,3,2,126777.0,286098.0,3,4,2.2567027142147236,0.6666666666666666,1,0,0,0,125596.27735600113,0.003334091954588855,0.0,1.9273957495756453e-302,1.1888811083225246e-06,False,,,0.27052967864158434,0.0,1.0,1,False,2,2.1,log_out,False,,0.0076,0.1861,0.0,0.0192,0.1,0.0098,0.0167
100000002539625100,peripheral,0.364,13,0.3258,"Вход 95 тыс. от 1, выход 0 на 0; пороги ролей не достигнуты",False,2,0,1,0,94700.0,0.0,1,0,0.0,0.0,9,0,1,0,5917.205002439027,0.0003450202078597562,0.0,2.2952505568848687e-06,0.0,False,,,0.0,,1.0,0,False,0,0.38,log_in,False,,0.0091,0.119,0.0,0.1361,0.0615,0.0,0.0
100000001965374100,peripheral,0.05,13,0.3351,"Вход 1.8 млн от 2, выход 3.1 млн на 3; пороги ролей не достигнуты [возвратный поток]",False,2,0,2,3,1759720.0,3082100.0,8,5,1.7514718250630783,1.5,1,0,0,0,151813.0483171175,0.001281655626060873,1.57847465707e-313,2.0634130748036925e-248,1.5851748110966993e-06,False,,,0.2615100094091691,3.5,2.0,0,False,1,2.5,log_out,False,,0.0013,0.1883,0.0,0.0192,0.0967,0.0129,0.0167
100000001287955100,peripheral,0.6,14,0.2422,"Вход 18 тыс. от 1, выход 310 тыс. на 4; пороги ролей не достигнуты [сквозной пропуск ≤2дн]",False,2,0,1,4,17520.0,310000.0,1,5,17.69406392694064,4.0,1,0,0,0,408.47037678382566,0.0002939168313087527,2.20658995465624e-05,2.322813314613868e-05,0.0006803041897623334,False,,,0.7409677419354839,4.0,1.0,0,False,0,2.11,log_out,False,,0.015,0.0714,0.0,0.0192,0.028,0.0918,0.0167
100000005402643100,peripheral,0.302,2,0.2048,"Вход 128 тыс. от 1, выход 90 тыс. на 1; пороги ролей не достигнуты",False,2,0,1,1,127800.0,90000.0,1,1,0.704225352112676,1.0,1,0,0,0,14577.940075705877,0.0002975952292869964,0.0,5.01279615617639e-07,3.962937027741748e-07,False,,,0.0,,1.0,0,False,0,1.91,log_out,False,,0.0076,0.1405,0.0,0.0192,0.0345,0.0031,0.0
100000008752616100,peripheral,0.3,2,0.479,"Вход 65 тыс. от 2, выход 1.3 млн на 7; пороги ролей не достигнуты [сквозной пропуск ≤2дн]",False,2,0,2,7,64510.0,1265000.0,2,7,19.6093628894745,3.5,9,1,2,0,6940.122061103517,0.00031306069757078167,4.859721049865237e-06,1.347324157512177e-06,0.00013875981919617183,False,,,1.0,1.0,1.0,0,False,0,2.35,log_out,False,,0.0075,0.122,0.067,0.1361,0.0497,0.08,0.0167
100000000733373100,peripheral,0.8,3,0.2644,"Вход 11 тыс. от 1, выход 0 на 0; пороги ролей не достигнуты",False,2,0,1,0,10710.0,0.0,1,0,0.0,0.0,7,0,1,0,6362.009746270146,0.00030578139777600477,0.0,1.7907846980216076e-06,0.0,False,,,0.0,,1.0,0,False,0,1.1,log_in,False,,0.02,0.1204,0.0,0.0799,0.044,0.0,0.0
100000008531133100,peripheral,0.687,3,0.3818,"Вход 25 тыс. от 1, выход 158 тыс. на 3; пороги ролей не достигнуты",False,2,0,1,3,25000.0,158271.68,1,3,6.3308672,3.0,7,0,1,0,25000.0,0.0005327484529006037,0.0009051216397998081,0.0,2.334830398844513e-05,False,,,0.20074140869674223,0.0,1.0,0,False,0,2.0,log_out,False,,0.0172,0.1548,0.0,0.0799,0.0811,0.0487,0.0
100000005933757100,distributor,0.948,10,0.6222,Рассылает на 34 получателей 3.0 млн (веер 8:1); плательщиков 4 [возвратный поток; аномалия для колена],False,2,0,4,34,1246000.0,3002628.0,6,46,2.409813804173355,8.5,7,0,4,0,8074.688489214004,0.000997985572013045,0.0013100381793462932,3.5038568623570007e-06,0.0038927878243158673,False,,,0.6113238136725562,2.0,2.0,0,False,3,3.5,out_deg,True,,0.1896,0.1253,0.0,0.0799,0.0952,0.0988,0.0333
100000006490557100,peripheral,0.8,6,0.116,"Вход 5 тыс. от 1, выход 0 на 0; пороги ролей не достигнуты",False,2,0,1,0,5000.0,0.0,1,0,0.0,0.0,1,0,0,0,464.5638964204689,0.0002861622896167226,0.0,1.23619985386e-313,0.0,False,,,0.0,,1.0,1,False,0,1.61,log_in,False,,0.02,0.0743,0.0,0.0192,0.0024,0.0,0.0
100000008497298100,terminal,0.979,2,0.3915,"Получил 600 тыс. от 1 плательщ.; исходящих нет, хотя колено 2 обходилось — деньги остались",False,2,0,1,0,600000.0,0.0,1,0,0.0,0.0,1,0,0,0,68441.03321927642,0.00034202908327694116,0.0,5.01279615617639e-07,0.0,False,,observed,0.0,,1.0,0,False,0,1.63,log_in,False,,0.1346,0.1767,0.0,0.0192,0.061,0.0,0.0
100000005168487100,peripheral,0.8,12,0.4015,"Вход 15 тыс. от 1, выход 104 тыс. на 1; пороги ролей не достигнуты [возвратный поток]",False,2,0,1,1,15000.0,103510.0,1,14,6.900666666666667,1.0,8,0,1,0,15000.0,0.00181254731435578,5.268453548231194e-05,0.0,0.0,False,,,0.17399285093227707,6.0,1.0,0,False,1,1.93,log_out,False,,0.02,0.1415,0.0,0.1253,0.0981,0.0,0.0167
100000005799271100,peripheral,0.544,12,0.3892,"Вход 45 тыс. от 1, выход 0 на 0; пороги ролей не достигнуты",False,2,0,1,0,45000.0,0.0,2,0,0.0,0.0,8,0,1,0,45000.0,0.0005366730310712545,0.0,0.0,0.0,False,,,0.0,,1.0,0,False,0,0.13,log_in,False,,0.0136,0.168,0.0,0.1253,0.0823,0.0,0.0
100000000912487100,peripheral,0.8,8,0.275,"Вход 10 тыс. от 1, выход 0 на 0; пороги ролей не достигнуты",False,2,0,1,0,10000.0,0.0,1,0,0.0,0.0,9,0,1,0,1496.6880912215668,0.00029168015431879206,0.0,0.0001427672909306537,0.0,False,,,0.0,,1.0,0,False,0,1.14,log_in,False,,0.02,0.0966,0.0,0.1361,0.0224,0.0,0.0
100000007982908100,peripheral,0.62,5,0.1457,"Вход 31 тыс. от 1, выход 0 на 0; пороги ролей не достигнуты",False,2,1,1,0,31080.0,0.0,1,0,0.0,0.0,1,0,0,0,588.7451127715747,0.0002961252218307346,0.0,7.619950610759462e-13,0.0,False,,,0.0,,1.0,0,False,0,0.38,log_in,False,,0.0155,0.0788,0.0,0.0192,0.0322,0.0,0.0
100000005413948100,peripheral,0.6,13,0.4338,"Вход 28 тыс. от 2, выход 5 тыс. на 1; пороги ролей не достигнуты [возвратный поток]",False,2,0,2,1,28215.0,5000.0,2,1,0.177210703526493,0.5,9,0,2,0,6450.558755349757,0.0018520392070328206,0.0,2.3136018867193716e-06,2.1796153652579615e-05,False,,,0.0,10.0,1.0,1,False,1,1.42,log_out,False,,0.015,0.1209,0.0,0.1361,0.0983,0.0467,0.0167
100000000724540100,peripheral,0.505,2,0.3462,"Вход 50 тыс. от 1, выход 100 тыс. на 1; пороги ролей не достигнуты",False,2,0,1,1,50000.0,100000.0,1,1,2.0,1.0,8,0,1,0,6363.734966628298,0.00030963471226613077,0.0,5.704237108788349e-08,1.981468513870874e-05,False,,,0.0,,1.0,0,False,0,1.93,log_out,False,,0.0126,0.1206,0.0,0.1253,0.047,0.0407,0.0
100000005730108100,peripheral,0.8,11,0.2825,"Вход 8 тыс. от 1, выход 0 на 0; пороги ролей не достигнуты",False,2,0,1,0,8000.0,0.0,1,0,0.0,0.0,7,0,1,0,5601.02551972398,0.0003586642630336029,0.0,0.0,0.0,False,,,0.0,,1.0,1,False,0,1.29,log_in,False,,0.02,0.1181,0.0,0.0799,0.0644,0.0,0.0
100000002566204100,peripheral,0.399,6,0.1855,"Вход 81 тыс. от 1, выход 0 на 0; пороги ролей не достигнуты",False,2,0,1,0,80805.0,0.0,1,0,0.0,0.0,1,0,0,0,1883.929725800059,0.00032406945030607917,0.0,2.322813314613868e-05,0.0,False,,,0.0,,1.0,0,False,0,0.27,log_in,False,,0.01,0.1005,0.0,0.0192,0.0559,0.0,0.0
100000000625169100,peripheral,0.8,5,0.1046,"Вход 10 тыс. от 1, выход 0 на 0; пороги ролей не достигнуты",False,2,1,1,0,10000.0,0.0,1,0,0.0,0.0,1,0,0,0,189.4289294631836,0.00028896566732328953,0.0,7.619950610759462e-13,0.0,False,,,0.0,,1.0,0,False,0,1.14,log_in,False,,0.02,0.0524,0.0,0.0192,0.013,0.0,0.0
100000001114385100,peripheral,0.644,4,0.1856,"Вход 30 тыс. от 1, выход 0 на 0; пороги ролей не достигнуты",False,2,0,1,0,29500.0,0.0,1,0,0.0,0.0,7,0,1,0,417.4025650598437,0.00029021989549549073,0.0,0.0001421681899391104,0.0,False,,,0.0,,1.0,0,False,0,0.41,log_in,False,,0.0161,0.0718,0.0,0.0799,0.0177,0.0,0.0
100000002964966100,terminal,0.915,8,0.4788,"Получил 200 тыс. от 1 плательщ.; исходящих нет, хотя колено 2 обходилось — деньги остались",False,2,0,1,0,200000.0,0.0,1,0,0.0,0.0,8,0,1,0,27162.4855362929,0.00039541593494282827,0.0,2.8321519604650354e-232,0.0,False,,observed,0.0,,1.0,0,False,0,0.88,log_in,False,,0.1258,0.1577,0.0,0.1253,0.0701,0.0,0.0
100000008771814100,peripheral,0.707,5,0.1376,"Вход 24 тыс. от 1, выход 0 на 0; пороги ролей не достигнуты",False,2,1,1,0,23700.0,0.0,1,0,0.0,0.0,1,0,0,0,448.94656282774514,0.0002936186984785076,0.0,7.619950610759462e-13,0.0,False,,,0.0,,1.0,0,False,0,0.56,log_in,False,,0.0177,0.0734,0.0,0.0192,0.0273,0.0,0.0
100000001241318100,peripheral,0.482,1,0.3119,"Вход 53 тыс. от 1, выход 0 на 0; пороги ролей не достигнуты",False,2,0,1,0,53000.0,0.0,1,0,0.0,0.0,7,0,1,0,14095.0,0.0005308383624756592,0.0,0.0,0.0,False,,,0.0,,1.0,0,False,0,0.01,log_in,False,,0.012,0.1398,0.0,0.0799,0.0802,0.0,0.0
100000001250022100,peripheral,0.505,18,0.1977,"Вход 50 тыс. от 1, выход 0 на 0; пороги ролей не достигнуты",False,2,0,1,0,50000.0,0.0,1,0,0.0,0.0,1,0,0,0,12000.320008533561,0.0002950458326603053,0.0,2.8721411760945644e-05,0.0,False,,,0.0,,1.0,0,False,0,0.05,log_in,False,,0.0126,0.1356,0.0,0.0192,0.0302,0.0,0.0
100000006534886100,peripheral,0.421,3,0.3809,"Вход 72 тыс. от 1, выход 168 тыс. на 1; пороги ролей не достигнуты [возвратный поток]",False,2,0,1,1,71700.0,167500.0,5,8,2.336122733612273,1.0,7,0,1,0,71700.0,0.0011276985721232183,0.0001266670775836496,9.98682327419693e-08,0.0,False,,,0.4835820895522388,2.0,1.0,2,False,1,2.01,log_out,False,,0.0105,0.1779,0.0,0.0799,0.0959,0.0,0.0167
100000008655035100,peripheral,0.634,6,0.2976,"Вход 30 тыс. от 1, выход 0 на 0; пороги ролей не достигнуты",False,2,0,1,0,30000.0,0.0,1,0,0.0,0.0,2,0,1,0,30000.0,0.0005401427143175893,0.0,0.0,0.0,False,,,0.0,,1.0,0,False,0,0.4,log_in,False,,0.0158,0.1587,0.0,0.0397,0.0833,0.0,0.0
100000005932987100,peripheral,0.687,22,0.3031,"Вход 25 тыс. от 1, выход 0 на 0; пороги ролей не достигнуты",False,2,0,1,0,25000.0,0.0,3,0,0.0,0.0,7,0,1,0,11235.833627456084,0.00041180862454995846,0.0,3.6495900757598262e-09,0.0,False,,,0.0,,1.0,1,False,0,0.52,log_in,False,,0.0172,0.1344,0.0,0.0799,0.0716,0.0,0.0
100000008636603100,peripheral,0.4,3,0.4026,"Вход 35 тыс. от 2, выход 159 тыс. на 6; пороги ролей не достигнуты [возвратный поток]",False,2,0,2,6,35460.0,159375.0,2,7,4.494500846023689,3.0,7,0,2,0,12774.21736073713,0.0003387006850594576,0.0002698626904667712,0.0006554121443288197,0.0034745654916701176,False,,,0.36941176470588233,2.0,1.0,0,False,4,2.0,log_out,False,,0.01,0.1373,0.0,0.0799,0.0601,0.0987,0.0167
100000008710843100,distributor,0.6,2,0.4564,Рассылает на 13 получателей 2.0 млн (веер 6:1); плательщиков 2 [возвратный поток],False,2,0,2,13,33944.0,1985500.0,3,14,58.49340089559274,6.5,8,0,2,0,472.1917064574292,0.00029287559446499275,6.923621637675703e-05,4.96819866061767e-05,0.0012357500791213899,False,,,0.007554772097708386,6.5,1.0,1,False,4,2.42,log_out,False,,0.12,0.0745,0.0,0.1253,0.0253,0.0947,0.0167
100000000917179100,peripheral,0.366,10,0.2707,"Вход 94 тыс. от 1, выход 0 на 0; пороги ролей не достигнуты",False,2,0,1,0,94465.0,0.0,2,0,0.0,0.0,7,0,1,0,3309.996643633111,0.00042586253334482907,0.0,5.121878899849357e-10,0.0,False,,,0.0,,1.0,0,False,0,0.38,log_in,False,,0.0092,0.1092,0.0,0.0799,0.0725,0.0,0.0
100000004209339100,peripheral,0.289,12,0.4457,"Вход 138 тыс. от 1, выход 238 тыс. на 2; пороги ролей не достигнуты [возвратный поток]",False,2,0,1,2,138500.0,238500.0,6,11,1.7220216606498195,2.0,8,0,1,0,30092.999240501256,0.0008195334277812209,5.3540688490185076e-05,1.6242871664535988e-281,2.1003566247031264e-05,False,,,0.2830188679245283,1.0,1.0,3,False,1,2.07,log_out,False,,0.0072,0.159,0.0,0.1253,0.0931,0.0444,0.0167
100000008765627100,peripheral,0.457,18,0.2043,"Вход 60 тыс. от 1, выход 0 на 0; пороги ролей не достигнуты",False,2,0,1,0,60000.0,0.0,1,0,0.0,0.0,1,0,0,0,14400.384010240272,0.00029694114034890817,0.0,2.8721411760945644e-05,0.0,False,,,0.0,,1.0,0,False,0,0.07,log_in,False,,0.0114,0.1402,0.0,0.0192,0.0335,0.0,0.0
100000002443664100,terminal,0.976,2,0.4745,"Получил 557 тыс. от 3 плательщ.; исходящих нет, хотя колено 2 обходилось — деньги остались [3 плательщ. в 1 день]",False,2,0,3,0,556880.0,0.0,3,0,0.0,0.0,9,0,2,0,8870.018483530606,0.0003387703864093913,0.0,1.0691092812067203e-06,0.0,False,,observed,0.0,,3.0,0,False,0,1.58,log_in,False,,0.1342,0.1273,0.0,0.1361,0.0602,0.0,0.0167
100000008144528100,consolidator,0.543,3,0.4649,Получает от 5 плательщиков (0 seed) 1.1 млн; передаёт дальше 0%; сходятся потоки 7 seed,False,2,0,5,0,1068202.6,0.0,13,0,0.0,0.0,7,0,5,0,43852.20783650014,0.001055538276590802,0.0,5.4377749993952505e-06,0.0,False,,,0.0,,2.0,3,False,0,2.31,in_deg,False,,0.1222,0.1674,0.0,0.0799,0.0954,0.0,0.0
100000003988112100,peripheral,0.371,10,0.3476,"Вход 92 тыс. от 1, выход 64 тыс. на 1; пороги ролей не достигнуты [возвратный поток]",False,2,0,1,1,92000.0,64000.0,2,5,0.6956521739130435,1.0,7,0,1,0,37828.009256165155,0.0005045477365705099,0.0009433664921267842,1.8751204579046785e-06,0.0,False,,,0.6875,0.5,1.0,0,False,1,1.85,log_out,False,,0.0093,0.1638,0.0,0.0799,0.0779,0.0,0.0167
100000008008463100,peripheral,0.476,18,0.2007,"Вход 54 тыс. от 1, выход 0 на 0; пороги ролей не достигнуты",False,2,0,1,0,54180.0,0.0,1,0,0.0,0.0,1,0,0,0,13003.546761246966,0.0002958380712741413,0.0,2.8721411760945644e-05,0.0,False,,,0.0,,1.0,0,False,0,0.0,log_in,False,,0.0119,0.1378,0.0,0.0192,0.0318,0.0,0.0
100000006679055100,peripheral,0.687,8,0.3032,"Вход 25 тыс. от 1, выход 0 на 0; пороги ролей не достигнуты",False,2,0,1,0,25000.0,0.0,1,0,0.0,0.0,9,0,1,0,3741.7202280539173,0.0003008464444710437,0.0,0.0001427672909306537,0.0,False,,,0.0,,1.0,0,False,0,0.52,log_in,False,,0.0172,0.1106,0.0,0.1361,0.0393,0.0,0.0
100000007382543100,peripheral,0.198,22,0.4151,"Вход 218 тыс. от 3, выход 427 тыс. на 5; пороги ролей не достигнуты [возвратный поток]",False,2,0,3,5,218000.0,427000.0,3,8,1.9587155963302751,1.6666666666666667,7,0,3,0,10253.37898951335,0.0011904909010560457,6.211515022315557e-271,3.709399580701474e-09,0.0002444770806890915,False,,,0.234192037470726,3.0,1.0,1,False,2,2.17,log_out,False,,0.005,0.1323,0.0,0.0799,0.0963,0.085,0.0167
100000007749092100,peripheral,0.8,3,0.3387,"Вход 8 тыс. от 1, выход 70 тыс. на 1; пороги ролей не достигнуты [возвратный поток]",False,2,0,1,1,7650.0,70375.0,1,5,9.199346405228757,1.0,7,0,1,0,7650.0,0.0018044164784854861,0.0001266670775836496,0.0,0.0,False,,,0.0,,1.0,1,False,1,1.87,log_out,False,,0.02,0.1241,0.0,0.0799,0.098,0.0,0.0167
100000004221668100,peripheral,0.05,18,0.3686,"Вход 1.1 млн от 4, выход 731 тыс. на 3; пороги ролей не достигнуты [сквозной пропуск ≤2дн; возвратный поток]",False,2,0,4,3,1128300.0,731440.0,8,10,0.6482673047948241,0.75,1,0,0,0,371662.43773223436,0.0030901749053247364,7.694746733690466e-298,2.9664715906839753e-05,4.5573775819030105e-06,False,,,0.9841408727988625,1.5,1.0,2,False,3,2.26,log_out,False,,0.0013,0.1962,0.0,0.0192,0.0998,0.0188,0.0333
100000008174521100,peripheral,0.396,3,0.3346,"Вход 82 тыс. от 1, выход 0 на 0; пороги ролей не достигнуты",False,2,0,1,0,82110.0,0.0,1,0,0.0,0.0,7,0,1,0,48775.40805473779,0.00044052875483409733,0.0,1.7907846980216076e-06,0.0,False,,,0.0,,1.0,0,False,0,0.28,log_in,False,,0.0099,0.1707,0.0,0.0799,0.0741,0.0,0.0
100000002692750100,peripheral,0.32,18,0.4103,"Вход 113 тыс. от 3, выход 77 тыс. на 1; пороги ролей не достигнуты [возвратный поток]",False,2,0,3,1,112830.0,77000.0,3,8,0.682442612780289,0.3333333333333333,7,0,2,0,42279.79412784341,0.0020142415855483,0.0,2.9188181002026514e-05,1.981468513870874e-05,False,,,0.15584415584415584,5.0,1.0,0,False,1,1.88,log_out,False,,0.008,0.1662,0.0,0.0799,0.0987,0.0407,0.0167
100000002173070100,peripheral,0.634,17,0.2357,"Вход 30 тыс. от 1, выход 0 на 0; пороги ролей не достигнуты",False,2,0,1,0,30000.0,0.0,1,0,0.0,0.0,7,0,1,0,6452.106053439795,0.00029053829816639534,0.0,4.0407558618990766e-06,0.0,False,,,0.0,,1.0,0,False,0,0.4,log_in,False,,0.0158,0.1211,0.0,0.0799,0.0188,0.0,0.0
100000005911352100,peripheral,0.6,32,0.388,"Вход 15 тыс. от 2, выход 24 тыс. на 3; пороги ролей не достигнуты [возвратный поток]",False,2,0,2,3,15000.0,24000.0,2,3,1.6,1.5,7,0,2,0,5228.163671128107,0.000551734499856716,1.57847465707e-313,1.1290422900411576e-302,9.7488250882447e-05,False,,,0.0,5.0,1.0,2,False,1,1.69,log_out,False,,0.015,0.1171,0.0,0.0799,0.085,0.0743,0.0167
100000003068941100,peripheral,0.367,11,0.3244,"Вход 94 тыс. от 3, выход 25 тыс. на 1; пороги ролей не достигнуты [сквозной пропуск ≤2дн]",False,2,0,3,1,94000.0,25000.0,3,2,0.26595744680851063,0.3333333333333333,7,0,2,0,7329.270112359326,0.000320174383735057,0.0,0.003041445331092905,1.981468513870874e-05,False,,,1.0,1.0,1.0,0,False,0,1.69,log_out,False,,0.0092,0.1235,0.0,0.0799,0.0544,0.0407,0.0167
100000001420847100,peripheral,0.754,19,0.2388,"Вход 20 тыс. от 1, выход 0 на 0; пороги ролей не достигнуты",False,2,0,1,0,20000.0,0.0,2,0,0.0,0.0,7,0,1,0,1641.1188811188813,0.00030282570687728154,0.0,9.023756758629543e-290,0.0,False,,,0.0,,1.0,0,False,0,0.67,log_in,False,,0.0189,0.0985,0.0,0.0799,0.0416,0.0,0.0
100000005602999100,peripheral,0.8,12,0.3579,"Вход 5 тыс. от 1, выход 16 тыс. на 2; пороги ролей не достигнуты [возвратный поток]",False,2,0,1,2,5000.0,16000.0,1,3,3.2,2.0,8,0,1,0,1086.3898642780237,0.0003048459777394544,5.3540688490185076e-05,1.6242871664535988e-281,4.200713249406253e-05,False,,,0.6875,2.0,1.0,1,False,1,1.62,log_out,False,,0.02,0.0918,0.0,0.1253,0.0433,0.0608,0.0167
100000000723383100,peripheral,0.8,17,0.3752,"Вход 7 тыс. от 1, выход 75 тыс. на 2; пороги ролей не достигнуты",False,2,0,1,2,6800.0,75000.0,1,2,11.029411764705882,2.0,7,0,1,0,6800.0,0.0003893195549175227,0.0,1.420636304176135e-07,0.0002389651027728274,False,,,0.0,,1.0,1,False,0,1.88,log_out,False,,0.02,0.1218,0.0,0.0799,0.0689,0.0846,0.0
100000006977207100,distributor,0.746,15,0.411,Рассылает на 15 получателей 4.2 млн (веер 15:1); плательщиков 1,False,2,0,1,15,414000.0,4157018.0,1,15,10.041106280193237,15.0,1,0,0,0,9100.275877420001,0.00034788547570970175,0.004258462505327504,6.211858071745701e-05,3.277348921942426e-05,False,,,0.0,,1.0,0,False,0,2.55,log_out,False,,0.1492,0.1281,0.0,0.0192,0.0623,0.0521,0.0
100000001273783100,peripheral,0.717,6,0.1478,"Вход 23 тыс. от 1, выход 0 на 0; пороги ролей не достигнуты",False,2,0,1,0,23200.0,0.0,1,0,0.0,0.0,1,0,0,0,540.8968459694495,0.0002966231104571262,0.0,2.322813314613868e-05,0.0,False,,,0.0,,1.0,0,False,0,0.57,log_in,False,,0.0179,0.0776,0.0,0.0192,0.0331,0.0,0.0
100000000201868100,transit,0.955,3,0.5325,"Пропуск 100%: получил 190 тыс., отдал 190 тыс.; 1→1 контрагента; в ≤2 дн ушло 100% [сквозной пропуск ≤2дн; возвратный поток]",False,2,0,1,1,190000.0,190000.0,1,1,1.0,1.0,7,0,1,0,91669.16061227428,0.0009746432509228604,0.00013207133011305922,1.23619985386e-313,0.0,False,,,1.0,1.0,1.0,0,False,1,2.03,log_out,False,,0.1432,0.181,0.0,0.0799,0.095,0.0,0.0333
100000007777377100,peripheral,0.086,17,0.4255,"Вход 456 тыс. от 1, выход 10 тыс. на 2; пороги ролей не достигнуты [сквозной пропуск ≤2дн]",False,2,0,1,2,456290.0,10000.0,7,2,0.021915886826360427,2.0,7,0,1,0,98134.38237080147,0.0003611461879485204,8.051411165410651e-255,4.0407558618990766e-06,0.00013592874005154197,False,,,1.0,0.0,1.0,0,False,0,1.54,log_out,False,,0.0022,0.1825,0.0,0.0799,0.0649,0.0793,0.0167
100000004192865100,peripheral,0.437,26,0.2645,"Вход 67 тыс. от 1, выход 0 на 0; пороги ролей не достигнуты",False,2,3,1,0,66666.0,0.0,1,0,0.0,0.0,1,0,0,0,20000.0,0.0005558092873800479,0.0,0.0,0.0,False,,,0.0,,1.0,0,False,0,0.14,log_in,False,,0.0109,0.1487,0.0,0.0192,0.0856,0.0,0.0
100000006901046100,peripheral,0.41,3,0.4023,"Вход 76 тыс. от 1, выход 6 тыс. на 1; пороги ролей не достигнуты [сквозной пропуск ≤2дн; возвратный поток]",False,2,0,1,1,75800.0,5500.0,3,1,0.07255936675461741,1.0,7,0,1,0,75800.0,0.0029998776847225033,0.0001371676154569457,0.0,0.0,False,,,1.0,1.0,1.0,0,False,1,1.44,log_out,False,,0.0102,0.179,0.0,0.0799,0.0998,0.0,0.0333
100000000437046100,coordinator,0.78,1,0.6883,"Сходятся деньги 7 seed, вход 1.1 млн; финансирует 1 распределителя(ей); собирает и рассылает одновременно [сквозной пропуск ≤2дн; 3 плательщ. в 1 день; возвратный поток; аномалия для колена]",False,2,0,9,42,1107200.0,7606224.0,20,73,6.86978323699422,4.666666666666667,7,0,9,0,54513.63070426895,0.0007924860106097876,0.06073954738630764,0.0004776194162886094,0.00219714849479704,False,,,0.8674551262229458,0.0,3.0,0,False,472,4.62,in_deg,True,финансирует 1 распределителя(ей); собирает и рассылает одновременно,0.195,0.1736,0.0,0.0799,0.0927,0.097,0.05
100000008765494100,peripheral,0.703,5,0.1382,"Вход 24 тыс. от 1, выход 0 на 0; пороги ролей не достигнуты",False,2,1,1,0,24000.0,0.0,1,0,0.0,0.0,1,0,0,0,454.6294307116406,0.0002937205896716876,0.0,7.619950610759462e-13,0.0,False,,,0.0,,1.0,0,False,0,0.55,log_in,False,,0.0176,0.0737,0.0,0.0192,0.0276,0.0,0.0
100000008713270100,peripheral,0.634,18,0.2056,"Вход 30 тыс. от 1, выход 190 тыс. на 3; пороги ролей не достигнуты [сквозной пропуск ≤2дн]",False,2,0,1,3,30000.0,190000.0,1,3,6.333333333333333,3.0,1,0,0,0,7200.192005120136,0.00029125521728309953,1.57847465707e-313,2.8721411760945644e-05,1.1888811083225246e-06,False,,,0.7894736842105263,2.0,1.0,0,False,0,2.03,log_out,False,,0.0158,0.1228,0.0,0.0192,0.0212,0.0098,0.0167
100000003603979100,terminal,0.899,23,0.3717,"Получил 165 тыс. от 1 плательщ.; исходящих нет, хотя колено 2 обходилось — деньги остались",False,2,2,1,0,165000.0,0.0,3,0,0.0,0.0,1,0,0,0,14949.886066442317,0.0005856463349534348,0.0,5.6958165875745425e-180,0.0,False,,observed,0.0,,1.0,1,False,0,0.75,log_in,False,,0.1236,0.1413,0.0,0.0192,0.0876,0.0,0.0
100000000943371100,peripheral,0.8,21,0.3225,"Вход 16 тыс. от 1, выход 0 на 0; пороги ролей не достигнуты",False,2,0,1,0,15500.0,0.0,1,0,0.0,0.0,10,0,1,0,4723.528093229358,0.00030597516384402423,0.0,4.876477610101951e-08,0.0,False,,,0.0,,1.0,0,False,0,0.85,log_in,False,,0.02,0.1142,0.0,0.1441,0.0442,0.0,0.0
100000008672480100,peripheral,0.8,5,0.1148,"Вход 13 тыс. от 1, выход 0 на 0; пороги ролей не достигнуты",False,2,1,1,0,13000.0,0.0,1,0,0.0,0.0,1,0,0,0,246.2576083021387,0.0002899845792550891,0.0,7.619950610759462e-13,0.0,False,,,0.0,,1.0,0,False,0,0.97,log_in,False,,0.02,0.0586,0.0,0.0192,0.017,0.0,0.0
100000008691168100,peripheral,0.703,5,0.1382,"Вход 24 тыс. от 1, выход 0 на 0; пороги ролей не достигнуты",False,2,1,1,0,24000.0,0.0,1,0,0.0,0.0,1,0,0,0,454.6294307116406,0.0002937205896716876,0.0,7.619950610759462e-13,0.0,False,,,0.0,,1.0,0,False,0,0.55,log_in,False,,0.0176,0.0737,0.0,0.0192,0.0276,0.0,0.0
100000003237045100,peripheral,0.127,3,0.3032,"Вход 340 тыс. от 1, выход 150 тыс. на 1; пороги ролей не достигнуты [возвратный поток]",False,2,0,1,1,340200.0,150000.0,2,1,0.4409171075837742,1.0,7,0,1,0,10992.613276654034,0.00039413443206538995,0.0001266670775836496,1.8799730754466785e-07,0.0,False,,,0.0,,1.0,0,False,1,1.99,log_out,False,,0.0032,0.1336,0.0,0.0799,0.0698,0.0,0.0167
100000008736394100,peripheral,0.8,5,0.1236,"Вход 16 тыс. от 1, выход 0 на 0; пороги ролей не достигнуты",False,2,1,1,0,16000.0,0.0,1,0,0.0,0.0,1,0,0,0,303.08628714109375,0.00029100349118688865,0.0,7.619950610759462e-13,0.0,False,,,0.0,,1.0,0,False,0,0.83,log_in,False,,0.02,0.0642,0.0,0.0192,0.0201,0.0,0.0
100000004160650100,distributor,0.499,23,0.3489,Рассылает на 10 получателей 1.5 млн (веер 5:1); плательщиков 2 [сквозной пропуск ≤2дн; возвратный поток],False,2,2,2,10,75100.0,1489827.0,4,40,19.83790945406125,5.0,1,0,0,0,3819.1360480104327,0.0003692276667102102,2.1922624762908352e-178,2.3673077947799534e-179,5.34996498745136e-06,False,,,0.8165223210480143,1.0,1.0,1,False,16,2.38,log_out,False,,0.0998,0.111,0.0,0.0192,0.0664,0.0192,0.0333
100000000629812100,terminal,0.709,17,0.3803,"Получил 22 тыс. от 2 плательщ.; исходящих нет, хотя колено 2 обходилось — деньги остались",False,2,0,2,0,22000.0,0.0,2,0,0.0,0.0,10,0,2,0,2315.180782292029,0.0002979840074392023,0.0,4.0735881271318924e-06,0.0,False,,observed,0.0,,1.0,0,False,0,0.61,log_in,False,,0.0975,0.1038,0.0,0.1441,0.0349,0.0,0.0
100000000955444100,peripheral,0.8,34,0.2112,"Вход 7 тыс. от 1, выход 0 на 0; пороги ролей не достигнуты",False,2,4,1,0,6910.0,0.0,1,0,0.0,0.0,1,0,0,0,3288.123094958968,0.0003525283441776959,0.0,1.23619985386e-313,0.0,False,,,0.0,,1.0,1,False,0,1.39,log_in,False,,0.02,0.1088,0.0,0.0192,0.0632,0.0,0.0
100000008731444100,peripheral,0.093,8,0.361,"Вход 439 тыс. от 3, выход 880 тыс. на 9; пороги ролей не достигнуты",False,2,0,3,9,439000.0,879767.8,5,9,2.0040268792710707,3.0,7,0,3,0,12991.674404546964,0.00035336188519380433,0.008642133217145713,0.0002137844118940759,0.0001241168559002798,False,,,0.6956014984863051,0.0,1.0,0,False,0,2.29,log_out,False,,0.0023,0.1375,0.0,0.0799,0.0632,0.078,0.0
100000008413748100,distributor,0.75,7,0.5239,Рассылает на 18 получателей 1.4 млн (веер 9:1); плательщиков 2 [возвратный поток],False,2,0,2,18,26480.0,1377320.22,2,21,52.01360347432024,9.0,7,0,2,0,5232.638671418843,0.00039089149206356923,0.025000180470340697,2.0462099718630714e-05,0.0006247167830790698,False,,,0.33280925767574954,1.0,2.0,0,False,85,2.36,log_out,False,,0.15,0.1172,0.0,0.0799,0.069,0.091,0.0167
100000006787636100,peripheral,0.754,3,0.292,"Вход 20 тыс. от 1, выход 0 на 0; пороги ролей не достигнуты",False,2,0,1,0,20000.0,0.0,1,0,0.0,0.0,7,0,1,0,9649.385327607819,0.0003581033949231403,0.0,1.23619985386e-313,0.0,False,,,0.0,,1.0,0,False,0,0.67,log_in,False,,0.0189,0.1289,0.0,0.0799,0.0642,0.0,0.0
100000005942793100,terminal,0.811,4,0.3476,"Получил 55 тыс. от 4 плательщ.; исходящих нет, хотя колено 2 обходилось — деньги остались",False,2,0,4,0,55000.0,0.0,4,0,0.0,0.0,7,0,4,0,1559.9148442292797,0.0003322322681540015,0.0,0.0002833514775865137,0.0,False,,observed,0.0,,2.0,1,False,0,1.73,in_deg,False,,0.1115,0.0978,0.0,0.0799,0.0583,0.0,0.0
100000008730846100,peripheral,0.05,4,0.4606,"Вход 155 тыс. от 7, выход 363 тыс. на 3; пороги ролей не достигнуты [сквозной пропуск ≤2дн; 4 плательщ. в 1 день]",False,2,0,7,3,155042.0,363370.0,11,4,2.343687516930896,0.42857142857142855,8,0,7,0,13112.375855870268,0.0005360575471708012,0.0021665664532825608,0.0002490763208134324,0.0001409126051421448,False,,,1.0,0.0,4.0,3,False,0,3.46,in_deg,False,,0.0013,0.138,0.0,0.1253,0.0822,0.0806,0.0333
100000002570206100,terminal,0.9,7,0.3593,"Получил 167 тыс. от 2 плательщ.; исходящих нет, хотя колено 2 обходилось — деньги остались",False,2,0,2,0,166959.6,0.0,2,0,0.0,0.0,7,0,1,0,2109.7344915231074,0.0003185104657273645,0.0,0.0005280203761400888,0.0,False,,observed,0.0,,1.0,0,False,0,0.76,log_in,False,,0.1238,0.1024,0.0,0.0799,0.0531,0.0,0.0
100000000785800100,peripheral,0.772,39,0.2832,"Вход 19 тыс. от 1, выход 19 тыс. на 1; пороги ролей не достигнуты [сквозной пропуск ≤2дн; возвратный поток]",False,2,11,1,1,19000.0,19000.0,1,1,1.0,1.0,1,0,0,0,19000.0,0.0003566979785631403,4.80549224039712e-303,7.983534595344914e-303,0.0,False,,,1.0,0.0,1.0,0,False,1,1.65,log_out,False,,0.0193,0.1474,0.0,0.0192,0.0639,0.0,0.0333
100000007382152100,peripheral,0.8,16,0.1597,"Вход 6 тыс. от 1, выход 0 на 0; пороги ролей не достигнуты",False,2,0,1,0,5860.0,0.0,1,0,0.0,0.0,7,0,1,0,229.13369200055507,0.0002864808806193007,0.0,5.172134115335331e-05,0.0,False,,,0.0,,1.0,1,False,0,1.51,log_in,False,,0.02,0.0563,0.0,0.0799,0.0035,0.0,0.0
100000000910216100,peripheral,0.422,4,0.3431,"Вход 71 тыс. от 1, выход 52 тыс. на 1; пороги ролей не достигнуты",False,2,0,1,1,71000.0,52010.0,3,1,0.7325352112676057,1.0,7,0,1,0,2831.5947779243406,0.00032323954910943236,1.6371250757998062e-06,0.00015948067689100677,0.0004801618458481234,False,,,0.0,6.0,1.0,1,False,0,1.82,log_out,False,,0.0106,0.1072,0.0,0.0799,0.0555,0.09,0.0
100000003131016100,peripheral,0.102,1,0.3845,"Вход 406 тыс. от 1, выход 126 тыс. на 1; пороги ролей не достигнуты [возвратный поток]",False,2,0,1,1,405700.0,126000.0,7,4,0.31057431599704216,1.0,7,0,1,0,145044.8919848017,0.0016774572234080627,0.0033463292848165,0.0,0.0,False,,,0.3253968253968254,2.0,1.0,1,False,1,1.96,log_out,False,,0.0026,0.1876,0.0,0.0799,0.0978,0.0,0.0167
100000003221384100,terminal,0.973,3,0.4287,"Получил 511 тыс. от 1 плательщ.; исходящих нет, хотя колено 2 обходилось — деньги остались",False,2,0,1,0,511200.0,0.0,1,0,0.0,0.0,7,0,1,0,14616.46210267397,0.00044820293531491734,0.0,3.5676348106616587e-05,0.0,False,,observed,0.0,,1.0,0,False,0,1.52,log_in,False,,0.1338,0.1406,0.0,0.0799,0.0744,0.0,0.0
100000002156381100,peripheral,0.452,12,0.4521,"Вход 61 тыс. от 2, выход 22 тыс. на 1; пороги ролей не достигнуты [дробление у порога: 4 перев.; возвратный поток]",False,2,0,2,1,61000.0,21800.0,7,3,0.35737704918032787,0.5,8,0,2,0,8175.197756528828,0.0010807758307164093,0.0,2.2970889399872445e-281,4.240342619683671e-05,False,,,0.22935779816513763,1.0,2.0,4,True,1,1.67,log_out,False,,0.0113,0.1257,0.0,0.1253,0.0956,0.0609,0.0333
100000002779485100,peripheral,0.373,8,0.3504,"Вход 91 тыс. от 1, выход 0 на 0; пороги ролей не достигнуты",False,2,0,1,0,91000.0,0.0,2,0,0.0,0.0,7,0,1,0,69165.84868260882,0.0005469132844919467,0.0,0.0,0.0,False,,,0.0,,1.0,0,False,0,0.35,log_in,False,,0.0093,0.177,0.0,0.0799,0.0841,0.0,0.0
100000008774237100,peripheral,0.505,23,0.1819,"Вход 50 тыс. от 1, выход 10 тыс. на 1; пороги ролей не достигнуты [сквозной пропуск ≤2дн]",False,2,2,1,1,50000.0,10000.0,1,1,0.2,1.0,1,0,0,0,798.6094468908793,0.0003103490467286019,3.1491458836733326e-179,1.797726136022499e-179,0.0,False,,,1.0,1.0,1.0,0,False,0,1.54,log_out,False,,0.0126,0.0859,0.0,0.0192,0.0475,0.0,0.0167
100000002628146100,peripheral,0.624,4,0.3087,"Вход 30 тыс. от 1, выход 0 на 0; пороги ролей не достигнуты",False,2,0,1,0,30500.0,0.0,2,0,0.0,0.0,8,0,1,0,4595.760831640805,0.0003192156684704561,0.0,4.870880269675223e-241,0.0,False,,,0.0,,1.0,0,False,0,0.39,log_in,False,,0.0156,0.1141,0.0,0.1253,0.0536,0.0,0.0
100000002852402100,peripheral,0.471,3,0.281,"Вход 55 тыс. от 1, выход 0 на 0; пороги ролей не достигнуты",False,2,0,1,0,55000.0,0.0,1,0,0.0,0.0,7,0,1,0,10349.484586970531,0.00032701738322827895,0.0,9.023756758629543e-290,0.0,False,,,0.0,,1.0,0,False,0,0.01,log_in,False,,0.0118,0.1326,0.0,0.0799,0.0566,0.0,0.0
100000006989106100,peripheral,0.446,6,0.2834,"Вход 64 тыс. от 1, выход 0 на 0; пороги ролей не достигнуты",False,2,0,1,0,64000.0,0.0,2,0,0.0,0.0,1,0,0,0,64000.0,0.0004956408524122075,0.0,0.0,0.0,False,,,0.0,,1.0,0,False,0,0.11,log_in,False,,0.0112,0.1756,0.0,0.0192,0.0774,0.0,0.0
100000002958343100,peripheral,0.05,6,0.3234,"Вход 2.9 млн от 1, выход 1.4 млн на 2; пороги ролей не достигнуты [возвратный поток]",False,2,0,1,2,2900000.0,1390000.0,4,17,0.4793103448275862,2.0,1,0,0,0,269447.05992387194,0.0006295066258876751,1.8776030241214768e-06,1.23619985386e-313,3.962937027741748e-07,False,,,0.1079136690647482,9.0,1.0,0,False,1,2.69,log_in,False,,0.0013,0.1937,0.0,0.0192,0.0894,0.0031,0.0167
100000008461532100,peripheral,0.06,25,0.4199,"Вход 565 тыс. от 2, выход 2.5 млн на 8; пороги ролей не достигнуты [сквозной пропуск ≤2дн; возвратный поток]",False,2,0,2,8,565300.0,2530090.0,2,9,4.475658942154608,4.0,7,0,2,0,8567.437606308244,0.0007452506208527072,9.64348945274253e-232,5.004816848782727e-06,0.00027126303954892267,False,,,0.9954033255733986,0.0,1.0,1,False,1,2.47,log_out,False,,0.0015,0.127,0.0,0.0799,0.0921,0.086,0.0333
100000004400305100,consolidator,0.592,11,0.5466,Получает от 7 плательщиков (0 seed) 223 тыс.; передаёт дальше 2617%; сходятся потоки 7 seed [сквозной пропуск ≤2дн; возвратный поток; аномалия для колена],False,2,0,7,82,222800.0,5830181.0,9,101,26.167778276481148,11.714285714285714,7,0,6,0,5111.718276929495,0.0003858174534932507,0.15592355178995704,0.0003913618845947856,0.002609149922720263,False,,,0.7857224329742079,1.0,2.0,2,False,545,8.45,out_deg,True,,0.1332,0.1169,0.0,0.0799,0.0684,0.0982,0.05
100000000297649100,peripheral,0.569,12,0.4043,"Вход 40 тыс. от 1, выход 71 тыс. на 1; пороги ролей не достигнуты [возвратный поток]",False,2,0,1,1,40000.0,70600.0,1,2,1.765,1.0,8,0,1,0,25171.58042651911,0.0008091385858414708,5.4141095832694945e-05,4.9968235834670635e-298,0.0,False,,,0.0,8.0,1.0,0,False,1,1.87,log_out,False,,0.0142,0.1552,0.0,0.1253,0.093,0.0,0.0167
100000003191430100,terminal,0.905,3,0.4376,"Получил 180 тыс. от 1 плательщ.; исходящих нет, хотя колено 2 обходилось — деньги остались",False,2,0,1,0,180000.0,0.0,1,0,0.0,0.0,7,0,1,0,23519.999999999996,0.0005307375952815097,0.0,0.0,0.0,False,,observed,0.0,,1.0,0,False,0,0.81,log_in,False,,0.1244,0.1531,0.0,0.0799,0.0801,0.0,0.0
100000003275398100,peripheral,0.143,23,0.2112,"Вход 300 тыс. от 1, выход 20 тыс. на 1; пороги ролей не достигнуты",False,2,2,1,1,300000.0,20000.0,1,1,0.06666666666666667,1.0,1,0,0,0,4791.6566813452755,0.000434247809285157,2.3706310593553663e-179,1.797726136022499e-179,0.0,False,,,0.0,,1.0,0,False,0,1.66,log_out,False,,0.0036,0.1149,0.0,0.0192,0.0735,0.0,0.0
100000005203590100,peripheral,0.377,18,0.2208,"Вход 90 тыс. от 1, выход 0 на 0; пороги ролей не достигнуты",False,2,0,1,0,90000.0,0.0,1,0,0.0,0.0,1,0,0,0,21600.57601536041,0.0003026270634147168,0.0,2.8721411760945644e-05,0.0,False,,,0.0,,1.0,0,False,0,0.34,log_in,False,,0.0094,0.1508,0.0,0.0192,0.0414,0.0,0.0
100000008672603100,peripheral,0.732,8,0.285,"Вход 21 тыс. от 1, выход 0 на 0; пороги ролей не достигнуты",False,2,0,1,0,21200.0,0.0,1,0,0.0,0.0,8,0,1,0,2879.223466847048,0.00029721303813419784,0.0,2.8321519604650354e-232,0.0,False,,,0.0,,1.0,0,False,0,0.64,log_in,False,,0.0183,0.1074,0.0,0.1253,0.034,0.0,0.0
100000000718427100,peripheral,0.8,5,0.088,"Вход 6 тыс. от 1, выход 0 на 0; пороги ролей не достигнуты",False,2,1,1,0,6000.0,0.0,1,0,0.0,0.0,1,0,0,0,113.65735767791016,0.00028760711808089006,0.0,7.619950610759462e-13,0.0,False,,,0.0,,1.0,1,False,0,1.49,log_in,False,,0.02,0.0419,0.0,0.0192,0.0069,0.0,0.0
100000003104347100,peripheral,0.1,1,0.3142,"Вход 418 тыс. от 1, выход 32 тыс. на 1; пороги ролей не достигнуты",False,2,0,1,1,418000.0,32000.0,1,1,0.07655502392344497,1.0,7,0,1,0,12942.871890696788,0.00036431706006781635,0.0,9.190763424750497e-05,1.922024458454748e-05,False,,,0.0,21.0,1.0,0,False,0,1.73,log_out,False,,0.0025,0.1374,0.0,0.0799,0.0656,0.0287,0.0
100000002974256100,peripheral,0.8,13,0.2427,"Вход 7 тыс. от 1, выход 0 на 0; пороги ролей не достигнуты",False,2,0,1,0,7200.0,0.0,1,0,0.0,0.0,1,0,0,0,7200.0,0.0005319059485796735,0.0,0.0,0.0,False,,,0.0,,1.0,1,False,0,1.37,log_in,False,,0.02,0.1227,0.0,0.0192,0.0808,0.0,0.0
100000007173936100,peripheral,0.8,14,0.1276,"Вход 10 тыс. от 1, выход 0 на 0; пороги ролей не достигнуты",False,2,0,1,0,10000.0,0.0,1,0,0.0,0.0,7,0,1,0,27.154221846656803,0.00028681863055512655,0.0,3.8766877888989646e-07,0.0,False,,,0.0,,1.0,0,False,0,1.14,log_in,False,,0.02,0.0233,0.0,0.0799,0.0043,0.0,0.0
100000002744581100,peripheral,0.8,6,0.2308,"Вход 12 тыс. от 1, выход 0 на 0; пороги ролей не достигнуты",False,2,0,1,0,12000.0,0.0,1,0,0.0,0.0,1,0,0,0,12000.0,0.00032495771137883774,0.0,0.0,0.0,False,,,0.0,,1.0,0,False,0,1.02,log_in,False,,0.02,0.1354,0.0,0.0192,0.0561,0.0,0.0
100000000596954100,peripheral,0.309,8,0.4917,"Вход 120 тыс. от 1, выход 48 тыс. на 2; пороги ролей не достигнуты [сквозной пропуск ≤2дн]",False,2,0,1,2,120000.0,48100.0,1,2,0.4008333333333333,2.0,10,0,1,0,95325.01472995091,0.0005156144546495897,0.0,0.0,4.834783173844933e-05,False,,,1.0,2.0,1.0,0,False,0,1.8,log_out,False,,0.0077,0.1818,0.0,0.1441,0.0786,0.0629,0.0167
100000004950490100,peripheral,0.8,6,0.2274,"Вход 10 тыс. от 1, выход 0 на 0; пороги ролей не достигнуты",False,2,0,1,0,10000.0,0.0,1,0,0.0,0.0,1,0,0,0,10000.0,0.0003306416631354998,0.0,7.9835345953449e-303,0.0,False,,,0.0,,1.0,0,False,0,1.14,log_in,False,,0.02,0.1304,0.0,0.0192,0.0577,0.0,0.0
100000008772058100,peripheral,0.505,5,0.1617,"Вход 50 тыс. от 1, выход 0 на 0; пороги ролей не достигнуты",False,2,1,1,0,50000.0,0.0,1,0,0.0,0.0,1,0,0,0,947.144647315918,0.000302551159747284,0.0,7.619950610759462e-13,0.0,False,,,0.0,,1.0,0,False,0,0.05,log_in,False,,0.0126,0.0885,0.0,0.0192,0.0413,0.0,0.0
100000000971908100,peripheral,0.381,18,0.2202,"Вход 89 тыс. от 1, выход 0 на 0; пороги ролей не достигнуты",False,2,0,1,0,89000.0,0.0,1,0,0.0,0.0,1,0,0,0,21360.56961518974,0.0003024375326458565,0.0,2.8721411760945644e-05,0.0,False,,,0.0,,1.0,0,False,0,0.34,log_in,False,,0.0095,0.1503,0.0,0.0192,0.0411,0.0,0.0
100000008687492100,peripheral,0.8,5,0.1206,"Вход 15 тыс. от 1, выход 0 на 0; пороги ролей не достигнуты",False,2,1,1,0,15000.0,0.0,1,0,0.0,0.0,1,0,0,0,284.1433941947754,0.0002906638538762888,0.0,7.619950610759462e-13,0.0,False,,,0.0,,1.0,0,False,0,0.87,log_in,False,,0.02,0.0622,0.0,0.0192,0.0192,0.0,0.0
100000003159641100,peripheral,0.2,3,0.3137,"Вход 64 тыс. от 4, выход 198 тыс. на 1; пороги ролей не достигнуты [сквозной пропуск ≤2дн; дробление у порога: 4 перев.]",False,2,0,4,1,64000.0,197800.0,7,1,3.090625,0.25,7,0,4,0,787.8463966062748,0.0003052153968344313,0.0,0.0014254345091357394,5.8849614861964964e-05,False,,,1.0,2.0,1.0,4,True,0,2.04,log_out,False,,0.005,0.0856,0.0,0.0799,0.0436,0.0662,0.0333
100000005326681100,peripheral,0.619,3,0.2141,"Вход 31 тыс. от 1, выход 0 на 0; пороги ролей не достигнуты",False,2,0,1,0,31228.0,0.0,1,0,0.0,0.0,7,0,1,0,892.8851301688237,0.0002955041990377069,0.0,3.5676348106616587e-05,0.0,False,,,0.0,,1.0,0,False,0,0.37,log_in,False,,0.0155,0.0877,0.0,0.0799,0.031,0.0,0.0
100000006888238100,peripheral,0.781,40,0.2347,"Вход 18 тыс. от 1, выход 30 тыс. на 1; пороги ролей не достигнуты",False,2,10,1,1,18000.0,30000.0,1,1,1.6666666666666667,1.0,1,0,0,0,2343.3179723502303,0.0006097535591566922,0.0,0.0,3.962937027741748e-07,False,,,0.0,,1.0,0,False,0,1.72,log_out,False,,0.0195,0.1042,0.0,0.0192,0.0886,0.0031,0.0
100000001290243100,peripheral,0.8,3,0.2845,"Вход 10 тыс. от 1, выход 0 на 0; пороги ролей не достигнуты",False,2,0,1,0,10000.0,0.0,1,0,0.0,0.0,7,0,1,0,10000.0,0.00031994897355357534,0.0,1.2596486780937674e-05,0.0,False,,,0.0,,1.0,0,False,0,1.14,log_in,False,,0.02,0.1304,0.0,0.0799,0.0541,0.0,0.0
100000008289539100,peripheral,0.8,3,0.1902,"Вход 15 тыс. от 1, выход 0 на 0; пороги ролей не достигнуты",False,2,0,1,0,14912.0,0.0,1,0,0.0,0.0,7,0,1,0,426.3706629011624,0.0002903134116978226,0.0,3.5676348106616587e-05,0.0,False,,,0.0,,1.0,0,False,0,0.87,log_in,False,,0.02,0.0723,0.0,0.0799,0.0179,0.0,0.0
100000000821507100,terminal,0.958,14,0.3625,"Получил 400 тыс. от 1 плательщ.; исходящих нет, хотя колено 2 обходилось — деньги остались",False,2,0,1,0,400000.0,0.0,1,0,0.0,0.0,7,0,1,0,1086.1688738662722,0.0003355427477307164,0.0,3.8766877888989646e-07,0.0,False,,observed,0.0,,1.0,0,False,0,1.35,log_in,False,,0.1317,0.0917,0.0,0.0799,0.0591,0.0,0.0
100000003086040100,peripheral,0.8,1,0.3174,"Вход 10 тыс. от 1, выход 0 на 0; пороги ролей не достигнуты",False,2,0,1,0,10500.0,0.0,1,0,0.0,0.0,7,0,1,0,10500.0,0.0005480623170204784,0.0,5.180959268770881e-06,0.0,False,,,0.0,,1.0,0,False,0,1.11,log_in,False,,0.02,0.1331,0.0,0.0799,0.0843,0.0,0.0
100000002969048100,terminal,0.869,18,0.3397,"Получил 108 тыс. от 1 плательщ.; исходящих нет, хотя колено 2 обходилось — деньги остались",False,2,0,1,0,108470.0,0.0,1,0,0.0,0.0,1,0,0,0,26033.494226512707,0.00030612769671556627,0.0,2.8721411760945644e-05,0.0,False,,observed,0.0,,1.0,0,False,0,0.47,log_in,False,,0.1195,0.1566,0.0,0.0192,0.0444,0.0,0.0
100000002826669100,terminal,0.896,1,0.4636,"Получил 160 тыс. от 1 плательщ.; исходящих нет, хотя колено 2 обходилось — деньги остались",False,2,0,1,0,159900.0,0.0,4,0,0.0,0.0,7,0,1,0,113224.62182729434,0.0004762394546257399,0.0,3.537647047461897e-05,0.0,False,,observed,0.0,,1.0,1,False,0,0.73,log_in,False,,0.1232,0.1845,0.0,0.0799,0.0759,0.0,0.0
100000002293421100,peripheral,0.561,17,0.4246,"Вход 41 тыс. от 2, выход 47 тыс. на 2; пороги ролей не достигнуты [дробление у порога: 4 перев.; возвратный поток]",False,2,0,2,2,41000.0,47000.0,6,5,1.146341463414634,1.0,7,0,2,0,38272.72727272727,0.0009748338691844299,0.0009381347387178241,1.7626219636774375e-05,1.9616538287321655e-05,False,,,0.3191489361702128,0.0,1.0,4,True,2,1.8,log_out,False,,0.014,0.164,0.0,0.0799,0.095,0.0383,0.0333
100000004732589100,terminal,0.923,6,0.3335,"Получил 228 тыс. от 1 плательщ.; исходящих нет, хотя колено 2 обходилось — деньги остались",False,2,0,1,0,227520.0,0.0,1,0,0.0,0.0,1,0,0,0,5304.519413576257,0.0003939729265831237,0.0,2.322813314613868e-05,0.0,False,,observed,0.0,,1.0,0,False,0,0.97,log_in,False,,0.1269,0.1177,0.0,0.0192,0.0697,0.0,0.0
100000003003821100,peripheral,0.569,8,0.3971,"Вход 40 тыс. от 1, выход 0 на 0; пороги ролей не достигнуты",False,2,0,1,0,40000.0,0.0,1,0,0.0,0.0,10,0,1,0,40000.0,0.0004379372905540045,0.0,1.23619985386e-313,0.0,False,,,0.0,,1.0,0,False,0,0.21,log_in,False,,0.0142,0.165,0.0,0.1441,0.0738,0.0,0.0
100000005237935150,peripheral,0.602,14,0.1457,"Вход 35 тыс. от 1, выход 0 на 0; пороги ролей не достигнуты",False,2,0,1,0,34508.0,0.0,1,0,0.0,0.0,1,0,0,0,502.58583023289685,0.0002979773495560411,0.0,4.0882452251176484e-08,0.0,False,,,0.0,,1.0,0,False,0,0.31,log_in,False,,0.015,0.0765,0.0,0.0192,0.0349,0.0,0.0
100000004463277100,peripheral,0.597,26,0.2869,"Вход 35 тыс. от 1, выход 0 на 0; пороги ролей не достигнуты",False,2,3,1,0,35000.0,0.0,1,0,0.0,0.0,1,0,0,0,35000.0,0.000691924518979246,0.0,0.0,0.0,False,,,0.0,,1.0,0,False,0,0.3,log_in,False,,0.0149,0.1617,0.0,0.0192,0.091,0.0,0.0
100000006523053100,peripheral,0.8,8,0.3626,"Вход 5 тыс. от 1, выход 0 на 0; пороги ролей не достигнуты",False,2,0,1,0,5000.0,0.0,1,0,0.0,0.0,10,0,1,0,5000.0,0.0005386541417252824,0.0,0.0,0.0,False,,,0.0,,1.0,1,False,0,1.61,log_in,False,,0.02,0.1158,0.0,0.1441,0.0828,0.0,0.0
100000001954903100,peripheral,0.655,6,0.1508,"Вход 27 тыс. от 1, выход 0 на 0; пороги ролей не достигнуты",False,2,0,1,0,27118.0,0.0,1,0,0.0,0.0,1,0,0,0,632.2431322844626,0.000298489871320388,0.0,2.322813314613868e-05,0.0,False,,,0.0,,1.0,0,False,0,0.47,log_in,False,,0.0164,0.0798,0.0,0.0192,0.0354,0.0,0.0
100000005328215100,peripheral,0.658,6,0.1506,"Вход 27 тыс. от 1, выход 0 на 0; пороги ролей не достигнуты",False,2,0,1,0,27000.0,0.0,1,0,0.0,0.0,1,0,0,0,629.4920190161697,0.00029843364932399574,0.0,2.322813314613868e-05,0.0,False,,,0.0,,1.0,0,False,0,0.47,log_in,False,,0.0165,0.0797,0.0,0.0192,0.0352,0.0,0.0
100000004424023100,peripheral,0.505,6,0.4585,"Вход 50 тыс. от 1, выход 100 тыс. на 1; пороги ролей не достигнуты",False,2,0,1,1,50000.0,100000.0,1,1,2.0,1.0,9,0,1,0,50000.0,0.0009717143911529612,0.0,0.0,2.0409125692870002e-05,False,,,0.0,,1.0,0,False,0,1.93,log_out,False,,0.0126,0.1715,0.0,0.1361,0.0949,0.0433,0.0
100000002299948100,peripheral,0.8,4,0.261,"Вход 7 тыс. от 1, выход 0 на 0; пороги ролей не достигнуты",False,2,0,1,0,6750.0,0.0,1,0,0.0,0.0,8,0,1,0,1017.0946102811619,0.00029301562294545036,0.0,4.870880269675223e-241,0.0,False,,,0.0,,1.0,1,False,0,1.41,log_in,False,,0.02,0.0901,0.0,0.1253,0.0257,0.0,0.0
100000005105153100,peripheral,0.634,1,0.3176,"Вход 30 тыс. от 1, выход 0 на 0; пороги ролей не достигнуты",False,2,0,1,0,30000.0,0.0,1,0,0.0,0.0,7,0,1,0,21868.682773213302,0.0004010169668275689,0.0,0.0,0.0,False,,,0.0,,1.0,0,False,0,0.4,log_in,False,,0.0158,0.1511,0.0,0.0799,0.0707,0.0,0.0
100000001985793100,terminal,0.96,6,0.3804,"Получил 420 тыс. от 1 плательщ.; исходящих нет, хотя колено 2 обходилось — деньги остались",False,2,0,1,0,420000.0,0.0,1,0,0.0,0.0,1,0,0,0,35853.65853658537,0.0003726610761384928,0.0,4.282827661438586e-07,0.0,False,,observed,0.0,,1.0,0,False,0,1.39,log_in,False,,0.132,0.1625,0.0,0.0192,0.0667,0.0,0.0
100000003134934100,terminal,0.955,8,0.4895,"Получил 379 тыс. от 4 плательщ.; исходящих нет, хотя колено 2 обходилось — деньги остались",False,2,0,4,0,379354.0,0.0,4,0,0.0,0.0,9,0,4,0,20744.19502892765,0.0004244791138523046,0.0,0.0019927140045239047,0.0,False,,observed,0.0,,2.0,0,False,0,1.73,in_deg,False,,0.1313,0.1497,0.0,0.1361,0.0724,0.0,0.0
100000006240939100,peripheral,0.258,2,0.2355,"Вход 160 тыс. от 1, выход 778 тыс. на 5; пороги ролей не достигнуты",False,2,0,1,5,160000.0,778015.0,1,5,4.86259375,5.0,1,0,0,0,13658.536585365855,0.0003187471159015583,2.5365357102325654e-05,4.282827661438586e-07,4.161083879128836e-06,False,,,0.2120331870208158,0.0,1.0,0,False,0,2.27,log_out,False,,0.0065,0.1388,0.0,0.0192,0.0533,0.0177,0.0
100000008656043100,peripheral,0.666,5,0.1413,"Вход 26 тыс. от 1, выход 0 на 0; пороги ролей не достигнуты",False,2,1,1,0,26200.0,0.0,1,0,0.0,0.0,1,0,0,0,496.303795193541,0.0002944677917550073,0.0,7.619950610759462e-13,0.0,False,,,0.0,,1.0,0,False,0,0.49,log_in,False,,0.0167,0.0762,0.0,0.0192,0.0291,0.0,0.0
100000002605184100,terminal,0.886,3,0.4281,"Получил 140 тыс. от 1 плательщ.; исходящих нет, хотя колено 2 обходилось — деньги остались",False,2,0,1,0,140000.0,0.0,1,0,0.0,0.0,7,0,1,0,26344.142585015896,0.00039107352079071505,0.0,9.023756758629543e-290,0.0,False,,observed,0.0,,1.0,0,False,0,0.64,log_in,False,,0.1218,0.1572,0.0,0.0799,0.0691,0.0,0.0
100000003157333100,peripheral,0.634,18,0.1791,"Вход 30 тыс. от 1, выход 0 на 0; пороги ролей не достигнуты",False,2,0,1,0,30000.0,0.0,1,0,0.0,0.0,1,0,0,0,7200.192005120136,0.00029125521728309953,0.0,2.8721411760945644e-05,0.0,False,,,0.0,,1.0,0,False,0,0.4,log_in,False,,0.0158,0.1228,0.0,0.0192,0.0212,0.0,0.0
100000007898453100,peripheral,0.696,8,0.4509,"Вход 25 тыс. от 1, выход 320 тыс. на 2; пороги ролей не достигнуты [сквозной пропуск ≤2дн; возвратный поток]",False,2,0,1,2,24750.0,320000.0,1,2,12.929292929292929,2.0,10,0,1,0,19660.784288052375,0.0003330161085564525,0.0001994488810788469,0.0,2.3975769017837576e-05,False,,,0.9375,4.5,1.0,0,False,1,2.12,log_out,False,,0.0174,0.1481,0.0,0.1441,0.0585,0.0496,0.0333
100000002710570100,terminal,0.923,1,0.4556,"Получил 225 тыс. от 1 плательщ.; исходящих нет, хотя колено 2 обходилось — деньги остались",False,2,0,1,0,225015.0,0.0,1,0,0.0,0.0,7,0,1,0,41467.9220217388,0.0005391306175502205,0.0,1.7229296300670405e-295,0.0,False,,observed,0.0,,1.0,0,False,0,0.96,log_in,False,,0.1269,0.1659,0.0,0.0799,0.0829,0.0,0.0
100000004979498100,peripheral,0.05,38,0.3493,"Вход 700 тыс. от 1, выход 200 тыс. на 1; пороги ролей не достигнуты [сквозной пропуск ≤2дн; возвратный поток]",False,2,9,1,1,700000.0,200000.0,2,1,0.2857142857142857,1.0,1,0,0,0,700000.0,0.0013189827666274718,4.80549224039712e-303,7.983534595344914e-303,0.0,False,,,1.0,0.0,1.0,0,False,1,2.04,log_out,False,,0.0013,0.1988,0.0,0.0192,0.0967,0.0,0.0333
100000001541418100,terminal,0.856,2,0.3589,"Получил 97 тыс. от 2 плательщ.; исходящих нет, хотя колено 2 обходилось — деньги остались",False,2,0,2,0,96900.0,0.0,2,0,0.0,0.0,7,0,1,0,5829.543247194878,0.00030353063860818737,0.0,2.4915068970207686e-05,0.0,False,,observed,0.0,,1.0,0,False,0,0.58,in_deg,False,,0.1177,0.1188,0.0,0.0799,0.0425,0.0,0.0
100000007797290100,peripheral,0.348,16,0.2685,"Вход 100 тыс. от 1, выход 20 тыс. на 1; пороги ролей не достигнуты",False,2,0,1,1,100000.0,20000.0,1,1,0.2,1.0,7,0,1,0,3910.1312628081073,0.0003011253761628506,0.0,5.172134115335331e-05,1.922024458454748e-05,False,,,0.0,9.0,1.0,0,False,0,1.66,log_out,False,,0.0087,0.1114,0.0,0.0799,0.0397,0.0287,0.0
100000008683818100,peripheral,0.794,5,0.1275,"Вход 17 тыс. от 1, выход 0 на 0; пороги ролей не достигнуты",False,2,1,1,0,17400.0,0.0,1,0,0.0,0.0,1,0,0,0,329.6063372659395,0.0002914789834217285,0.0,7.619950610759462e-13,0.0,False,,,0.0,,1.0,0,False,0,0.77,log_in,False,,0.0199,0.0665,0.0,0.0192,0.0219,0.0,0.0
100000006567935100,terminal,0.915,14,0.3312,"Получил 200 тыс. от 1 плательщ.; исходящих нет, хотя колено 2 обходилось — деньги остались",False,2,0,1,0,200000.0,0.0,1,0,0.0,0.0,7,0,1,0,543.0844369331361,0.00031055602097400365,0.0,3.8766877888989646e-07,0.0,False,,observed,0.0,,1.0,0,False,0,0.88,log_in,False,,0.1258,0.0778,0.0,0.0799,0.0477,0.0,0.0
100000002132479100,peripheral,0.634,10,0.405,"Вход 30 тыс. от 1, выход 20 тыс. на 1; пороги ролей не достигнуты [возвратный поток]",False,2,0,1,1,30000.0,20000.0,2,1,0.6666666666666666,1.0,8,0,1,0,30000.0,0.0006060232510344739,2.230233612923758e-05,9.023756758629543e-290,0.0,False,,,0.0,7.0,1.0,0,False,1,1.66,log_out,False,,0.0158,0.1587,0.0,0.1253,0.0885,0.0,0.0167
100000002170580100,terminal,0.892,6,0.3158,"Получил 150 тыс. от 1 плательщ.; исходящих нет, хотя колено 2 обходилось — деньги остались",False,2,0,1,0,150000.0,0.0,1,0,0.0,0.0,1,0,0,0,3497.177883423165,0.0003570379336989844,0.0,2.322813314613868e-05,0.0,False,,observed,0.0,,1.0,0,False,0,0.69,log_in,False,,0.1226,0.1099,0.0,0.0192,0.064,0.0,0.0
100000001232297100,peripheral,0.8,21,0.3014,"Вход 5 тыс. от 1, выход 45 тыс. на 2; пороги ролей не достигнуты [возвратный поток]",False,2,0,1,2,5000.0,45000.0,1,2,9.0,2.0,10,0,1,0,1523.718739751406,0.0002921518328065597,0.0003141950273265303,4.876477610101951e-08,0.0,False,,,0.0,3.0,1.0,1,False,2,1.79,log_out,False,,0.02,0.097,0.0,0.1441,0.0237,0.0,0.0167
100000002028158100,peripheral,0.6,3,0.2176,"Вход 35 тыс. от 1, выход 0 на 0; пороги ролей не достигнуты",False,2,0,1,0,34800.0,0.0,1,0,0.0,0.0,7,0,1,0,995.0173731867255,0.00029664059842346733,0.0,3.5676348106616587e-05,0.0,False,,,0.0,,1.0,0,False,0,0.3,log_in,False,,0.015,0.0895,0.0,0.0799,0.0331,0.0,0.0
100000005519998100,transit,0.67,22,0.4935,"Пропуск 103%: получил 182 тыс., отдал 188 тыс.; 3→3 контрагента; в ≤2 дн ушло 33% [возвратный поток]",False,2,0,3,3,182000.0,188000.0,5,8,1.032967032967033,1.0,7,0,3,0,13767.090296574494,0.0006524582538824906,0.0009458228896190618,2.9376474289662784e-07,5.98403491189004e-05,False,,,0.32978723404255317,1.0,1.0,0,False,8,2.03,log_out,False,,0.1005,0.1392,0.0,0.0799,0.0899,0.0673,0.0167
100000002335358100,terminal,0.886,3,0.4777,"Получил 140 тыс. от 1 плательщ.; исходящих нет, хотя колено 2 обходилось — деньги остались",False,2,0,1,0,140000.0,0.0,2,0,0.0,0.0,7,0,1,0,140000.0,0.0006124866171005886,0.0,7.33291794314557e-257,0.0,False,,observed,0.0,,1.0,0,False,0,0.64,log_in,False,,0.1218,0.1873,0.0,0.0799,0.0887,0.0,0.0
100000007289427100,peripheral,0.8,8,0.2424,"Вход 12 тыс. от 1, выход 0 на 0; пороги ролей не достигнуты",False,2,0,1,0,12300.0,0.0,1,0,0.0,0.0,1,0,0,0,12300.0,0.0003736269529532968,0.0,1.148544469993621e-281,0.0,False,,,0.0,,1.0,0,False,0,1.0,log_in,False,,0.02,0.1363,0.0,0.0192,0.0669,0.0,0.0
100000004592467100,peripheral,0.8,8,0.0913,"Вход 7 тыс. от 1, выход 0 на 0; пороги ролей не достигнуты",False,2,0,1,0,7000.0,0.0,1,0,0.0,0.0,1,0,0,0,153.8693988935749,0.0002866229494599162,0.0,6.211858071745701e-05,0.0,False,,,0.0,,1.0,1,False,0,1.38,log_in,False,,0.02,0.0482,0.0,0.0192,0.0038,0.0,0.0
100000004993576100,terminal,0.9,3,0.3783,"Получил 167 тыс. от 1 плательщ.; исходящих нет, хотя колено 2 обходилось — деньги остались",False,2,0,1,0,167000.0,0.0,1,0,0.0,0.0,7,0,1,0,4774.939693166183,0.00033869882876991924,0.0,3.5676348106616587e-05,0.0,False,,observed,0.0,,1.0,0,False,0,0.76,log_in,False,,0.1238,0.1146,0.0,0.0799,0.0601,0.0,0.0
100000001648936100,peripheral,0.37,18,0.2218,"Вход 93 тыс. от 1, выход 0 на 0; пороги ролей не достигнуты",False,2,0,1,0,92740.0,0.0,1,0,0.0,0.0,1,0,0,0,22258.193551828048,0.00030314637772139394,0.0,2.8721411760945644e-05,0.0,False,,,0.0,,1.0,0,False,0,0.36,log_in,False,,0.0092,0.1514,0.0,0.0192,0.0419,0.0,0.0
100000008512552100,peripheral,0.107,16,0.412,"Вход 394 тыс. от 4, выход 1.3 млн на 6; пороги ролей не достигнуты [сквозной пропуск ≤2дн; возвратный поток]",False,2,0,4,6,394360.0,1302275.0,9,11,3.3022492139162187,1.5,7,0,4,0,11113.749439725101,0.00042587881968055106,0.0010030183605543063,0.0003380089109629517,0.00043072956564757015,False,,,1.0,0.0,2.0,1,False,13,2.35,log_out,False,,0.0027,0.1341,0.0,0.0799,0.0725,0.0895,0.0333
100000007629096100,peripheral,0.05,4,0.4201,"Вход 1.1 млн от 4, выход 765 тыс. на 1; пороги ролей не достигнуты [сквозной пропуск ≤2дн; возвратный поток]",False,2,0,4,1,1075170.0,765205.0,5,5,0.7117060557865268,0.25,7,0,4,0,117383.57319974218,0.0024724059471072494,0.00010197759638234088,0.00028463488259411636,1.525730755680573e-05,False,,,0.9346122934377062,1.0,2.0,0,False,1,2.27,log_out,False,,0.0013,0.185,0.0,0.0799,0.0995,0.0212,0.0333
100000001601320100,peripheral,0.553,28,0.2868,"Вход 44 тыс. от 2, выход 46 тыс. на 1; пороги ролей не достигнуты",False,2,0,2,1,43500.0,46200.0,2,1,1.0620689655172413,0.5,1,0,0,0,23378.37837685489,0.000811763739861756,0.0,2.4890313453408943e-241,9.90734256935437e-07,False,,,0.0,8.0,1.0,1,False,0,1.8,log_out,False,,0.0138,0.1525,0.0,0.0192,0.0931,0.0082,0.0
100000005782781100,consolidator,0.527,4,0.5618,Получает от 6 плательщиков (0 seed) 172 тыс.; передаёт дальше 735%; сходятся потоки 7 seed [сквозной пропуск ≤2дн; 3 плательщ. в 1 день; возвратный поток],False,2,0,6,10,171888.0,1263597.0,10,10,7.351281066741134,1.6666666666666667,7,0,6,0,17670.976715430465,0.0004875096527600848,0.005811990743857868,0.00037180419377120193,0.0005683243291461322,False,,,1.0,0.0,3.0,1,False,23,2.89,in_deg,False,,0.1186,0.1457,0.0,0.0799,0.0768,0.0908,0.05
100000002723538100,distributor,0.481,8,0.4553,Рассылает на 12 получателей 560 тыс. (веер 4:1); плательщиков 3 [возвратный поток],False,2,0,3,12,105647.0,560499.0,3,14,5.305394379395534,4.0,7,0,3,0,6576.81415628692,0.0003203131606128599,0.006524988668384622,0.004580930825969762,0.0002908863985638697,False,,,0.5698493663681826,0.0,1.0,0,False,61,2.21,log_out,False,,0.0962,0.1216,0.0,0.0799,0.0544,0.0865,0.0167
100000002340562100,peripheral,0.587,6,0.2771,"Вход 37 тыс. от 1, выход 0 на 0; пороги ролей не достигнуты",False,2,0,1,0,36650.0,0.0,2,0,0.0,0.0,1,0,0,0,36650.0,0.0005308569205030125,0.0,0.0,0.0,False,,,0.0,,1.0,0,False,0,0.26,log_in,False,,0.0147,0.163,0.0,0.0192,0.0802,0.0,0.0
100000005939154100,peripheral,0.727,3,0.2356,"Вход 22 тыс. от 1, выход 0 на 0; пороги ролей не достигнуты",False,2,0,1,0,22000.0,0.0,2,0,0.0,0.0,7,0,1,0,3508.179562357775,0.0002936966648040269,0.0,2.603644808281309e-06,0.0,False,,,0.0,,1.0,1,False,0,0.61,log_in,False,,0.0182,0.11,0.0,0.0799,0.0275,0.0,0.0
100000004386258100,peripheral,0.4,13,0.5015,"Вход 62 тыс. от 3, выход 40 тыс. на 3; пороги ролей не достигнуты [сквозной пропуск ≤2дн; возвратный поток]",False,2,0,3,3,61700.0,40000.0,3,3,0.6482982171799028,1.0,9,0,3,0,36867.85903699823,0.0005336690126056149,1.57847465707e-313,2.707127027588863e-289,0.00012047328564334914,False,,,0.75,0.0,2.0,1,False,2,1.77,log_out,False,,0.01,0.1631,0.0,0.1361,0.0815,0.0775,0.0333
100000008406609100,peripheral,0.605,10,0.3692,"Вход 34 тыс. от 1, выход 0 на 0; пороги ролей не достигнуты",False,2,0,1,0,34000.0,0.0,1,0,0.0,0.0,8,0,1,0,25500.0,0.00043050382065094834,0.0,7.9835345953449e-303,0.0,False,,,0.0,,1.0,0,False,0,0.32,log_in,False,,0.0151,0.1558,0.0,0.1253,0.0731,0.0,0.0
100000007242833100,peripheral,0.33,13,0.4581,"Вход 108 тыс. от 1, выход 45 тыс. на 1; пороги ролей не достигнуты [сквозной пропуск ≤2дн]",False,2,0,1,1,107500.0,45000.0,3,2,0.4186046511627907,1.0,9,0,1,0,71842.00694268789,0.0005138001156911178,0.0,9.023756758629543e-290,1.981468513870874e-05,False,,,1.0,1.0,1.0,0,False,0,1.79,log_out,False,,0.0082,0.178,0.0,0.1361,0.0784,0.0407,0.0167
100000004698193100,peripheral,0.194,18,0.3072,"Вход 223 тыс. от 2, выход 38 тыс. на 3; пороги ролей не достигнуты [возвратный поток]",False,2,0,2,3,222700.0,38000.0,15,5,0.17063313875168387,1.5,1,0,0,0,31920.418302259124,0.0008254145941905158,1.57847465707e-313,2.8951049479127065e-05,1.5851748110966993e-06,False,,,0.3157894736842105,3.0,1.0,2,False,1,1.76,log_out,False,,0.0048,0.1603,0.0,0.0192,0.0932,0.0129,0.0167
100000002733905100,peripheral,0.348,5,0.3224,"Вход 100 тыс. от 3, выход 718 тыс. на 2; пороги ролей не достигнуты [возвратный поток]",False,2,1,3,2,100000.0,717839.0,5,3,7.17839,0.6666666666666666,1,0,0,0,38434.12985799888,0.0029169603294352297,3.300043693840602e-13,7.753396952778706e-13,1.7833216624837866e-06,False,,,0.3273714579453053,0.0,2.0,0,False,2,2.25,log_out,False,,0.0087,0.1641,0.0,0.0192,0.0997,0.014,0.0167
100000006912294100,peripheral,0.8,6,0.259,"Вход 6 тыс. от 1, выход 30 тыс. на 2; пороги ролей не достигнуты [возвратный поток]",False,2,0,1,2,6335.09,30000.0,1,2,4.7355286191672095,2.0,1,0,0,0,6335.09,0.0004989220673206185,9.917415156426794e-06,0.0,5.944405541612623e-07,False,,,0.0,,1.0,1,False,1,1.72,log_out,False,,0.02,0.1203,0.0,0.0192,0.0775,0.0053,0.0167
100000003036198100,peripheral,0.8,4,0.1621,"Вход 15 тыс. от 1, выход 0 на 0; пороги ролей не достигнуты",False,2,0,1,0,15000.0,0.0,1,0,0.0,0.0,7,0,1,0,212.23859240331035,0.0002879340067316298,0.0,0.0001421681899391104,0.0,False,,,0.0,,1.0,0,False,0,0.87,log_in,False,,0.02,0.0546,0.0,0.0799,0.0076,0.0,0.0
100000004687099100,peripheral,0.634,28,0.2377,"Вход 30 тыс. от 1, выход 0 на 0; пороги ролей не достигнуты",False,2,0,1,0,30000.0,0.0,1,0,0.0,0.0,1,0,0,0,16216.216214871962,0.0003342247396399686,0.0,2.141511818252024e-241,0.0,False,,,0.0,,1.0,0,False,0,0.4,log_in,False,,0.0158,0.1438,0.0,0.0192,0.0588,0.0,0.0
100000005242320100,distributor,0.849,14,0.5131,Рассылает на 21 получателей 8.9 млн (веер 10:1); плательщиков 2,False,2,0,2,21,365700.0,8936295.0,2,29,24.43613617719442,10.5,2,1,0,0,2866.2659701172133,0.000500124131418561,2.035924528607255e-05,4.5210117239422983e-07,2.9722027708063113e-05,False,,,0.19270178524768933,2.0,1.0,0,False,0,2.68,log_out,False,,0.1698,0.1073,0.067,0.0397,0.0775,0.0518,0.0
100000008762832100,peripheral,0.271,8,0.1977,"Вход 150 тыс. от 1, выход 85 тыс. на 1; пороги ролей не достигнуты [возвратный поток]",False,2,0,1,1,150000.0,85000.0,1,4,0.5666666666666667,1.0,1,0,0,0,3297.2014048623196,0.000308147620844976,0.0,6.211858071745701e-05,0.0,False,,,0.0,,1.0,0,False,1,1.9,log_out,False,,0.0068,0.109,0.0,0.0192,0.046,0.0,0.0167
100000002489253100,peripheral,0.491,3,0.2314,"Вход 51 тыс. от 1, выход 0 на 0; пороги ролей не достигнуты",False,2,0,1,0,51000.0,0.0,1,0,0.0,0.0,7,0,1,0,1647.9226252479593,0.00030184449124919286,0.0,1.8799730754466785e-07,0.0,False,,,0.0,,1.0,0,False,0,0.04,log_in,False,,0.0123,0.0985,0.0,0.0799,0.0406,0.0,0.0
100000004756901100,terminal,0.894,17,0.4115,"Получил 153 тыс. от 1 плательщ.; исходящих нет, хотя колено 2 обходилось — деньги остались",False,2,0,1,0,153248.0,0.0,1,0,0.0,0.0,7,0,1,0,32959.07828258472,0.0003109522914570363,0.0,4.0407558618990766e-06,0.0,False,,observed,0.0,,1.0,0,False,0,0.7,log_in,False,,0.1229,0.1607,0.0,0.0799,0.048,0.0,0.0
100000008749989100,peripheral,0.8,5,0.1236,"Вход 16 тыс. от 1, выход 0 на 0; пороги ролей не достигнуты",False,2,1,1,0,16000.0,0.0,1,0,0.0,0.0,1,0,0,0,303.08628714109375,0.00029100349118688865,0.0,7.619950610759462e-13,0.0,False,,,0.0,,1.0,0,False,0,0.83,log_in,False,,0.02,0.0642,0.0,0.0192,0.0201,0.0,0.0
100000001380986100,peripheral,0.424,2,0.1788,"Вход 70 тыс. от 1, выход 0 на 0; пороги ролей не достигнуты",False,2,0,1,0,70170.0,0.0,1,0,0.0,0.0,1,0,0,0,8004.178834994377,0.000292172266547817,0.0,5.01279615617639e-07,0.0,False,,,0.0,,1.0,0,False,0,0.17,log_in,False,,0.0106,0.1252,0.0,0.0192,0.0238,0.0,0.0
100000003089018100,terminal,0.924,2,0.3487,"Получил 230 тыс. от 1 плательщ.; исходящих нет, хотя колено 2 обходилось — деньги остались",False,2,0,1,0,230000.0,0.0,1,0,0.0,0.0,1,0,0,0,26235.729400722626,0.0003072122133568235,0.0,5.01279615617639e-07,0.0,False,,observed,0.0,,1.0,0,False,0,0.98,log_in,False,,0.1271,0.1571,0.0,0.0192,0.0452,0.0,0.0
100000008742266100,peripheral,0.735,5,0.1335,"Вход 21 тыс. от 1, выход 0 на 0; пороги ролей не достигнуты",False,2,1,1,0,21000.0,0.0,1,0,0.0,0.0,1,0,0,0,397.80075187268557,0.00029270167773988795,0.0,7.619950610759462e-13,0.0,False,,,0.0,,1.0,0,False,0,0.64,log_in,False,,0.0184,0.0707,0.0,0.0192,0.0252,0.0,0.0
100000003044431100,terminal,0.817,4,0.3281,"Получил 60 тыс. от 2 плательщ.; исходящих нет, хотя колено 2 обходилось — деньги остались",False,2,0,2,0,60000.0,0.0,2,0,0.0,0.0,7,0,2,0,1242.7121734209315,0.00030245857854886894,0.0,0.003099654633205106,0.0,False,,observed,0.0,,1.0,0,False,0,0.58,in_deg,False,,0.1123,0.0947,0.0,0.0799,0.0412,0.0,0.0
100000003321423100,terminal,0.861,12,0.4851,"Получил 100 тыс. от 1 плательщ.; исходящих нет, хотя колено 2 обходилось — деньги остались",False,2,0,1,0,100000.0,0.0,2,0,0.0,0.0,8,0,1,0,21727.797285560475,0.0006711029646605617,0.0,1.6242871664535988e-281,0.0,False,,observed,0.0,,1.0,0,False,0,0.41,log_in,False,,0.1184,0.151,0.0,0.1253,0.0905,0.0,0.0
100000002540623100,terminal,0.861,6,0.3002,"Получил 100 тыс. от 1 плательщ.; исходящих нет, хотя колено 2 обходилось — деньги остались",False,2,0,1,0,100000.0,0.0,1,0,0.0,0.0,1,0,0,0,2331.45192228211,0.00033321505387175324,0.0,2.322813314613868e-05,0.0,False,,observed,0.0,,1.0,0,False,0,0.41,log_in,False,,0.1184,0.104,0.0,0.0192,0.0585,0.0,0.0
100000004225615100,peripheral,0.377,2,0.1893,"Вход 90 тыс. от 1, выход 0 на 0; пороги ролей не достигнуты",False,2,0,1,0,90000.0,0.0,2,0,0.0,0.0,1,0,0,0,10266.154982891463,0.0002940382625762384,0.0,5.01279615617639e-07,0.0,False,,,0.0,,1.0,0,False,0,0.34,log_in,False,,0.0094,0.1324,0.0,0.0192,0.0282,0.0,0.0
100000004820260100,transit,0.762,3,0.5397,"Пропуск 92%: получил 234 тыс., отдал 215 тыс.; 1→3 контрагента; в ≤2 дн ушло 100% [сквозной пропуск ≤2дн; возвратный поток]",False,2,0,1,3,234200.0,215350.0,12,10,0.9195132365499573,3.0,7,0,1,0,67742.15568814761,0.0014014565775826975,0.00014648891361967897,2.3977746051981916e-06,1.9616538287321655e-05,False,,,1.0,0.0,1.0,1,False,2,2.05,log_out,False,,0.1143,0.1766,0.0,0.0799,0.0972,0.0383,0.0333
100000000795129100,terminal,0.948,3,0.4082,"Получил 332 тыс. от 1 плательщ.; исходящих нет, хотя колено 2 обходилось — деньги остались",False,2,0,1,0,332000.0,0.0,1,0,0.0,0.0,7,0,1,0,9492.694479827382,0.0003911920814716179,0.0,3.5676348106616587e-05,0.0,False,,observed,0.0,,1.0,0,False,0,1.23,log_in,False,,0.1304,0.1286,0.0,0.0799,0.0692,0.0,0.0
100000008213966100,peripheral,0.23,3,0.4648,"Вход 187 тыс. от 3, выход 437 тыс. на 1; пороги ролей не достигнуты [сквозной пропуск ≤2дн; возвратный поток]",False,2,0,3,1,187004.0,436900.0,7,8,2.336313661739856,0.3333333333333333,7,0,3,0,123823.69354071893,0.0019335519524195824,0.0,1.2329059644851427e-256,4.319601360238506e-05,False,,,0.8498512245365072,0.0,1.0,0,False,1,2.17,log_out,False,,0.0058,0.1858,0.0,0.0799,0.0986,0.0614,0.0333
100000008478414100,peripheral,0.8,5,0.1046,"Вход 10 тыс. от 1, выход 0 на 0; пороги ролей не достигнуты",False,2,1,1,0,10000.0,0.0,1,0,0.0,0.0,1,0,0,0,189.4289294631836,0.00028896566732328953,0.0,7.619950610759462e-13,0.0,False,,,0.0,,1.0,0,False,0,1.14,log_in,False,,0.02,0.0524,0.0,0.0192,0.013,0.0,0.0
100000001330595100,peripheral,0.384,23,0.2468,"Вход 87 тыс. от 3, выход 154 тыс. на 1; пороги ролей не достигнуты",False,2,2,3,1,87000.0,154000.0,6,1,1.7701149425287357,0.3333333333333333,1,0,0,0,5258.4012667172665,0.0006755694259219613,0.0,5.569757656868242e-179,1.1888811083225246e-06,False,,,0.0,4.0,2.0,1,False,0,2.0,log_out,False,,0.0096,0.1175,0.0,0.0192,0.0906,0.0098,0.0
100000000076451100,peripheral,0.383,3,0.3861,"Вход 88 тыс. от 3, выход 58 тыс. на 4; пороги ролей не достигнуты [возвратный поток]",False,2,0,3,4,87707.0,58000.0,4,4,0.661292713238396,1.3333333333333333,7,0,3,0,3077.0871477363758,0.0013962008641423944,1.5362965042255266e-289,3.6251435860713816e-05,9.76863977338341e-05,False,,,0.25862068965517243,2.0,2.0,1,False,2,1.83,log_out,False,,0.0096,0.1083,0.0,0.0799,0.0972,0.0745,0.0167
100000005664632100,terminal,0.913,8,0.4786,"Получил 199 тыс. от 1 плательщ.; исходящих нет, хотя колено 2 обходилось — деньги остались",False,2,0,1,0,198620.0,0.0,18,0,0.0,0.0,10,0,1,0,15816.968480736457,0.00036514203992280307,0.0,0.0,0.0,False,,observed,0.0,,1.0,8,False,0,0.88,log_in,False,,0.1255,0.1433,0.0,0.1441,0.0657,0.0,0.0
100000002457464100,peripheral,0.437,8,0.3193,"Вход 67 тыс. от 1, выход 0 на 0; пороги ролей не достигнуты",False,2,0,1,0,66647.0,0.0,1,0,0.0,0.0,8,0,1,0,9051.490867686565,0.0003221740395394653,0.0,2.8321519604650354e-232,0.0,False,,,0.0,,1.0,0,False,0,0.14,log_in,False,,0.0109,0.1279,0.0,0.1253,0.0552,0.0,0.0
100000002757240100,peripheral,0.49,8,0.3248,"Вход 51 тыс. от 1, выход 0 на 0; пороги ролей не достигнуты",False,2,0,1,0,51183.0,0.0,1,0,0.0,0.0,9,0,1,0,7660.498657299346,0.00031684650947480416,0.0,0.0001427672909306537,0.0,False,,,0.0,,1.0,0,False,0,0.04,log_in,False,,0.0122,0.1242,0.0,0.1361,0.0522,0.0,0.0
100000003718221100,peripheral,0.124,27,0.4598,"Вход 350 тыс. от 2, выход 424 тыс. на 4; пороги ролей не достигнуты [сквозной пропуск ≤2дн; возвратный поток]",False,2,0,2,4,350000.0,423500.0,6,8,1.21,2.0,7,0,2,0,183230.74125562157,0.001043468286601379,0.00017159714116661846,3.223857173614848e-06,3.923307657464331e-05,False,,,0.8028335301062574,1.0,1.0,0,False,4,2.17,log_out,False,,0.0031,0.1901,0.0,0.0799,0.0953,0.058,0.0333
100000008629581100,peripheral,0.475,8,0.3123,"Вход 54 тыс. от 1, выход 0 на 0; пороги ролей не достигнуты",False,2,0,1,0,54184.0,0.0,1,0,0.0,0.0,8,0,1,0,7358.860581492473,0.00031532894612265345,0.0,2.8321519604650354e-232,0.0,False,,,0.0,,1.0,0,False,0,0.0,log_in,False,,0.0119,0.1236,0.0,0.1253,0.0516,0.0,0.0
100000004806903100,peripheral,0.781,7,0.3915,"Вход 18 тыс. от 1, выход 0 на 0; пороги ролей не достигнуты",False,2,0,1,0,18000.0,0.0,1,0,0.0,0.0,10,0,1,0,18000.0,0.0005335389049993343,0.0,0.0,0.0,False,,,0.0,,1.0,0,False,0,0.75,log_in,False,,0.0195,0.1465,0.0,0.1441,0.0815,0.0,0.0
100000000913911100,peripheral,0.084,8,0.3276,"Вход 467 тыс. от 2, выход 600 тыс. на 1; пороги ролей не достигнуты",False,2,0,2,1,467000.0,600000.0,2,1,1.284796573875803,0.5,7,0,1,0,11424.448460373105,0.0004594431862388912,0.0,6.262331146281887e-05,1.9418391435934565e-05,False,,,0.0,3.0,2.0,0,False,0,2.22,log_out,False,,0.0021,0.1346,0.0,0.0799,0.0748,0.0361,0.0
100000004905207100,terminal,0.955,10,0.4864,"Получил 380 тыс. от 1 плательщ.; исходящих нет, хотя колено 2 обходилось — деньги остались",False,2,0,1,0,380000.0,0.0,1,0,0.0,0.0,11,0,1,0,10419.03776513192,0.00043470347319123927,0.0,4.3439113769937544e-09,0.0,False,,observed,0.0,,1.0,0,False,0,1.32,log_in,False,,0.1313,0.1327,0.0,0.1488,0.0736,0.0,0.0
100000003831201100,peripheral,0.563,1,0.3351,"Вход 40 тыс. от 1, выход 0 на 0; пороги ролей не достигнуты",False,2,0,1,0,40500.0,0.0,3,0,0.0,0.0,7,0,1,0,30144.071556879786,0.0005343335334517985,0.0,0.0,0.0,False,,,0.0,,1.0,1,False,0,0.2,log_in,False,,0.0141,0.1592,0.0,0.0799,0.0819,0.0,0.0
100000003073398100,peripheral,0.369,18,0.222,"Вход 93 тыс. от 1, выход 0 на 0; пороги ролей не достигнуты",False,2,0,1,0,92960.0,0.0,1,0,0.0,0.0,1,0,0,0,22310.994959865595,0.0003031880744905432,0.0,2.8721411760945644e-05,0.0,False,,,0.0,,1.0,0,False,0,0.37,log_in,False,,0.0092,0.1515,0.0,0.0192,0.0421,0.0,0.0
100000008418934100,terminal,0.952,2,0.3698,"Получил 360 тыс. от 1 плательщ.; исходящих нет, хотя колено 2 обходилось — деньги остались",False,2,0,1,0,360000.0,0.0,1,0,0.0,0.0,1,0,0,0,41064.61993156585,0.00031944516765308105,0.0,5.01279615617639e-07,0.0,False,,observed,0.0,,1.0,0,False,0,1.28,log_in,False,,0.1309,0.1658,0.0,0.0192,0.0539,0.0,0.0
100000002741024100,consolidator,0.54,4,0.5803,Получает от 5 плательщиков (0 seed) 818 тыс.; передаёт дальше 53%; сходятся потоки 7 seed [возвратный поток],False,2,0,5,6,817980.85,434989.0,9,7,0.5317838431058625,1.2,7,0,5,0,122066.08996457486,0.0028551865328902163,0.00012615097703820902,0.0002395946412825676,0.00011868996398086536,False,,,0.06483612229274763,1.0,1.0,1,False,3,2.31,in_deg,False,,0.1215,0.1856,0.0,0.0799,0.0996,0.077,0.0167
100000008106997100,peripheral,0.592,4,0.2754,"Вход 36 тыс. от 2, выход 21 тыс. на 1; пороги ролей не достигнуты [сквозной пропуск ≤2дн]",False,2,0,2,1,35600.0,20600.0,2,1,0.5786516853932584,0.5,7,0,2,0,1082.3605590805219,0.0003053704876347346,0.0,0.00021258252745376914,1.922024458454748e-05,False,,,1.0,0.0,1.0,0,False,0,1.66,log_out,False,,0.0148,0.0916,0.0,0.0799,0.0437,0.0287,0.0167
100000007998965100,consolidator,0.503,6,0.5316,Получает от 5 плательщиков (0 seed) 278 тыс.; передаёт дальше 9%; сходятся потоки 8 seed,False,2,0,5,1,278000.0,26000.0,7,3,0.09352517985611511,0.2,8,1,2,0,3486.4760783906454,0.00047192179072512604,0.0,3.056080467676292e-05,1.981468513870874e-05,False,,,0.38461538461538464,9.0,2.0,0,False,0,2.31,in_deg,False,,0.1132,0.1097,0.067,0.1253,0.0757,0.0407,0.0
100000001822623100,terminal,0.917,1,0.3816,"Получил 201 тыс. от 1 плательщ.; исходящих нет, хотя колено 2 обходилось — деньги остались",False,2,0,1,0,201300.0,0.0,1,0,0.0,0.0,7,0,1,0,6233.014621046085,0.0003234925604032018,0.0,9.190763424750497e-05,0.0,False,,observed,0.0,,1.0,0,False,0,0.89,log_in,False,,0.1261,0.1199,0.0,0.0799,0.0556,0.0,0.0
100000006424479100,peripheral,0.073,21,0.4985,"Вход 500 тыс. от 1, выход 220 тыс. на 2; пороги ролей не достигнуты",False,2,0,1,2,500000.0,220000.0,2,3,0.44,2.0,10,0,1,0,152371.8739751406,0.0009438231531441734,0.0,4.876477610101951e-08,7.311618816183526e-05,False,,,0.0,14.0,1.0,0,False,0,2.06,log_out,False,,0.0018,0.1884,0.0,0.1441,0.0948,0.0694,0.0
100000008696692100,peripheral,0.772,5,0.1305,"Вход 19 тыс. от 1, выход 0 на 0; пороги ролей не достигнуты",False,2,1,1,0,19000.0,0.0,1,0,0.0,0.0,1,0,0,0,359.91496598004886,0.00029202240311868824,0.0,7.619950610759462e-13,0.0,False,,,0.0,,1.0,0,False,0,0.71,log_in,False,,0.0193,0.0688,0.0,0.0192,0.0232,0.0,0.0
100000002748532100,peripheral,0.121,2,0.3946,"Вход 356 тыс. от 3, выход 647 тыс. на 2; пороги ролей не достигнуты",False,2,0,3,2,355575.0,646685.0,3,7,1.8187021022287844,0.6666666666666666,9,0,2,0,15750.796145441547,0.0003391055199443405,8.503611229211759e-07,2.527098166395474e-05,3.110905566777272e-05,False,,,0.0,4.0,1.0,0,False,0,2.24,log_out,False,,0.003,0.1432,0.0,0.1361,0.0603,0.0519,0.0
100000004456564100,peripheral,0.8,10,0.3452,"Вход 10 тыс. от 1, выход 0 на 0; пороги ролей не достигнуты",False,2,0,1,0,10000.0,0.0,2,0,0.0,0.0,8,0,1,0,10000.0,0.00039238727982301855,0.0,9.023756758629543e-290,0.0,False,,,0.0,,1.0,2,False,0,1.14,log_in,False,,0.02,0.1304,0.0,0.1253,0.0695,0.0,0.0
100000001530740100,peripheral,0.8,3,0.318,"Вход 15 тыс. от 1, выход 0 на 0; пороги ролей не достигнуты",False,2,0,1,0,15000.0,0.0,1,0,0.0,0.0,7,0,1,0,13485.0,0.0005298197024409161,0.0,0.0,0.0,False,,,0.0,,1.0,0,False,0,0.87,log_in,False,,0.02,0.1385,0.0,0.0799,0.0795,0.0,0.0
100000001386612100,peripheral,0.449,10,0.3206,"Вход 62 тыс. от 1, выход 0 на 0; пороги ролей не достигнуты",False,2,0,1,0,62264.0,0.0,1,0,0.0,0.0,7,0,1,0,25601.338786150733,0.0004337700956812129,0.0,1.8751204579046785e-06,0.0,False,,,0.0,,1.0,0,False,0,0.09,log_in,False,,0.0112,0.1559,0.0,0.0799,0.0734,0.0,0.0
100000003360542100,peripheral,0.136,4,0.4692,"Вход 317 тыс. от 2, выход 52 тыс. на 2; пороги ролей не достигнуты [возвратный поток]",False,2,0,2,2,317000.0,51800.0,3,5,0.16340694006309148,1.0,11,0,2,0,317000.0,0.0014564325480065504,0.0021493825147340397,3.2544319789852904e-07,9.90734256935437e-07,False,,,0.29922779922779924,4.0,1.0,1,False,3,1.82,log_out,False,,0.0034,0.1948,0.0,0.1488,0.0973,0.0082,0.0167
100000008352542100,peripheral,0.495,12,0.3653,"Вход 50 тыс. от 1, выход 0 на 0; пороги ролей не достигнуты",False,2,0,1,0,50220.0,0.0,1,0,0.0,0.0,10,0,1,0,21708.683473389356,0.00033147541987125204,0.0,9.977809130351899e-07,0.0,False,,,0.0,,1.0,0,False,0,0.05,log_in,False,,0.0124,0.1509,0.0,0.1441,0.058,0.0,0.0
100000001138376100,peripheral,0.8,3,0.1915,"Вход 15 тыс. от 1, выход 0 на 0; пороги ролей не достигнуты",False,2,0,1,0,15300.0,0.0,1,0,0.0,0.0,7,0,1,0,437.46453476312934,0.00029043685037690294,0.0,3.5676348106616587e-05,0.0,False,,,0.0,,1.0,0,False,0,0.86,log_in,False,,0.02,0.0731,0.0,0.0799,0.0185,0.0,0.0
100000003246024100,peripheral,0.687,1,0.4032,"Вход 25 тыс. от 1, выход 5 тыс. на 1; пороги ролей не достигнуты [сквозной пропуск ≤2дн]",False,2,0,1,1,25000.0,5000.0,1,1,0.2,1.0,7,0,1,0,8937.940102588223,0.0003713400564301804,0.0,0.0,0.0016116905777033756,False,,,1.0,0.0,1.0,0,False,0,1.42,log_out,False,,0.0172,0.1275,0.0,0.0799,0.0666,0.0953,0.0167
100000002680477100,peripheral,0.687,14,0.135,"Вход 25 тыс. от 1, выход 0 на 0; пороги ролей не достигнуты",False,2,0,1,0,25000.0,0.0,1,0,0.0,0.0,1,0,0,0,364.1081997166576,0.00029455855419957777,0.0,4.0882452251176484e-08,0.0,False,,,0.0,,1.0,0,False,0,0.52,log_in,False,,0.0172,0.0693,0.0,0.0192,0.0293,0.0,0.0
100000005882013100,peripheral,0.294,21,0.427,"Вход 135 тыс. от 2, выход 10 тыс. на 1; пороги ролей не достигнуты [сквозной пропуск ≤2дн; возвратный поток]",False,2,0,2,1,135000.0,10000.0,3,1,0.07407407407407407,0.5,10,0,2,0,37077.15600061521,0.0005264244942722106,0.00031168209860955257,5.9040836014174204e-06,0.0,False,,,1.0,1.0,1.0,0,False,2,1.54,log_out,False,,0.0074,0.1634,0.0,0.1441,0.0789,0.0,0.0333
100000005665181100,peripheral,0.05,4,0.3631,"Вход 45 тыс. от 4, выход 182 тыс. на 11; пороги ролей не достигнуты [дробление у порога: 4 перев.; возвратный поток]",False,2,0,4,11,45498.0,181915.0,5,11,3.998307617917271,2.75,7,0,4,0,1107.5984287792978,0.0003985397345805535,0.005738503240948388,0.00013215553688176565,0.0002683210247526526,False,,,0.07695901932221093,5.0,2.0,4,True,1,2.03,log_out,False,,0.0013,0.0926,0.0,0.0799,0.0703,0.0856,0.0333
100000008141170100,peripheral,0.8,3,0.3228,"Вход 11 тыс. от 1, выход 0 на 0; пороги ролей не достигнуты",False,2,0,1,0,11000.0,0.0,1,0,0.0,0.0,7,0,1,0,11000.0,0.0006219001408928704,0.0,0.0,0.0,False,,,0.0,,1.0,0,False,0,1.08,log_in,False,,0.02,0.1338,0.0,0.0799,0.0891,0.0,0.0
100000001382002100,transit,0.538,1,0.4415,"Пропуск 103%: получил 55 тыс., отдал 56 тыс.; 1→1 контрагента; в ≤2 дн ушло 0% [возвратный поток]",False,2,0,1,1,55000.0,56500.0,2,3,1.0272727272727273,1.0,7,0,1,0,55000.0,0.0006633074267595731,0.0009231328216341983,0.0,0.0,False,,,0.0,9.0,1.0,0,False,1,1.83,log_out,False,,0.0807,0.1738,0.0,0.0799,0.0903,0.0,0.0167
100000002481735100,peripheral,0.723,3,0.315,"Вход 22 тыс. от 1, выход 0 на 0; пороги ролей не достигнуты",False,2,0,1,0,22436.0,0.0,2,0,0.0,0.0,7,0,1,0,22436.0,0.00036270354277617874,0.0,1.2596486780937674e-05,0.0,False,,,0.0,,1.0,1,False,0,0.6,log_in,False,,0.0181,0.1518,0.0,0.0799,0.0652,0.0,0.0
100000000806727100,peripheral,0.544,15,0.3923,"Вход 45 тыс. от 1, выход 5 тыс. на 1; пороги ролей не достигнуты",False,2,0,1,1,45000.0,5000.0,1,1,0.1111111111111111,1.0,11,0,1,0,45000.0,0.0003458595620044754,9.454327130423968e-254,1.862578378996418e-253,0.0,False,,,0.0,21.0,1.0,0,False,0,1.42,log_out,False,,0.0136,0.168,0.0,0.1488,0.0618,0.0,0.0
100000003039473100,peripheral,0.72,3,0.2969,"Вход 23 тыс. от 1, выход 0 на 0; пороги ролей не достигнуты",False,2,0,1,0,23000.0,0.0,1,0,0.0,0.0,7,0,1,0,21059.745562990312,0.0003122138956605188,0.0,0.0,0.0,False,,,0.0,,1.0,0,False,0,0.58,log_in,False,,0.018,0.15,0.0,0.0799,0.0489,0.0,0.0
100000005205745100,peripheral,0.8,6,0.2684,"Вход 6 тыс. от 1, выход 0 на 0; пороги ролей не достигнуты",False,2,0,1,0,6000.0,0.0,1,0,0.0,0.0,7,0,1,0,6000.0,0.0003122614004459651,0.0,2.3525061209285672e-07,0.0,False,,,0.0,,1.0,1,False,0,1.49,log_in,False,,0.02,0.1194,0.0,0.0799,0.049,0.0,0.0
100000004356593100,peripheral,0.505,4,0.2313,"Вход 50 тыс. от 1, выход 10 тыс. на 1; пороги ролей не достигнуты",False,2,0,1,1,50000.0,10000.0,1,1,0.2,1.0,7,0,1,0,707.4619746777012,0.00029345166926508727,0.0,0.0001421681899391104,1.922024458454748e-05,False,,,0.0,7.0,1.0,0,False,0,1.54,log_out,False,,0.0126,0.0831,0.0,0.0799,0.0269,0.0287,0.0
100000008688881100,peripheral,0.551,5,0.1587,"Вход 44 тыс. от 1, выход 0 на 0; пороги ролей не достигнуты",False,2,1,1,0,44211.0,0.0,1,0,0.0,0.0,1,0,0,0,837.484240049681,0.0003005849993562214,0.0,7.619950610759462e-13,0.0,False,,,0.0,,1.0,0,False,0,0.14,log_in,False,,0.0138,0.0869,0.0,0.0192,0.0388,0.0,0.0
100000008111003100,consolidator,0.542,8,0.5478,Получает от 6 плательщиков (0 seed) 223 тыс.; передаёт дальше 16%; сходятся потоки 7 seed [сквозной пропуск ≤2дн; возвратный поток],False,2,0,6,1,222716.0,35000.0,9,1,0.15715081089818422,0.16666666666666666,7,0,6,0,16381.642622287316,0.00046962170073524596,0.0,0.00031517920140079384,0.0008819050437118924,False,,,1.0,0.0,2.0,0,False,104,2.89,in_deg,False,,0.122,0.1441,0.0,0.0799,0.0755,0.093,0.0333
100000003016773100,peripheral,0.533,13,0.3083,"Вход 47 тыс. от 1, выход 0 на 0; пороги ролей не достигнуты",False,2,0,1,0,46555.0,0.0,1,0,0.0,0.0,9,0,1,0,2908.9279713679925,0.00031479566469907517,0.0,2.2952505568848687e-06,0.0,False,,,0.0,,1.0,0,False,0,0.1,log_in,False,,0.0133,0.1076,0.0,0.1361,0.0513,0.0,0.0
100000004674799100,terminal,0.886,1,0.4817,"Получил 140 тыс. от 1 плательщ.; исходящих нет, хотя колено 2 обходилось — деньги остались",False,2,0,1,0,140000.0,0.0,5,0,0.0,0.0,7,0,1,0,140000.0,0.0007906731933061705,0.0,8.651368331254472e-05,0.0,False,,observed,0.0,,1.0,0,False,0,0.64,log_in,False,,0.1218,0.1873,0.0,0.0799,0.0926,0.0,0.0
100000005834479100,peripheral,0.8,4,0.1593,"Вход 8 тыс. от 1, выход 14 тыс. на 2; пороги ролей не достигнуты",False,2,0,1,2,7500.0,14470.0,1,2,1.9293333333333333,2.0,7,0,1,0,106.11929620165517,0.00028675165047446034,0.0027141374993078287,0.0001421681899391104,1.9811752130374257e-06,False,,,0.0,,1.0,1,False,0,1.6,log_out,False,,0.02,0.0408,0.0,0.0799,0.004,0.0145,0.0
100000003278020100,terminal,0.91,4,0.3735,"Получил 190 тыс. от 1 плательщ.; исходящих нет, хотя колено 2 обходилось — деньги остались",False,2,0,1,0,190000.0,0.0,1,0,0.0,0.0,7,0,1,0,4106.605351170569,0.0003245512930395254,0.0,3.1291155102692485e-05,0.0,False,,observed,0.0,,1.0,0,False,0,0.85,log_in,False,,0.1251,0.1124,0.0,0.0799,0.056,0.0,0.0
100000000831684100,peripheral,0.8,13,0.3125,"Вход 15 тыс. от 1, выход 50 тыс. на 1; пороги ролей не достигнуты [сквозной пропуск ≤2дн; возвратный поток]",False,2,0,1,1,15000.0,50000.0,2,3,3.3333333333333335,1.0,1,0,0,0,15000.0,0.0018906089223340397,4.3332026739792795e-06,0.0,0.0,False,,,0.9,0.5,1.0,1,False,1,1.81,log_out,False,,0.02,0.1415,0.0,0.0192,0.0984,0.0,0.0333
100000000307908100,peripheral,0.8,33,0.1704,"Вход 5 тыс. от 1, выход 0 на 0; пороги ролей не достигнуты",False,2,7,1,0,5000.0,0.0,1,0,0.0,0.0,1,0,0,0,1606.6891582323294,0.0002964337747494595,0.0,3.259989328808774e-220,0.0,False,,,0.0,,1.0,1,False,0,1.61,log_in,False,,0.02,0.0983,0.0,0.0192,0.0329,0.0,0.0
100000001782980100,peripheral,0.505,26,0.2492,"Вход 50 тыс. от 1, выход 596 тыс. на 1; пороги ролей не достигнуты",False,2,3,1,1,50000.0,596200.0,1,3,11.924,1.0,1,0,0,0,17645.833333333332,0.0003702831507848959,0.0,1.23619985386e-313,5.944405541612623e-07,False,,,0.0,12.0,1.0,0,False,0,2.22,log_out,False,,0.0126,0.1456,0.0,0.0192,0.0665,0.0053,0.0
100000002454724100,terminal,0.878,14,0.3078,"Получил 125 тыс. от 1 плательщ.; исходящих нет, хотя колено 2 обходилось — деньги остались",False,2,0,1,0,125000.0,0.0,3,0,0.0,0.0,7,0,1,0,339.42777308321,0.00030118599844023634,0.0,3.8766877888989646e-07,0.0,False,,observed,0.0,,1.0,0,False,0,0.57,log_in,False,,0.1207,0.0674,0.0,0.0799,0.0398,0.0,0.0
100000005904580100,terminal,0.832,12,0.411,"Получил 72 тыс. от 2 плательщ.; исходящих нет, хотя колено 2 обходилось — деньги остались",False,2,0,2,0,72000.0,0.0,2,0,0.0,0.0,7,0,2,0,13007.09095721046,0.0005227099859368698,0.0,6.845419609867219e-06,0.0,False,,observed,0.0,,2.0,0,False,0,0.58,in_deg,False,,0.1144,0.1379,0.0,0.0799,0.0788,0.0,0.0
100000008474308100,peripheral,0.8,12,0.3196,"Вход 14 тыс. от 1, выход 10 тыс. на 1; пороги ролей не достигнуты [возвратный поток]",False,2,0,1,1,14000.0,10000.0,2,1,0.7142857142857143,1.0,7,0,1,0,9527.77772920845,0.0004450220360099154,0.0009231328216341983,4.475634261752007e-06,0.0,False,,,0.0,,1.0,2,False,1,1.54,log_out,False,,0.02,0.1287,0.0,0.0799,0.0743,0.0,0.0167
100000000795033100,peripheral,0.776,11,0.3121,"Вход 18 тыс. от 1, выход 0 на 0; пороги ролей не достигнуты",False,2,0,1,0,18200.0,0.0,1,0,0.0,0.0,7,0,1,0,10051.817010507695,0.0005330176535576376,0.0,0.0,0.0,False,,,0.0,,1.0,0,False,0,0.74,log_in,False,,0.0194,0.1315,0.0,0.0799,0.0813,0.0,0.0
100000000861294100,terminal,0.892,18,0.355,"Получил 150 тыс. от 1 плательщ.; исходящих нет, хотя колено 2 обходилось — деньги остались",False,2,0,1,0,150000.0,0.0,1,0,0.0,0.0,1,0,0,0,36000.96002560068,0.00031399890954633404,0.0,2.8721411760945644e-05,0.0,False,,observed,0.0,,1.0,0,False,0,0.69,log_in,False,,0.1226,0.1626,0.0,0.0192,0.0504,0.0,0.0
100000006557763100,peripheral,0.8,8,0.3566,"Вход 10 тыс. от 1, выход 0 на 0; пороги ролей не достигнуты",False,2,0,1,0,10000.0,0.0,1,0,0.0,0.0,10,0,1,0,10000.0,0.0003471751881752853,0.0,0.0,0.0,False,,,0.0,,1.0,0,False,0,1.14,log_in,False,,0.02,0.1304,0.0,0.1441,0.0621,0.0,0.0
100000005608515100,peripheral,0.446,6,0.1755,"Вход 64 тыс. от 1, выход 0 на 0; пороги ролей не достигнуты",False,2,0,1,0,64000.0,0.0,4,0,0.0,0.0,1,0,0,0,5946.4178741820015,0.0002931596353300166,0.0,1.23619985386e-313,0.0,False,,,0.0,,1.0,2,False,0,0.11,log_in,False,,0.0112,0.1191,0.0,0.0192,0.026,0.0,0.0
100000003922499100,peripheral,0.505,13,0.2832,"Вход 50 тыс. от 1, выход 0 на 0; пороги ролей не достигнуты",False,2,0,1,0,50000.0,0.0,1,0,0.0,0.0,1,0,0,0,47101.0,0.0005352399237782651,0.0,0.0,0.0,False,,,0.0,,1.0,0,False,0,0.05,log_in,False,,0.0126,0.1693,0.0,0.0192,0.082,0.0,0.0
100000008603629100,coordinator,0.784,1,0.6982,"Сходятся деньги 7 seed, вход 1.8 млн; получает от 3 консолидаторов/координаторов; финансирует 3 распределителя(ей); собирает и рассылает одновременно",False,2,0,19,61,1817300.0,4986156.0,45,74,2.7437165025037142,3.210526315789474,7,0,19,0,67397.03447039552,0.0011918072731347837,0.08609235509830432,0.002457394604701579,0.005760528742267877,False,,,0.9888378943619093,0.0,4.0,1,False,762,10.39,in_deg,True,получает от 3 консолидаторов/координаторов; финансирует 3 распределителя(ей); собирает и рассылает одновременно,0.196,0.1765,0.0,0.0799,0.0964,0.0993,0.05
100000004825069100,peripheral,0.634,5,0.1453,"Вход 30 тыс. от 1, выход 0 на 0; пороги ролей не достигнуты",False,2,1,1,0,30000.0,0.0,4,0,0.0,0.0,1,0,0,0,568.2867883895508,0.00029575841353528677,0.0,7.619950610759462e-13,0.0,False,,,0.0,,1.0,3,False,0,0.4,log_in,False,,0.0158,0.0786,0.0,0.0192,0.0316,0.0,0.0
100000004331458100,terminal,0.931,36,0.4126,"Получил 250 тыс. от 2 плательщ.; исходящих нет, хотя колено 2 обходилось — деньги остались",False,2,6,2,0,250000.0,0.0,2,0,0.0,0.0,1,0,0,0,46423.77375165709,0.0013234381164598692,0.0,1.3380297447651783e-283,0.0,False,,observed,0.0,,1.0,0,False,0,1.03,log_in,False,,0.128,0.1686,0.0,0.0192,0.0968,0.0,0.0
100000002911170100,terminal,0.943,14,0.3513,"Получил 300 тыс. от 1 плательщ.; исходящих нет, хотя колено 2 обходилось — деньги остались",False,2,0,1,0,300000.0,0.0,2,0,0.0,0.0,7,0,1,0,814.6266553997041,0.00032304938435236,0.0,3.8766877888989646e-07,0.0,False,,observed,0.0,,1.0,0,False,0,1.16,log_in,False,,0.1297,0.0863,0.0,0.0799,0.0554,0.0,0.0
100000008011159100,peripheral,0.118,7,0.3789,"Вход 363 тыс. от 3, выход 153 тыс. на 5; пороги ролей не достигнуты [возвратный поток]",False,2,0,3,5,363000.0,153037.0,6,5,0.4215895316804408,1.6666666666666667,7,0,3,0,7909.9921011389715,0.0004861091667224926,0.0013030933309049982,0.00014978498933203193,0.00012211295083857732,False,,,0.3593902128243497,6.0,1.0,1,False,1,2.0,log_out,False,,0.003,0.1248,0.0,0.0799,0.0767,0.0778,0.0167
100000003854444100,distributor,0.723,19,0.5552,Рассылает на 14 получателей 2.3 млн (веер 14:1); плательщиков 1 [сквозной пропуск ≤2дн],False,2,0,1,14,210000.0,2322909.0,4,14,11.061471428571428,14.0,7,0,1,0,17231.748251748253,0.00046676162714719263,0.004533216069314704,9.023756758629543e-290,0.0010752598119040178,False,,,0.7448307273337009,2.0,1.0,0,False,0,2.45,log_out,False,,0.1446,0.145,0.0,0.0799,0.0752,0.0938,0.0167
100000008547948100,consolidator,0.539,2,0.5662,Получает от 6 плательщиков (0 seed) 213 тыс.; передаёт дальше 2438%; сходятся потоки 8 seed [4 плательщ. в 1 день; возвратный поток],False,2,0,6,26,212665.0,5185600.0,7,31,24.383890155878966,4.333333333333333,8,0,5,0,6046.605403314872,0.0004277037249167612,0.00010550660910974718,5.649427167739863e-06,0.0011322141374262578,False,,,0.21627198395556926,5.0,4.0,1,False,8,2.89,in_deg,False,,0.1213,0.1195,0.0,0.1253,0.0727,0.0942,0.0333
100000005175148100,peripheral,0.403,3,0.3693,"Вход 79 тыс. от 2, выход 15 тыс. на 1; пороги ролей не достигнуты [сквозной пропуск ≤2дн; возвратный поток]",False,2,0,2,1,79000.0,15000.0,4,1,0.189873417721519,0.5,7,0,2,0,24723.456940334647,0.0007181459635567832,0.00014314447970799777,5.127732812735449e-06,0.0,False,,,1.0,1.0,1.0,1,False,2,1.61,log_out,False,,0.0101,0.1544,0.0,0.0799,0.0915,0.0,0.0333
100000002087788100,terminal,0.864,7,0.4722,"Получил 100 тыс. от 1 плательщ.; исходящих нет, хотя колено 2 обходилось — деньги остались",False,2,0,1,0,100500.0,0.0,1,0,0.0,0.0,7,0,1,0,100500.0,0.0006585724738436675,0.0,0.0,0.0,False,,observed,0.0,,1.0,0,False,0,0.42,log_in,False,,0.1188,0.1832,0.0,0.0799,0.0903,0.0,0.0
100000004150593100,distributor,0.653,3,0.5012,Рассылает на 11 получателей 871 тыс. (веер 11:1); плательщиков 1 [сквозной пропуск ≤2дн; возвратный поток],False,2,0,1,11,57000.0,871165.0,2,16,15.28359649122807,11.0,7,0,1,0,9089.374320654235,0.0003066265725556523,0.002820884911939752,2.603644808281309e-06,0.00022164097899513536,False,,,0.815867258211705,0.5,1.0,0,False,4,2.29,log_out,False,,0.1306,0.128,0.0,0.0799,0.0448,0.0845,0.0333
100000001597505100,peripheral,0.663,4,0.3256,"Вход 26 тыс. от 1, выход 13 тыс. на 1; пороги ролей не достигнуты",False,2,0,1,1,26460.0,12920.0,1,1,0.48828420256991684,1.0,8,0,1,0,3987.0108723021544,0.00031475890283167617,2.15234233729641e-05,4.870880269675223e-241,9.788454458522118e-06,False,,,0.0,,1.0,0,False,0,1.58,log_out,False,,0.0166,0.1119,0.0,0.1253,0.0512,0.0207,0.0
100000007629121100,peripheral,0.647,8,0.3887,"Вход 29 тыс. от 1, выход 0 на 0; пороги ролей не достигнуты",False,2,0,1,0,29000.0,0.0,1,0,0.0,0.0,10,0,1,0,29000.0,0.0003960360915614083,0.0,1.23619985386e-313,0.0,False,,,0.0,,1.0,0,False,0,0.42,log_in,False,,0.0162,0.1583,0.0,0.1441,0.0702,0.0,0.0
100000005614315100,terminal,0.965,3,0.4969,"Получил 455 тыс. от 1 плательщ.; исходящих нет, хотя колено 2 обходилось — деньги остались",False,2,0,1,0,455000.0,0.0,1,0,0.0,0.0,7,0,1,0,454095.59542375227,0.0005750924282981935,0.0,0.0,0.0,False,,observed,0.0,,1.0,0,False,0,1.44,log_in,False,,0.1327,0.1973,0.0,0.0799,0.087,0.0,0.0
100000008324800100,transit,0.913,4,0.5216,"Пропуск 97%: получил 526 тыс., отдал 511 тыс.; 3→1 контрагента; в ≤2 дн ушло 100% [сквозной пропуск ≤2дн; возвратный поток]",False,2,0,3,1,526500.0,511000.0,17,13,0.9705603038936372,0.3333333333333333,7,0,3,0,17114.80087881074,0.0018517826355651504,0.0,0.00310698654824192,1.922024458454748e-05,False,,,1.0,1.0,2.0,2,False,1,2.2,log_out,False,,0.1369,0.1444,0.0,0.0799,0.0983,0.0287,0.0333
100000005030592100,peripheral,0.8,3,0.174,"Вход 10 тыс. от 1, выход 0 на 0; пороги ролей не достигнуты",False,2,0,1,0,10000.0,0.0,1,0,0.0,0.0,7,0,1,0,285.9245325249211,0.0002887507034719393,0.0,3.5676348106616587e-05,0.0,False,,,0.0,,1.0,0,False,0,1.14,log_in,False,,0.02,0.0624,0.0,0.0799,0.0117,0.0,0.0
100000001633685100,terminal,0.783,16,0.3242,"Получил 45 тыс. от 3 плательщ.; исходящих нет, хотя колено 2 обходилось — деньги остались",False,2,0,3,0,45000.0,0.0,3,0,0.0,0.0,7,0,3,0,1102.592724856667,0.0003061866332400334,0.0,0.00013688514567287784,0.0,False,,observed,0.0,,1.0,1,False,0,1.15,in_deg,False,,0.1077,0.0921,0.0,0.0799,0.0444,0.0,0.0
100000001848426100,peripheral,0.361,18,0.2229,"Вход 96 тыс. от 1, выход 0 на 0; пороги ролей не достигнуты",False,2,0,1,0,95530.0,0.0,1,0,0.0,0.0,1,0,0,0,22927.81140830422,0.0003036751685665142,0.0,2.8721411760945644e-05,0.0,False,,,0.0,,1.0,0,False,0,0.38,log_in,False,,0.009,0.1519,0.0,0.0192,0.0427,0.0,0.0
100000004580202100,peripheral,0.7,27,0.3472,"Вход 9 тыс. от 1, выход 45 тыс. на 3; пороги ролей не достигнуты",False,2,0,1,3,9000.0,45000.0,1,4,5.0,3.0,7,0,1,0,9000.0,0.00032162328322811565,1.57847465707e-313,5.175780176322777e-08,5.9444055416126226e-05,False,,,0.1111111111111111,5.0,1.0,1,False,0,1.79,log_out,False,,0.0175,0.1277,0.0,0.0799,0.0552,0.0669,0.0
100000008717375100,peripheral,0.644,8,0.294,"Вход 30 тыс. от 1, выход 0 на 0; пороги ролей не достигнуты",False,2,0,1,0,29506.0,0.0,1,0,0.0,0.0,8,0,1,0,4007.2814911692917,0.0003017749691235294,0.0,2.8321519604650354e-232,0.0,False,,,0.0,,1.0,0,False,0,0.41,log_in,False,,0.0161,0.1121,0.0,0.1253,0.0405,0.0,0.0
100000007861311100,peripheral,0.544,28,0.2514,"Вход 45 тыс. от 1, выход 0 на 0; пороги ролей не достигнуты",False,2,0,1,0,45000.0,0.0,1,0,0.0,0.0,1,0,0,0,24324.324322307944,0.0003585524623513075,0.0,2.141511818252024e-241,0.0,False,,,0.0,,1.0,0,False,0,0.13,log_in,False,,0.0136,0.1542,0.0,0.0192,0.0644,0.0,0.0
100000005578559100,distributor,0.821,6,0.5452,Рассылает на 21 получателей 893 тыс. (веер 10:1); плательщиков 2 [возвратный поток],False,2,0,2,21,131000.0,893163.67,2,23,6.818043282442749,10.5,7,0,1,0,6924.7286701622725,0.0003910151132301349,3.437992969466377e-05,2.1410008393477952e-06,0.0009667514112443349,False,,,0.4550061916423448,0.0,1.0,0,False,1,2.29,log_out,False,,0.1642,0.1219,0.0,0.0799,0.0691,0.0933,0.0167
100000008764436100,peripheral,0.8,5,0.1154,"Вход 13 тыс. от 1, выход 0 на 0; пороги ролей не достигнуты",False,2,1,1,0,13100.0,0.0,1,0,0.0,0.0,1,0,0,0,248.1518975967705,0.00029001854298614906,0.0,7.619950610759462e-13,0.0,False,,,0.0,,1.0,0,False,0,0.96,log_in,False,,0.02,0.0589,0.0,0.0192,0.0172,0.0,0.0
100000000190228100,peripheral,0.8,6,0.3947,"Вход 5 тыс. от 1, выход 29 тыс. на 1; пороги ролей не достигнуты",False,2,0,1,1,5000.0,28560.0,1,1,5.712,1.0,8,0,1,0,5000.0,0.0005820068181865647,0.0,0.0,2.159800680119253e-05,False,,,0.0,,1.0,1,False,0,1.72,log_out,False,,0.02,0.1158,0.0,0.1253,0.0875,0.0462,0.0
100000003971049100,peripheral,0.468,16,0.24,"Вход 56 тыс. от 1, выход 0 на 0; пороги ролей не достигнуты [дробление у порога: 4 перев.]",False,2,0,1,0,55900.0,0.0,7,0,0.0,0.0,7,0,1,0,2185.763375909732,0.00029426514402485876,0.0,5.172134115335331e-05,0.0,False,,,0.0,,1.0,4,True,0,0.02,log_in,False,,0.0117,0.1031,0.0,0.0799,0.0286,0.0,0.0167
100000008743913100,distributor,0.533,2,0.5844,Рассылает на 13 получателей 1.9 млн (веер 4:1); плательщиков 3,False,2,0,3,13,149300.0,1850600.0,3,13,12.395177494976558,4.333333333333333,9,1,3,0,9755.097116266632,0.00033210781237653756,1.909819121278533e-05,2.284513749508922e-06,0.00030606507803785635,False,,,0.44796282286825895,3.0,2.0,1,False,0,2.41,log_out,False,,0.1066,0.1293,0.067,0.1361,0.0582,0.0871,0.0
100000004400361100,peripheral,0.8,17,0.2081,"Вход 10 тыс. от 1, выход 0 на 0; пороги ролей не достигнуты",False,2,0,1,0,10000.0,0.0,1,0,0.0,0.0,7,0,1,0,2150.702017813265,0.0002872256288669924,0.0,4.0407558618990766e-06,0.0,False,,,0.0,,1.0,0,False,0,1.14,log_in,False,,0.02,0.1027,0.0,0.0799,0.0055,0.0,0.0
100000002175422100,peripheral,0.4,30,0.4176,"Вход 68 тыс. от 3, выход 1.6 млн на 6; пороги ролей не достигнуты [возвратный поток]",False,2,0,3,6,68500.0,1621188.0,5,14,23.66697810218978,2.0,7,0,3,0,12013.031267380775,0.0008458861317816028,0.00254741990800444,4.707131287209005e-295,0.00015871562796105702,False,,,0.497282239937626,3.0,2.0,1,False,3,2.39,log_out,False,,0.01,0.1358,0.0,0.0799,0.0935,0.0816,0.0167
100000004544958100,peripheral,0.248,12,0.4639,"Вход 168 тыс. от 1, выход 23 тыс. на 2; пороги ролей не достигнуты [возвратный поток]",False,2,0,1,2,168000.0,23200.0,3,2,0.1380952380952381,2.0,8,0,1,0,63000.0,0.001214607508891017,5.3109161779482744e-05,0.0,2.0805419395644178e-05,False,,,0.22413793103448276,3.0,1.0,0,False,1,1.68,log_out,False,,0.0062,0.1754,0.0,0.1253,0.0965,0.0439,0.0167
100000008466579100,distributor,0.726,2,0.5609,Рассылает на 17 получателей 1.9 млн (веер 8:1); плательщиков 2 [возвратный поток],False,2,0,2,17,36952.0,1933000.0,2,20,52.31110630006495,8.5,8,0,1,0,6256.714987376259,0.0003534138885849357,9.925306094179034e-05,5.411371516673384e-07,0.0005056322361854107,False,,,0.06466632177961718,0.5,1.0,1,False,4,2.42,log_out,False,,0.1452,0.12,0.0,0.1253,0.0633,0.0905,0.0167
100000001184915100,terminal,0.917,3,0.3872,"Получил 201 тыс. от 1 плательщ.; исходящих нет, хотя колено 2 обходилось — деньги остались",False,2,0,1,0,201000.0,0.0,2,0,0.0,0.0,7,0,1,0,5747.083103750915,0.00034951562023572384,0.0,3.5676348106616587e-05,0.0,False,,observed,0.0,,1.0,0,False,0,0.89,log_in,False,,0.1261,0.1186,0.0,0.0799,0.0626,0.0,0.0
100000004435304100,peripheral,0.666,5,0.1413,"Вход 26 тыс. от 1, выход 0 на 0; пороги ролей не достигнуты",False,2,1,1,0,26200.0,0.0,1,0,0.0,0.0,1,0,0,0,496.303795193541,0.0002944677917550073,0.0,7.619950610759462e-13,0.0,False,,,0.0,,1.0,0,False,0,0.49,log_in,False,,0.0167,0.0762,0.0,0.0192,0.0291,0.0,0.0
100000008762728100,peripheral,0.8,3,0.2846,"Вход 17 тыс. от 1, выход 0 на 0; пороги ролей не достигнуты",False,2,0,1,0,17026.0,0.0,1,0,0.0,0.0,7,0,1,0,10113.872823528993,0.00031770106594377663,0.0,1.7907846980216076e-06,0.0,False,,,0.0,,1.0,0,False,0,0.78,log_in,False,,0.02,0.1319,0.0,0.0799,0.0528,0.0,0.0
100000004285800100,peripheral,0.8,1,0.3411,"Вход 5 тыс. от 1, выход 15 тыс. на 1; пороги ролей не достигнуты",False,2,0,1,1,5000.0,15000.0,1,1,3.0,1.0,10,0,1,0,5000.0,0.0003442181347833002,0.0,0.0,0.0,False,,,0.0,,1.0,1,False,0,1.61,log_in,False,,0.02,0.1158,0.0,0.1441,0.0613,0.0,0.0
100000008557672100,peripheral,0.517,5,0.1612,"Вход 49 тыс. от 1, выход 0 на 0; пороги ролей не достигнуты",False,2,1,1,0,49125.0,0.0,1,0,0.0,0.0,1,0,0,0,930.5696159878894,0.0003022539771005091,0.0,7.619950610759462e-13,0.0,False,,,0.0,,1.0,0,False,0,0.07,log_in,False,,0.0129,0.088,0.0,0.0192,0.041,0.0,0.0
100000005142589100,peripheral,0.505,1,0.2539,"Вход 50 тыс. от 1, выход 0 на 0; пороги ролей не достигнуты",False,2,0,1,0,50000.0,0.0,2,0,0.0,0.0,7,0,1,0,4518.01474656307,0.0003103697710860754,0.0,5.346851613561035e-05,0.0,False,,,0.0,,1.0,0,False,0,0.05,log_in,False,,0.0126,0.1138,0.0,0.0799,0.0475,0.0,0.0
100000003747133100,consolidator,0.495,4,0.4765,Получает от 5 плательщиков (0 seed) 237 тыс.; передаёт дальше 105%; сходятся потоки 7 seed [сквозной пропуск ≤2дн],False,2,0,5,2,237068.0,250000.0,8,2,1.0545497494389795,0.4,7,0,5,0,8673.376255525587,0.0003780707341340088,0.0,0.000505669906564451,9.610122292273739e-05,False,,,0.92,1.5,2.0,0,False,0,2.31,in_deg,False,,0.1114,0.1271,0.0,0.0799,0.0677,0.0738,0.0167
100000003289405100,terminal,0.952,8,0.335,"Получил 355 тыс. от 1 плательщ.; исходящих нет, хотя колено 2 обходилось — деньги остались",False,2,0,1,0,355000.0,0.0,1,0,0.0,0.0,1,0,0,0,7803.376658174157,0.00033900466723614563,0.0,6.211858071745701e-05,0.0,False,,observed,0.0,,1.0,0,False,0,1.27,log_in,False,,0.1309,0.1247,0.0,0.0192,0.0602,0.0,0.0
100000002691858100,peripheral,0.489,4,0.323,"Вход 52 тыс. от 1, выход 0 на 0; пороги ролей не достигнуты",False,2,0,1,0,51500.0,0.0,1,0,0.0,0.0,8,0,1,0,7760.055174737753,0.000342382024513619,0.0,4.870880269675223e-241,0.0,False,,,0.0,,1.0,0,False,0,0.03,log_in,False,,0.0122,0.1245,0.0,0.1253,0.0611,0.0,0.0
100000007534354100,peripheral,0.505,14,0.174,"Вход 50 тыс. от 1, выход 148 тыс. на 3; пороги ролей не достигнуты",False,2,0,1,3,50000.0,147810.0,1,3,2.9562,3.0,1,0,0,0,728.2163994333152,0.00030354781418186465,1.3217133487213798e-05,4.0882452251176484e-08,2.377762216645049e-06,False,,,0.0,,1.0,0,False,0,1.99,log_out,False,,0.0126,0.084,0.0,0.0192,0.0425,0.0155,0.0
100000000765628100,peripheral,0.8,3,0.2674,"Вход 5 тыс. от 1, выход 0 на 0; пороги ролей не достигнуты",False,2,0,1,0,5000.0,0.0,1,0,0.0,0.0,7,0,1,0,5000.0,0.0003154241694621746,0.0,2.4750489937720995e-06,0.0,False,,,0.0,,1.0,1,False,0,1.61,log_in,False,,0.02,0.1158,0.0,0.0799,0.0516,0.0,0.0
100000004962193100,consolidator,0.691,4,0.4925,Получает от 8 плательщиков (0 seed) 900 тыс.; передаёт дальше 0%; сходятся потоки 7 seed [5 плательщ. в 1 день; аномалия для колена],False,2,0,8,0,900468.0,0.0,11,0,0.0,0.0,7,0,8,0,10924.609578186999,0.0006573150442725716,0.0,0.0004994172276184054,0.0,False,,,0.0,,5.0,0,False,0,4.04,in_deg,True,,0.1555,0.1335,0.0,0.0799,0.0902,0.0,0.0333
100000005032294100,peripheral,0.8,10,0.3452,"Вход 10 тыс. от 1, выход 0 на 0; пороги ролей не достигнуты",False,2,0,1,0,10000.0,0.0,1,0,0.0,0.0,8,0,1,0,10000.0,0.00039238727982301855,0.0,9.023756758629543e-290,0.0,False,,,0.0,,1.0,0,False,0,1.14,log_in,False,,0.02,0.1304,0.0,0.1253,0.0695,0.0,0.0
100000001251686100,peripheral,0.781,8,0.2953,"Вход 18 тыс. от 1, выход 0 на 0; пороги ролей не достигнуты",False,2,0,1,0,18000.0,0.0,1,0,0.0,0.0,9,0,1,0,2694.0385641988205,0.0002965688423999929,0.0,0.0001427672909306537,0.0,False,,,0.0,,1.0,0,False,0,0.75,log_in,False,,0.0195,0.1067,0.0,0.1361,0.033,0.0,0.0
100000002398779100,consolidator,0.793,4,0.6375,Получает от 13 плательщиков (0 seed) 1.1 млн; передаёт дальше 6%; сходятся потоки 8 seed [сквозной пропуск ≤2дн; 7 плательщ. в 1 день; аномалия для колена],False,2,0,13,1,1095690.0,66000.0,28,3,0.06023601566136407,0.07692307692307693,8,0,13,0,40343.44059393716,0.0016005031258790243,3.934617121986092e-05,0.0005927894952735103,1.2780471914467137e-05,False,,,1.0,0.0,7.0,7,False,0,6.93,in_deg,True,,0.1784,0.1654,0.0,0.1253,0.0976,0.0209,0.05
100000008512827100,distributor,0.454,2,0.5715,Рассылает на 10 получателей 1.9 млн (веер 3:1); плательщиков 3 [сквозной пропуск ≤2дн],False,2,0,3,10,107949.0,1944500.0,3,10,18.01313583266172,3.3333333333333335,9,1,3,0,6961.641575700295,0.0003352561979240575,0.00014596924142267682,3.91180715511156e-07,0.00013726544500137548,False,,,0.7986628953458472,2.0,1.0,0,False,0,2.42,log_out,False,,0.0908,0.1222,0.067,0.1361,0.059,0.0796,0.0167
100000003943483100,peripheral,0.8,13,0.3329,"Вход 10 тыс. от 1, выход 0 на 0; пороги ролей не достигнуты",False,2,0,1,0,10000.0,0.0,1,0,0.0,0.0,8,0,1,0,10000.0,0.0003289649862338494,0.0,0.0,0.0,False,,,0.0,,1.0,0,False,0,1.14,log_in,False,,0.02,0.1304,0.0,0.1253,0.0573,0.0,0.0
100000005031696100,peripheral,0.8,8,0.4365,"Вход 5 тыс. от 1, выход 115 тыс. на 2; пороги ролей не достигнуты",False,2,0,1,2,5000.0,115000.0,1,3,23.0,2.0,10,0,1,0,5000.0,0.0005397118809391454,0.0,0.0,9.59030760713503e-05,False,,,0.043478260869565216,4.0,1.0,1,False,0,1.95,log_out,False,,0.02,0.1158,0.0,0.1441,0.0832,0.0735,0.0
100000002703376100,peripheral,0.534,16,0.2184,"Вход 47 тыс. от 1, выход 0 на 0; пороги ролей не достигнуты",False,2,0,1,0,46501.0,0.0,1,0,0.0,0.0,7,0,1,0,1818.250138518398,0.00029280302788279564,0.0,5.172134115335331e-05,0.0,False,,,0.0,,1.0,0,False,0,0.1,log_in,False,,0.0134,0.0999,0.0,0.0799,0.0252,0.0,0.0
100000003617552100,peripheral,0.687,26,0.2654,"Вход 25 тыс. от 1, выход 0 на 0; пороги ролей не достигнуты",False,2,3,1,0,25000.0,0.0,1,0,0.0,0.0,1,0,0,0,16500.0,0.0005510452542740759,0.0,0.0,0.0,False,,,0.0,,1.0,0,False,0,0.52,log_in,False,,0.0172,0.1442,0.0,0.0192,0.0848,0.0,0.0
100000007617808100,terminal,0.964,17,0.4592,"Получил 450 тыс. от 1 плательщ.; исходящих нет, хотя колено 2 обходилось — деньги остались",False,2,0,1,0,450000.0,0.0,1,0,0.0,0.0,7,0,1,0,96781.59080159692,0.0003601043534538582,0.0,4.0407558618990766e-06,0.0,False,,observed,0.0,,1.0,0,False,0,1.43,log_in,False,,0.1326,0.182,0.0,0.0799,0.0647,0.0,0.0
100000002613776100,peripheral,0.634,4,0.2296,"Вход 30 тыс. от 1, выход 0 на 0; пороги ролей не достигнуты",False,2,0,1,0,30000.0,0.0,2,0,0.0,0.0,7,0,1,0,1196.44849771451,0.00030148630332664647,0.0,0.00015948067689100677,0.0,False,,,0.0,,1.0,0,False,0,0.4,log_in,False,,0.0158,0.0936,0.0,0.0799,0.0402,0.0,0.0
100000002578405100,distributor,0.993,9,0.5236,Рассылает на 116 получателей 3.1 млн (веер 58:1); плательщиков 2 [возвратный поток; аномалия для колена],False,2,1,2,116,1200351.0,3108352.0,7,120,2.589535894084314,58.0,1,0,0,0,2276.809559810472,0.0005700071256448129,1.512924480514743e-08,7.686094599355042e-13,0.00017100073274705643,False,,,0.6693176963226816,1.0,1.0,0,False,2,11.95,out_deg,True,,0.1986,0.1036,0.0,0.0192,0.0867,0.0821,0.0333
100000006161893100,peripheral,0.8,3,0.3202,"Вход 14 тыс. от 1, выход 0 на 0; пороги ролей не достигнуты",False,2,0,1,0,14000.0,0.0,1,0,0.0,0.0,7,0,1,0,14000.0,0.0005318535188146678,0.0,0.0,0.0,False,,,0.0,,1.0,0,False,0,0.92,log_in,False,,0.02,0.1395,0.0,0.0799,0.0807,0.0,0.0
100000002633701100,terminal,0.935,2,0.3553,"Получил 267 тыс. от 1 плательщ.; исходящих нет, хотя колено 2 обходилось — деньги остались",False,2,0,1,0,266850.0,0.0,1,0,0.0,0.0,1,0,0,0,30439.149524273187,0.00031067978540157034,0.0,5.01279615617639e-07,0.0,False,,observed,0.0,,1.0,0,False,0,1.08,log_in,False,,0.1286,0.1597,0.0,0.0192,0.0478,0.0,0.0
100000002432143100,peripheral,0.398,8,0.341,"Вход 81 тыс. от 1, выход 0 на 0; пороги ролей не достигнуты",False,2,0,1,0,81310.0,0.0,1,0,0.0,0.0,9,0,1,0,12169.57086972256,0.00033525669770259663,0.0,0.0001427672909306537,0.0,False,,,0.0,,1.0,0,False,0,0.27,log_in,False,,0.01,0.1359,0.0,0.1361,0.0591,0.0,0.0
100000000490383100,peripheral,0.2,3,0.3564,"Вход 63 тыс. от 3, выход 461 тыс. на 8; пороги ролей не достигнуты",False,2,0,3,8,62600.0,461375.0,3,9,7.37020766773163,2.6666666666666665,7,0,3,0,7624.0861945302695,0.0005480373500605439,0.001313330729632475,2.8139622695424152e-06,5.1650279261567445e-05,False,,,0.01083717149823896,8.5,1.0,2,False,0,2.18,log_out,False,,0.005,0.124,0.0,0.0799,0.0843,0.0631,0.0
100000005809252100,peripheral,0.687,7,0.3384,"Вход 25 тыс. от 1, выход 0 на 0; пороги ролей не достигнуты",False,2,0,1,0,25000.0,0.0,1,0,0.0,0.0,7,0,1,0,25000.0,0.000567128634229815,0.0,0.0,0.0,False,,,0.0,,1.0,0,False,0,0.52,log_in,False,,0.0172,0.1548,0.0,0.0799,0.0866,0.0,0.0
100000006612238100,peripheral,0.258,5,0.2276,"Вход 160 тыс. от 1, выход 25 тыс. на 1; пороги ролей не достигнуты [сквозной пропуск ≤2дн; возвратный поток]",False,2,1,1,1,160000.0,25000.0,1,1,0.15625,1.0,1,0,0,0,3030.8628714109377,0.00033991126391326877,1.5689051040223308e-10,7.619950610759462e-13,0.0,False,,,1.0,0.0,1.0,0,False,1,1.69,log_out,False,,0.0065,0.1081,0.0,0.0192,0.0605,0.0,0.0333
100000002593038100,peripheral,0.65,12,0.378,"Вход 28 тыс. от 1, выход 0 на 0; пороги ролей не достигнуты",False,2,0,1,0,28500.0,0.0,1,0,0.0,0.0,8,0,1,0,17934.751053894866,0.0006586124144995191,0.0,4.9968235834670635e-298,0.0,False,,,0.0,,1.0,0,False,0,0.43,log_in,False,,0.0162,0.1461,0.0,0.1253,0.0903,0.0,0.0
100000002947299100,peripheral,0.389,8,0.3426,"Вход 85 тыс. от 1, выход 0 на 0; пороги ролей не достигнуты",False,2,0,1,0,85000.0,0.0,1,0,0.0,0.0,9,0,1,0,12721.848775383318,0.0003375116050800505,0.0,0.0001427672909306537,0.0,False,,,0.0,,1.0,0,False,0,0.3,log_in,False,,0.0097,0.1372,0.0,0.1361,0.0596,0.0,0.0
100000004336312100,transit,0.289,22,0.4329,"Пропуск 80%: получил 90 тыс., отдал 73 тыс.; 3→2 контрагента; в ≤2 дн ушло 52% [3 плательщ. в 1 день; возвратный поток]",False,2,0,3,2,90415.0,72650.0,7,3,0.8035171155228668,0.6666666666666666,7,0,3,0,10427.203764319614,0.0006960070275624514,7.688217801056321e-06,1.5169079900881215e-07,3.37840381614984e-05,False,,,0.5182381280110117,5.0,3.0,3,False,8,1.87,log_out,False,,0.0433,0.1328,0.0,0.0799,0.0911,0.0524,0.0333
100000001308856100,peripheral,0.658,5,0.1423,"Вход 27 тыс. от 1, выход 0 на 0; пороги ролей не достигнуты",False,2,1,1,0,27000.0,0.0,1,0,0.0,0.0,1,0,0,0,511.45810955059574,0.0002947395016034872,0.0,7.619950610759462e-13,0.0,False,,,0.0,,1.0,0,False,0,0.47,log_in,False,,0.0165,0.077,0.0,0.0192,0.0297,0.0,0.0
100000008238989100,terminal,0.915,1,0.3811,"Получил 200 тыс. от 1 плательщ.; исходящих нет, хотя колено 2 обходилось — деньги остались",False,2,0,1,0,200000.0,0.0,2,0,0.0,0.0,7,0,1,0,6192.7616701898505,0.000323247651083571,0.0,9.190763424750497e-05,0.0,False,,observed,0.0,,1.0,0,False,0,0.88,log_in,False,,0.1258,0.1198,0.0,0.0799,0.0555,0.0,0.0
100000005561741100,peripheral,0.687,6,0.334,"Вход 25 тыс. от 1, выход 0 на 0; пороги ролей не достигнуты",False,2,0,1,0,25000.0,0.0,1,0,0.0,0.0,9,0,1,0,7251.740369402111,0.00032984571931941946,0.0,9.023756758629543e-290,0.0,False,,,0.0,,1.0,0,False,0,0.52,log_in,False,,0.0172,0.1232,0.0,0.1361,0.0575,0.0,0.0
100000006248077100,peripheral,0.505,17,0.2538,"Вход 50 тыс. от 1, выход 0 на 0; пороги ролей не достигнуты",False,2,0,1,0,50000.0,0.0,1,0,0.0,0.0,7,0,1,0,10753.510089066325,0.00029385096746579835,0.0,4.0407558618990766e-06,0.0,False,,,0.0,,1.0,0,False,0,0.05,log_in,False,,0.0126,0.1334,0.0,0.0799,0.0279,0.0,0.0
100000000646541100,terminal,0.729,4,0.3818,"Получил 25 тыс. от 3 плательщ.; исходящих нет, хотя колено 2 обходилось — деньги остались",False,2,0,3,0,25300.0,0.0,4,0,0.0,0.0,7,0,3,0,7359.417417057173,0.0005058630830440054,0.0,4.577580265306594e-05,0.0,False,,observed,0.0,,1.0,3,False,0,1.15,in_deg,False,,0.1002,0.1237,0.0,0.0799,0.078,0.0,0.0
100000006595426100,peripheral,0.391,4,0.2503,"Вход 85 тыс. от 1, выход 0 на 0; пороги ролей не достигнуты",False,2,0,1,0,84800.0,0.0,3,0,0.0,0.0,7,0,1,0,1992.9494712103408,0.00033431978040964773,0.0,5.310185056276238e-05,0.0,False,,,0.0,,1.0,0,False,0,0.3,log_in,False,,0.0098,0.1016,0.0,0.0799,0.0589,0.0,0.0
100000002956898100,terminal,0.941,3,0.4001,"Получил 290 тыс. от 2 плательщ.; исходящих нет, хотя колено 2 обходилось — деньги остались",False,2,0,2,0,290240.0,0.0,2,0,0.0,0.0,7,0,2,0,7259.260029271203,0.000376841314812201,0.0,8.824618242091394e-05,0.0,False,,observed,0.0,,1.0,0,False,0,1.14,log_in,False,,0.1294,0.1233,0.0,0.0799,0.0675,0.0,0.0
100000001262647100,peripheral,0.71,3,0.2536,"Вход 24 тыс. от 1, выход 0 на 0; пороги ролей не достигнуты",False,2,0,1,0,23650.0,0.0,1,0,0.0,0.0,7,0,1,0,4450.278372397328,0.00030339197249201576,0.0,9.023756758629543e-290,0.0,False,,,0.0,,1.0,0,False,0,0.56,log_in,False,,0.0177,0.1135,0.0,0.0799,0.0424,0.0,0.0
100000005849100100,peripheral,0.609,8,0.3971,"Вход 33 тыс. от 1, выход 0 на 0; пороги ролей не достигнуты",False,2,0,1,0,33300.0,0.0,1,0,0.0,0.0,10,0,1,0,33300.0,0.0004907169210974125,0.0,0.0,0.0,False,,,0.0,,1.0,0,False,0,0.33,log_in,False,,0.0152,0.1607,0.0,0.1441,0.0771,0.0,0.0
100000000533217100,peripheral,0.478,1,0.3551,"Вход 54 тыс. от 1, выход 0 на 0; пороги ролей не достигнуты",False,2,0,1,0,53587.0,0.0,1,0,0.0,0.0,7,0,1,0,53587.0,0.0006536029907362595,0.0,0.0,0.0,False,,,0.0,,1.0,0,False,0,0.01,log_in,False,,0.012,0.1732,0.0,0.0799,0.09,0.0,0.0
100000002812641100,peripheral,0.8,6,0.4078,"Вход 10 тыс. от 1, выход 7 тыс. на 1; пороги ролей не достигнуты [сквозной пропуск ≤2дн; возвратный поток]",False,2,0,1,1,10000.0,7023.95,1,1,0.702395,1.0,8,0,1,0,10000.0,0.0020638538513460323,1.3080306434239696e-05,0.0,0.0,False,,,1.0,1.0,1.0,0,False,1,1.48,log_out,False,,0.02,0.1304,0.0,0.1253,0.0988,0.0,0.0333
100000008647905100,peripheral,0.505,19,0.3166,"Вход 50 тыс. от 1, выход 344 тыс. на 2; пороги ролей не достигнуты",False,2,0,1,2,50000.0,344222.0,1,2,6.88444,2.0,7,0,1,0,4102.797202797203,0.0003287103258672675,0.0,9.023756758629543e-290,3.844048916909496e-05,False,,,0.670497527758249,3.5,1.0,0,False,0,2.13,log_out,False,,0.0126,0.1123,0.0,0.0799,0.0572,0.0545,0.0
100000002842337100,peripheral,0.505,28,0.2555,"Вход 50 тыс. от 1, выход 0 на 0; пороги ролей не достигнуты",False,2,0,1,0,50000.0,0.0,1,0,0.0,0.0,1,0,0,0,27027.027024786603,0.0003666617032550871,0.0,2.141511818252024e-241,0.0,False,,,0.0,,1.0,0,False,0,0.05,log_in,False,,0.0126,0.1576,0.0,0.0192,0.066,0.0,0.0
100000002445750100,peripheral,0.428,1,0.379,"Вход 70 тыс. от 1, выход 10 тыс. на 1; пороги ролей не достигнуты",False,2,0,1,1,70000.0,10000.0,1,1,0.14285714285714285,1.0,7,0,1,0,47492.46815753473,0.0005372906870343848,0.0,0.0,1.9418391435934565e-05,False,,,0.0,,1.0,0,False,0,1.54,log_out,False,,0.0107,0.1698,0.0,0.0799,0.0824,0.0361,0.0
100000005619339100,peripheral,0.8,3,0.2423,"Вход 5 тыс. от 1, выход 5 тыс. на 1; пороги ролей не достигнуты",False,2,0,1,1,5000.0,5442.6,1,1,1.0885200000000002,1.0,7,0,1,0,908.0274196214951,0.0003208258534858518,2.3144558707067345e-06,2.052262239097963e-07,0.0,False,,,0.0,,1.0,1,False,0,1.61,log_in,False,,0.02,0.0878,0.0,0.0799,0.0546,0.0,0.0
100000006844768100,peripheral,0.153,1,0.4628,"Вход 282 тыс. от 1, выход 188 тыс. на 2; пороги ролей не достигнуты [сквозной пропуск ≤2дн; возвратный поток]",False,2,0,1,2,282000.0,188000.0,5,5,0.6666666666666666,2.0,7,0,1,0,205565.61806820505,0.0013707774167539043,0.004440547042738459,0.0,3.883678287186913e-05,False,,,0.8670212765957447,16.0,1.0,0,False,1,2.03,log_out,False,,0.0038,0.1918,0.0,0.0799,0.097,0.0568,0.0333
100000002488629100,peripheral,0.419,18,0.2118,"Вход 73 тыс. от 1, выход 0 на 0; пороги ролей не достигнуты",False,2,0,1,0,73050.0,0.0,1,0,0.0,0.0,1,0,0,0,17532.46753246753,0.00029941451688253495,0.0,2.8721411760945644e-05,0.0,False,,,0.0,,1.0,0,False,0,0.2,log_in,False,,0.0105,0.1451,0.0,0.0192,0.037,0.0,0.0
100000002796853100,peripheral,0.217,2,0.3468,"Вход 199 тыс. от 1, выход 46 тыс. на 1; пороги ролей не достигнуты [сквозной пропуск ≤2дн; возвратный поток]",False,2,0,1,1,199000.0,46167.62,8,5,0.23199809045226133,1.0,1,0,0,0,179090.2757744092,0.002113598432710708,0.0,4.949572383127109e-08,0.0,False,,,0.8916989872988904,0.0,1.0,2,False,1,1.8,log_out,False,,0.0054,0.1898,0.0,0.0192,0.099,0.0,0.0333
100000006755850100,terminal,0.963,12,0.5681,"Получил 443 тыс. от 1 плательщ.; исходящих нет, хотя колено 2 обходилось — деньги остались",False,2,0,1,0,443475.8,0.0,3,0,0.0,0.0,11,0,1,0,443475.8,0.0006492085817124323,0.0,0.0,0.0,False,,observed,0.0,,1.0,0,False,0,1.42,log_in,False,,0.1324,0.197,0.0,0.1488,0.0899,0.0,0.0
100000008733194100,peripheral,0.17,21,0.3802,"Вход 251 тыс. от 4, выход 160 тыс. на 8; пороги ролей не достигнуты [сквозной пропуск ≤2дн; возвратный поток]",False,2,0,4,8,251424.0,159695.0,4,8,0.6351621165839378,2.0,7,0,4,0,2214.799107034291,0.00047072559440912876,2.2858769586572608e-06,0.0005194385918688935,0.00020045361098198542,False,,,0.711481261154075,1.0,2.0,0,False,1,2.0,log_out,False,,0.0042,0.1033,0.0,0.0799,0.0756,0.0838,0.0333
100000001904863100,terminal,0.971,10,0.4976,"Получил 500 тыс. от 1 плательщ.; исходящих нет, хотя колено 2 обходилось — деньги остались",False,2,0,1,0,500000.0,0.0,1,0,0.0,0.0,11,0,1,0,13709.260217278841,0.0004817984770777493,0.0,4.3439113769937544e-09,0.0,False,,observed,0.0,,1.0,0,False,0,1.5,log_in,False,,0.1335,0.1389,0.0,0.1488,0.0764,0.0,0.0
100000001641951100,peripheral,0.687,15,0.3743,"Вход 25 тыс. от 1, выход 0 на 0; пороги ролей не достигнуты",False,2,0,1,0,25000.0,0.0,4,0,0.0,0.0,11,0,1,0,25000.0,0.0003190638874323934,0.0,1.862578378996418e-253,0.0,False,,,0.0,,1.0,3,False,0,0.52,log_in,False,,0.0172,0.1548,0.0,0.1488,0.0536,0.0,0.0
100000004816564100,peripheral,0.15,3,0.322,"Вход 285 тыс. от 1, выход 5 тыс. на 1; пороги ролей не достигнуты [сквозной пропуск ≤2дн]",False,2,0,1,1,285480.0,5000.0,1,1,0.01751436177665686,1.0,7,0,1,0,8162.573554521448,0.0003763921656189936,0.0,3.5676348106616587e-05,1.922024458454748e-05,False,,,1.0,1.0,1.0,0,False,0,1.42,log_out,False,,0.0038,0.1256,0.0,0.0799,0.0673,0.0287,0.0167
100000002205022100,peripheral,0.7,17,0.4316,"Вход 7 тыс. от 1, выход 518 тыс. на 3; пороги ролей не достигнуты",False,2,0,1,3,7100.0,518000.0,1,3,72.95774647887323,3.0,10,0,1,0,7100.0,0.0005456370301467019,1.761771609671322e-06,0.0,5.451240044826982e-05,False,,,0.011583011583011582,5.0,1.0,1,False,0,2.2,log_out,False,,0.0175,0.1226,0.0,0.1441,0.084,0.0634,0.0
100000002267998100,peripheral,0.099,27,0.4742,"Вход 420 тыс. от 2, выход 1.1 млн на 3; пороги ролей не достигнуты [сквозной пропуск ≤2дн; возвратный поток]",False,2,0,2,3,420000.0,1115000.0,4,12,2.6547619047619047,1.5,7,0,2,0,306531.63695660786,0.0015848317238056795,0.00017021410422813884,3.2496313632667156e-06,5.8849614861964964e-05,False,,,0.7354260089686099,2.0,1.0,0,False,4,2.33,log_out,False,,0.0025,0.1947,0.0,0.0799,0.0975,0.0662,0.0333
100000002199091100,peripheral,0.441,5,0.1701,"Вход 65 тыс. от 1, выход 0 на 0; пороги ролей не достигнуты",False,2,1,1,0,65000.0,0.0,1,0,0.0,0.0,1,0,0,0,1231.2880415106933,0.0003076457194062819,0.0,7.619950610759462e-13,0.0,False,,,0.0,,1.0,0,False,0,0.12,log_in,False,,0.011,0.0943,0.0,0.0192,0.0456,0.0,0.0
100000008571443100,terminal,0.823,4,0.3356,"Получил 65 тыс. от 2 плательщ.; исходящих нет, хотя колено 2 обходилось — деньги остались",False,2,0,2,0,65000.0,0.0,2,0,0.0,0.0,7,0,2,0,1072.8222635869731,0.00031474857317144927,0.0,0.0003125619274259747,0.0,False,,observed,0.0,,1.0,0,False,0,0.58,in_deg,False,,0.1132,0.0914,0.0,0.0799,0.0511,0.0,0.0
100000002742067100,peripheral,0.8,3,0.1845,"Вход 13 тыс. от 1, выход 0 на 0; пороги ролей не достигнуты",False,2,0,1,0,12730.0,0.0,1,0,0.0,0.0,7,0,1,0,363.9819299042246,0.0002896192281984583,0.0,3.5676348106616587e-05,0.0,False,,,0.0,,1.0,0,False,0,0.98,log_in,False,,0.02,0.0691,0.0,0.0799,0.0154,0.0,0.0
100000003292979100,peripheral,0.519,12,0.3649,"Вход 49 тыс. от 1, выход 0 на 0; пороги ролей не достигнуты",False,2,0,1,0,48950.0,0.0,1,0,0.0,0.0,10,0,1,0,21159.698447280145,0.0003303145122730734,0.0,9.977809130351899e-07,0.0,False,,,0.0,,1.0,0,False,0,0.07,log_in,False,,0.013,0.1501,0.0,0.1441,0.0577,0.0,0.0
100000002558173100,peripheral,0.8,4,0.2731,"Вход 9 тыс. от 1, выход 0 на 0; пороги ролей не достигнуты",False,2,0,1,0,9300.0,0.0,1,0,0.0,0.0,8,0,1,0,1401.3303519429342,0.0002958286804649773,0.0,4.870880269675223e-241,0.0,False,,,0.0,,1.0,1,False,0,1.19,log_in,False,,0.02,0.0961,0.0,0.1253,0.0317,0.0,0.0
100000004687282100,peripheral,0.754,3,0.3058,"Вход 20 тыс. от 1, выход 0 на 0; пороги ролей не достигнуты",False,2,0,1,0,20000.0,0.0,1,0,0.0,0.0,7,0,1,0,20000.0,0.0003322717689149048,0.0,7.33291794314557e-257,0.0,False,,,0.0,,1.0,0,False,0,0.67,log_in,False,,0.0189,0.1487,0.0,0.0799,0.0583,0.0,0.0
100000003034546100,terminal,0.968,2,0.3844,"Получил 487 тыс. от 1 плательщ.; исходящих нет, хотя колено 2 обходилось — деньги остались",False,2,0,1,0,486715.0,0.0,2,0,0.0,0.0,1,0,0,0,55518.79580553353,0.000331369004604237,0.0,5.01279615617639e-07,0.0,False,,observed,0.0,,1.0,0,False,0,1.49,log_in,False,,0.1331,0.1742,0.0,0.0192,0.0579,0.0,0.0
100000003798151100,terminal,0.951,3,0.4921,"Получил 350 тыс. от 1 плательщ.; исходящих нет, хотя колено 2 обходилось — деньги остались",False,2,0,1,0,350000.0,0.0,3,0,0.0,0.0,7,0,1,0,300371.8058832198,0.0005753929174195443,0.0,0.0,0.0,False,,observed,0.0,,1.0,0,False,0,1.26,log_in,False,,0.1308,0.1944,0.0,0.0799,0.087,0.0,0.0
100000008710791100,distributor,0.811,2,0.6508,Рассылает на 23 получателей 5.5 млн (веер 8:1); плательщиков 3 [сквозной пропуск ≤2дн],False,2,0,3,23,181510.0,5521511.0,3,25,30.41987218335078,7.666666666666667,9,1,3,0,6966.842388831628,0.00033426219607625717,0.00017282380456581123,1.6641502358935508e-06,0.00031460850776037077,False,,,0.7006958783564862,1.0,1.0,0,False,0,2.6,log_out,False,,0.1622,0.1223,0.067,0.1361,0.0589,0.0876,0.0167
100000008688476100,peripheral,0.703,5,0.1382,"Вход 24 тыс. от 1, выход 0 на 0; пороги ролей не достигнуты",False,2,1,1,0,24000.0,0.0,1,0,0.0,0.0,1,0,0,0,454.6294307116406,0.0002937205896716876,0.0,7.619950610759462e-13,0.0,False,,,0.0,,1.0,0,False,0,0.55,log_in,False,,0.0176,0.0737,0.0,0.0192,0.0276,0.0,0.0
100000003242289100,distributor,0.804,16,0.5452,Рассылает на 23 получателей 2.4 млн (веер 8:1); плательщиков 3 [возвратный поток],False,2,0,3,23,550791.0,2377741.0,8,26,4.316956885642648,7.666666666666667,7,0,3,0,6303.892386471144,0.0004397217042853967,0.012521217062936569,0.0001920128080448738,0.0010013456094342644,False,,,0.3309300718623265,2.0,2.0,0,False,104,2.46,log_out,False,,0.1608,0.1201,0.0,0.0799,0.074,0.0937,0.0167
100000006564102100,terminal,0.925,8,0.4976,"Получил 233 тыс. от 1 плательщ.; исходящих нет, хотя колено 2 обходилось — деньги остались",False,2,0,1,0,233235.0,0.0,1,0,0.0,0.0,9,0,1,0,34908.004695606214,0.00042809593979465266,0.0,0.0001427672909306537,0.0,False,,observed,0.0,,1.0,0,False,0,0.99,log_in,False,,0.1272,0.1616,0.0,0.1361,0.0728,0.0,0.0
100000001526235100,peripheral,0.2,24,0.4214,"Вход 82 тыс. от 3, выход 433 тыс. на 8; пороги ролей не достигнуты [возвратный поток]",False,2,0,3,8,82000.0,432750.0,4,9,5.277439024390244,2.6666666666666665,7,0,3,0,14410.664410082107,0.0008778562267377687,0.00013418598689634488,2.0990113494022816e-08,0.0002566001725462782,False,,,0.1346042749855575,8.0,1.0,2,False,3,2.17,log_out,False,,0.005,0.1403,0.0,0.0799,0.094,0.0855,0.0167
100000004398811100,peripheral,0.097,17,0.225,"Вход 426 тыс. от 1, выход 1.0 млн на 3; пороги ролей не достигнуты",False,2,0,1,3,426000.0,1040672.0,1,4,2.4428920187793426,3.0,1,0,0,0,9364.051989808988,0.00034969174183991655,0.00020283123031997438,6.211858071745701e-05,1.4861013854031556e-06,False,,,0.39493711755481076,2.0,1.0,0,False,0,2.32,log_out,False,,0.0024,0.1286,0.0,0.0192,0.0626,0.0122,0.0
100000002957787100,distributor,0.933,1,0.6003,Рассылает на 34 получателей 1.3 млн (веер 8:1); плательщиков 4 [сквозной пропуск ≤2дн; дробление у порога: 5 перев.; возвратный поток; аномалия для колена],False,2,0,4,34,84956.0,1276153.96,7,41,15.02135175855737,8.5,7,0,4,0,1360.857985622851,0.0006138323786231608,0.0344933365909865,0.00019153824827058193,0.004276645426207853,False,,,0.7551235902602222,0.0,2.0,5,True,84,3.5,out_deg,True,,0.1866,0.0959,0.0,0.0799,0.0888,0.099,0.05
100000002621915100,peripheral,0.8,3,0.2966,"Вход 5 тыс. от 1, выход 0 на 0; пороги ролей не достигнуты",False,2,0,1,0,5000.0,0.0,1,0,0.0,0.0,7,0,1,0,5000.0,0.000532039201173054,0.0,0.0,0.0,False,,,0.0,,1.0,1,False,0,1.61,log_in,False,,0.02,0.1158,0.0,0.0799,0.0809,0.0,0.0
100000008283183100,peripheral,0.647,5,0.1443,"Вход 29 тыс. от 1, выход 0 на 0; пороги ролей не достигнуты",False,2,1,1,0,29000.0,0.0,1,0,0.0,0.0,1,0,0,0,549.3438954432324,0.0002954187762246869,0.0,7.619950610759462e-13,0.0,False,,,0.0,,1.0,0,False,0,0.42,log_in,False,,0.0162,0.0781,0.0,0.0192,0.0308,0.0,0.0
100000003843844100,peripheral,0.8,4,0.2051,"Вход 17 тыс. от 1, выход 238 тыс. на 1; пороги ролей не достигнуты",False,3,0,1,1,16680.0,238000.0,1,1,14.268585131894485,1.0,7,0,1,0,202.36100847510977,0.00029174384813368293,0.0,0.00025946007686321234,1.922024458454748e-05,False,,,0.0,9.0,1.0,0,False,0,2.25,log_out,False,,0.02,0.0539,0.0,0.0799,0.0225,0.0287,0.0
100000000954884100,peripheral,0.605,16,0.1923,"Вход 34 тыс. от 1, выход 0 на 0; пороги ролей не достигнуты",False,3,0,1,0,34000.0,0.0,1,0,0.0,0.0,7,0,1,0,156.55020197723468,0.00031150191855239327,0.0,2.3749511394193016e-243,0.0,False,,,0.0,,1.0,0,False,0,0.24,log_in,False,,0.0151,0.0488,0.0,0.0799,0.0484,0.0,0.0
100000005893892100,terminal,0.865,7,0.2606,"Получил 103 тыс. от 1 плательщ.; исходящих нет, хотя колено 3 обходилось — деньги остались",False,3,0,1,0,102780.0,0.0,1,0,0.0,0.0,7,0,1,0,158.49935297020005,0.0002889003091286252,0.0,0.0029401739563140994,0.0,False,,observed,0.0,,1.0,0,False,0,0.47,log_in,False,,0.1189,0.049,0.0,0.0799,0.0127,0.0,0.0
100000001819396100,terminal,0.9,25,0.339,"Получил 166 тыс. от 1 плательщ.; исходящих нет, хотя колено 3 обходилось — деньги остались",False,3,0,1,0,166080.0,0.0,1,0,0.0,0.0,7,0,1,0,562.3826920857581,0.0003272175623678337,0.0,2.8321519604650354e-232,0.0,False,,observed,0.0,,1.0,0,False,0,0.77,log_in,False,,0.1238,0.0785,0.0,0.0799,0.0568,0.0,0.0
100000008472324100,terminal,0.918,7,0.2958,"Получил 205 тыс. от 1 плательщ.; исходящих нет, хотя колено 3 обходилось — деньги остались",False,3,0,1,0,205200.0,0.0,1,0,0.0,0.0,7,0,1,0,316.4435418319231,0.0002922196567372928,0.0,0.0029401739563140994,0.0,False,,observed,0.0,,1.0,0,False,0,0.91,log_in,False,,0.1262,0.0658,0.0,0.0799,0.0238,0.0,0.0
100000002646745100,peripheral,0.8,9,0.0563,"Вход 12 тыс. от 1, выход 0 на 0; пороги ролей не достигнуты",False,3,1,1,0,12300.0,0.0,1,0,0.0,0.0,1,0,0,0,9.009519380581047,0.00028748905090124,0.0,3.0588951023382876e-10,0.0,False,,,0.0,,1.0,0,False,0,0.89,log_in,False,,0.02,0.0107,0.0,0.0192,0.0064,0.0,0.0
100000008405209100,peripheral,0.475,16,0.1672,"Вход 54 тыс. от 1, выход 0 на 0; пороги ролей не достигнуты",False,3,0,1,0,54400.0,0.0,1,0,0.0,0.0,7,0,1,0,144.22586219884093,0.00029413180237518533,0.0,0.000233344615948652,0.0,False,,,0.0,,1.0,0,False,0,0.06,log_in,False,,0.0119,0.0469,0.0,0.0799,0.0285,0.0,0.0
100000004417753100,terminal,0.91,8,0.3699,"Получил 192 тыс. от 2 плательщ.; исходящих нет, хотя колено 3 обходилось — деньги остались",False,3,0,2,0,192099.0,0.0,2,0,0.0,0.0,7,0,2,0,1304.356278092884,0.00039314677564997663,0.0,0.00013358663793153135,0.0,False,,observed,0.0,,2.0,0,False,0,1.63,in_deg,False,,0.1251,0.0952,0.0,0.0799,0.0696,0.0,0.0
100000003457710100,peripheral,0.133,7,0.2376,"Вход 327 тыс. от 1, выход 1.3 млн на 1; пороги ролей не достигнуты [сквозной пропуск ≤2дн]",False,3,0,1,1,326555.0,1306000.0,1,2,3.999326300316945,1.0,7,0,1,0,503.58782067701577,0.0002961526720570531,0.0,0.0029401739563140994,1.922024458454748e-05,False,,,1.0,0.0,1.0,0,False,0,2.56,log_out,False,,0.0033,0.0767,0.0,0.0799,0.0323,0.0287,0.0167
100000007333038100,peripheral,0.793,14,0.1111,"Вход 18 тыс. от 1, выход 35 тыс. на 2; пороги ролей не достигнуты",False,3,0,1,2,17500.0,34994.0,1,2,1.9996571428571428,2.0,1,0,0,0,23.05881159263532,0.00029968918055683897,0.0,4.1121872014305334e-07,1.5851748110966993e-06,False,,,0.0,,1.0,0,False,0,1.9,log_out,False,,0.0198,0.0215,0.0,0.0192,0.0376,0.0129,0.0
100000006444163100,peripheral,0.8,4,0.2522,"Вход 6 тыс. от 1, выход 0 на 0; пороги ролей не достигнуты",False,3,0,1,0,6026.0,0.0,1,0,0.0,0.0,7,0,1,0,1690.3430631177541,0.00031891138227469064,0.0,2.350941696846872e-06,0.0,False,,,0.0,,1.0,1,False,0,1.35,log_in,False,,0.02,0.0988,0.0,0.0799,0.0534,0.0,0.0
100000008706947100,peripheral,0.796,9,0.0625,"Вход 17 тыс. от 1, выход 0 на 0; пороги ролей не достигнуты",False,3,1,1,0,17200.0,0.0,1,0,0.0,0.0,1,0,0,0,12.59867750780439,0.000288253832019236,0.0,3.0588951023382876e-10,0.0,False,,,0.0,,1.0,0,False,0,0.68,log_in,False,,0.0199,0.0143,0.0,0.0192,0.0091,0.0,0.0
100000008761219100,peripheral,0.505,2,0.2938,"Вход 50 тыс. от 2, выход 375 тыс. на 2; пороги ролей не достигнуты [сквозной пропуск ≤2дн]",False,3,0,2,2,50000.0,375000.0,2,2,7.5,1.0,9,0,2,0,117.88737098152895,0.00029284083313645565,4.755615016242943e-298,2.9815304566938772e-06,4.172642445459749e-05,False,,,1.0,1.0,1.0,0,False,0,2.33,log_out,False,,0.0126,0.0427,0.0,0.1361,0.0253,0.0604,0.0167
100000005022552100,peripheral,0.178,3,0.254,"Вход 241 тыс. от 1, выход 5 тыс. на 1; пороги ролей не достигнуты",False,3,0,1,1,241000.0,5000.0,3,1,0.02074688796680498,1.0,7,0,1,0,2514.4940525361676,0.00035775639372368753,2.255396008461784e-05,5.2569834314297354e-05,0.0,False,,,0.0,12.0,1.0,0,False,0,1.55,log_out,False,,0.0044,0.1055,0.0,0.0799,0.0641,0.0,0.0
100000008735832100,peripheral,0.788,9,0.0634,"Вход 18 тыс. от 1, выход 0 на 0; пороги ролей не достигнуты",False,3,1,1,0,17600.0,0.0,1,0,0.0,0.0,1,0,0,0,12.891670007985889,0.00028831626313090915,0.0,3.0588951023382876e-10,0.0,False,,,0.0,,1.0,0,False,0,0.66,log_in,False,,0.0197,0.015,0.0,0.0192,0.0095,0.0,0.0
100000005661528100,peripheral,0.687,15,0.1543,"Вход 25 тыс. от 1, выход 0 на 0; пороги ролей не достигнуты",False,3,0,1,0,25000.0,0.0,1,0,0.0,0.0,7,0,1,0,83.06491698704814,0.0002910914967995321,0.0,0.0001302803722324665,0.0,False,,,0.0,,1.0,0,False,0,0.44,log_in,False,,0.0172,0.0366,0.0,0.0799,0.0206,0.0,0.0
100000002529880100,terminal,0.89,2,0.3639,"Получил 147 тыс. от 2 плательщ.; исходящих нет, хотя колено 3 обходилось — деньги остались",False,3,0,2,0,147000.0,0.0,2,0,0.0,0.0,8,0,2,0,419.89781436467865,0.0003061335485198567,0.0,3.815888370099312e-06,0.0,False,,observed,0.0,,2.0,0,False,0,1.63,in_deg,False,,0.1224,0.0719,0.0,0.1253,0.0444,0.0,0.0
100000001969496100,peripheral,0.722,10,0.1539,"Вход 23 тыс. от 1, выход 0 на 0; пороги ролей не достигнуты",False,3,0,1,0,22740.0,0.0,1,0,0.0,0.0,7,0,1,0,61.152569097712494,0.0002919967925367141,0.0,2.4413789354590045e-05,0.0,False,,,0.0,,1.0,0,False,0,0.5,log_in,False,,0.018,0.0327,0.0,0.0799,0.0231,0.0,0.0
100000003215448100,peripheral,0.372,1,0.2811,"Вход 91 тыс. от 1, выход 124 тыс. на 2; пороги ролей не достигнуты",False,3,0,1,2,91309.0,124000.0,1,4,1.3580260434349298,2.0,7,0,1,0,1234.2084389645838,0.00030414693187081325,0.0,0.0016044117305492448,3.844048916909496e-05,False,,,0.06451612903225806,1.0,1.0,0,False,0,2.13,log_out,False,,0.0093,0.0944,0.0,0.0799,0.0429,0.0545,0.0
100000006894637100,peripheral,0.484,1,0.1802,"Вход 53 тыс. от 1, выход 0 на 0; пороги ролей не достигнуты",False,3,0,1,0,52831.0,0.0,1,0,0.0,0.0,7,0,1,0,378.6385493887304,0.0002902544663373193,0.0,0.0011319383959652314,0.0,False,,,0.0,,1.0,0,False,0,0.04,log_in,False,,0.0121,0.0703,0.0,0.0799,0.0179,0.0,0.0
100000002936322100,terminal,0.985,15,0.3925,"Получил 787 тыс. от 2 плательщ.; исходящих нет, хотя колено 3 обходилось — деньги остались",False,3,0,2,0,787133.0,0.0,2,0,0.0,0.0,7,0,1,0,3843.311846169641,0.00036638128696323154,0.0,0.0016837721707398993,0.0,False,,observed,0.0,,1.0,0,False,0,1.77,log_in,False,,0.1354,0.1112,0.0,0.0799,0.0659,0.0,0.0
100000005061890100,peripheral,0.377,4,0.2511,"Вход 90 тыс. от 1, выход 0 на 0; пороги ролей не достигнуты",False,3,0,1,0,90000.0,0.0,1,0,0.0,0.0,7,0,1,0,636.7157772069678,0.0005346252088600028,0.0,0.0,0.0,False,,,0.0,,1.0,0,False,0,0.38,log_in,False,,0.0094,0.0799,0.0,0.0799,0.0819,0.0,0.0
100000004017410100,peripheral,0.221,22,0.404,"Вход 194 тыс. от 2, выход 1.3 млн на 5; пороги ролей не достигнуты [возвратный поток]",False,3,0,2,5,193650.0,1330915.0,6,11,6.872785954040795,2.5,7,0,2,0,17881.990492518522,0.0011315419625793077,7.879292882440499e-06,1.7769573200861015e-05,4.0587080059121736e-05,False,,,0.04132495313374633,2.5,2.0,2,False,7,2.56,log_out,False,,0.0055,0.1461,0.0,0.0799,0.0959,0.0599,0.0167
100000002983426100,peripheral,0.382,6,0.2251,"Вход 89 тыс. от 1, выход 0 на 0; пороги ролей не достигнуты",False,3,0,1,0,88945.0,0.0,1,0,0.0,0.0,7,0,1,0,689.5936458852868,0.0003187086222678441,0.0,6.407022137400362e-07,0.0,False,,,0.0,,1.0,0,False,0,0.37,log_in,False,,0.0096,0.0823,0.0,0.0799,0.0533,0.0,0.0
100000005530114100,peripheral,0.292,16,0.2543,"Вход 137 тыс. от 2, выход 25 тыс. на 1; пороги ролей не достигнуты [сквозной пропуск ≤2дн]",False,3,0,2,1,136970.0,25000.0,2,1,0.1825217200846901,0.5,7,0,2,0,212.4438689080361,0.0004948738015345289,0.0012614185857250486,0.00023791278694550023,4.4583041562094666e-06,False,,,1.0,2.0,1.0,0,False,0,1.84,log_out,False,,0.0073,0.0547,0.0,0.0799,0.0773,0.0184,0.0167
100000001169666100,peripheral,0.196,6,0.3327,"Вход 220 тыс. от 1, выход 24 тыс. на 1; пороги ролей не достигнуты",False,3,0,1,1,220000.0,24000.0,2,1,0.10909090909090909,1.0,9,0,1,0,1025.694860713719,0.0003195447456388584,0.0,5.689711552130549e-08,2.19943005039667e-05,False,,,0.0,8.0,1.0,0,False,0,1.83,log_out,False,,0.0049,0.0904,0.0,0.1361,0.054,0.0472,0.0
100000001784279100,peripheral,0.592,1,0.1661,"Вход 36 тыс. от 1, выход 0 на 0; пороги ролей не достигнуты",False,3,0,1,0,35674.0,0.0,1,0,0.0,0.0,7,0,1,0,255.67472905857483,0.00028873294491877093,0.0,0.0011319383959652314,0.0,False,,,0.0,,1.0,0,False,0,0.21,log_in,False,,0.0148,0.0597,0.0,0.0799,0.0116,0.0,0.0
100000008744364100,peripheral,0.707,9,0.0691,"Вход 24 тыс. от 1, выход 0 на 0; пороги ролей не достигнуты",False,3,1,1,0,23700.0,0.0,1,0,0.0,0.0,1,0,0,0,17.359805635753727,0.00028926833758392454,0.0,3.0588951023382876e-10,0.0,False,,,0.0,,1.0,0,False,0,0.47,log_in,False,,0.0177,0.0179,0.0,0.0192,0.0143,0.0,0.0
100000008714412100,terminal,0.901,6,0.3942,"Получил 169 тыс. от 1 плательщ.; исходящих нет, хотя колено 3 обходилось — деньги остались",False,3,0,1,0,169000.0,0.0,1,0,0.0,0.0,9,0,1,0,787.9201430028114,0.0003116686182638587,0.0,5.689711552130549e-08,0.0,False,,observed,0.0,,1.0,0,False,0,0.78,log_in,False,,0.1239,0.0857,0.0,0.1361,0.0485,0.0,0.0
100000007754369100,peripheral,0.395,1,0.1941,"Вход 82 тыс. от 1, выход 0 на 0; пороги ролей не достигнуты",False,3,0,1,0,82424.0,0.0,1,0,0.0,0.0,7,0,1,0,590.730892748892,0.00029287884025694984,0.0,0.0011319383959652314,0.0,False,,,0.0,,1.0,0,False,0,0.32,log_in,False,,0.0099,0.0789,0.0,0.0799,0.0254,0.0,0.0
100000003122817100,terminal,0.963,25,0.3793,"Получил 445 тыс. от 1 плательщ.; исходящих нет, хотя колено 3 обходилось — деньги остались",False,3,0,1,0,444680.0,0.0,1,0,0.0,0.0,7,0,1,0,1505.7823670321227,0.0003970827328082313,0.0,2.8321519604650354e-232,0.0,False,,observed,0.0,,1.0,0,False,0,1.4,log_in,False,,0.1324,0.0966,0.0,0.0799,0.0703,0.0,0.0
100000003711830100,peripheral,0.505,1,0.2059,"Вход 50 тыс. от 1, выход 0 на 0; пороги ролей не достигнуты",False,3,0,1,0,50000.0,0.0,1,0,0.0,0.0,7,0,1,0,675.8416141697883,0.00029574224412010574,0.0,0.0016044117305492448,0.0,False,,,0.0,,1.0,0,False,0,0.0,log_in,False,,0.0126,0.0818,0.0,0.0799,0.0315,0.0,0.0
100000001110358100,terminal,0.754,1,0.2818,"Получил 32 тыс. от 2 плательщ.; исходящих нет, хотя колено 3 обходилось — деньги остались",False,3,0,2,0,32000.0,0.0,2,0,0.0,0.0,7,0,2,0,428.40215456592114,0.00029298593062142844,0.0,0.0013712520011039738,0.0,False,,observed,0.0,,2.0,1,False,0,1.63,in_deg,False,,0.1037,0.0725,0.0,0.0799,0.0256,0.0,0.0
100000006530134100,terminal,0.889,7,0.2929,"Получил 145 тыс. от 2 плательщ.; исходящих нет, хотя колено 3 обходилось — деньги остались",False,3,0,2,0,144663.0,0.0,2,0,0.0,0.0,7,0,2,0,211.9446203799738,0.0002990877788977742,0.0,0.003582989613861981,0.0,False,,observed,0.0,,1.0,0,False,0,1.63,in_deg,False,,0.1222,0.0544,0.0,0.0799,0.0363,0.0,0.0
100000001639766100,peripheral,0.754,18,0.2537,"Вход 20 тыс. от 1, выход 0 на 0; пороги ролей не достигнуты",False,3,0,1,0,20000.0,0.0,1,0,0.0,0.0,1,0,0,0,8167.381424232502,0.0006506628579150655,0.0,1.23619985386e-313,0.0,False,,,0.0,,1.0,0,False,0,0.58,log_in,False,,0.0189,0.1257,0.0,0.0192,0.0899,0.0,0.0
100000003242795100,terminal,0.871,7,0.2634,"Получил 111 тыс. от 1 плательщ.; исходящих нет, хотя колено 3 обходилось — деньги остались",False,3,0,1,0,111000.0,0.0,1,0,0.0,0.0,7,0,1,0,171.17560011375954,0.00028916671253951414,0.0,0.0029401739563140994,0.0,False,,observed,0.0,,1.0,0,False,0,0.51,log_in,False,,0.1198,0.0503,0.0,0.0799,0.0134,0.0,0.0
100000004970752100,peripheral,0.8,1,0.3224,"Вход 10 тыс. от 1, выход 0 на 0; пороги ролей не достигнуты",False,3,0,1,0,10000.0,0.0,1,0,0.0,0.0,7,0,1,0,10000.0,0.0007428614561261706,0.0,0.0,0.0,False,,,0.0,,1.0,0,False,0,1.03,log_in,False,,0.02,0.1304,0.0,0.0799,0.092,0.0,0.0
100000004564736100,peripheral,0.8,27,0.2754,"Вход 15 тыс. от 1, выход 0 на 0; пороги ролей не достигнуты",False,3,0,1,0,15000.0,0.0,2,0,0.0,0.0,7,0,1,0,3000.0,0.00037675536447064306,0.0,1.23619985386e-313,0.0,False,,,0.0,,1.0,1,False,0,0.77,log_in,False,,0.02,0.108,0.0,0.0799,0.0674,0.0,0.0
100000005873152100,peripheral,0.8,4,0.3942,"Вход 10 тыс. от 1, выход 10 тыс. на 1; пороги ролей не достигнуты [возвратный поток]",False,3,0,1,1,10000.0,10000.0,1,1,1.0,1.0,11,0,1,0,10000.0,0.0004674555308962058,1.3851693386386753e-07,0.0,3.962937027741748e-07,False,,,0.0,,1.0,0,False,2,1.67,log_out,False,,0.02,0.1304,0.0,0.1488,0.0752,0.0031,0.0167
100000001637376100,peripheral,0.315,7,0.1823,"Вход 117 тыс. от 1, выход 234 тыс. на 1; пороги ролей не достигнуты",False,3,0,1,1,116700.0,234250.0,1,2,2.0072836332476434,1.0,7,0,1,0,179.96569849797964,0.0002893514448317364,0.0,0.0029401739563140994,1.922024458454748e-05,False,,,0.4951974386339381,0.0,1.0,0,False,0,2.24,log_out,False,,0.0079,0.0511,0.0,0.0799,0.0146,0.0287,0.0
100000006710485100,peripheral,0.754,9,0.0655,"Вход 20 тыс. от 1, выход 0 на 0; пороги ролей не достигнуты",False,3,1,1,0,20000.0,0.0,1,0,0.0,0.0,1,0,0,0,14.649625009074873,0.000288690849800948,0.0,3.0588951023382876e-10,0.0,False,,,0.0,,1.0,0,False,0,0.58,log_in,False,,0.0189,0.016,0.0,0.0192,0.0114,0.0,0.0
100000003582677100,peripheral,0.6,8,0.2847,"Вход 30 тыс. от 2, выход 56 тыс. на 4; пороги ролей не достигнуты [возвратный поток]",False,3,0,2,4,29756.989999999998,56000.0,2,5,1.881910771217116,2.0,7,0,2,0,301.3094057749342,0.00029329270913900144,0.001262543891739402,0.002247227388097127,0.00017888146244571468,False,,,0.0,10.0,1.0,1,False,31,1.98,log_out,False,,0.015,0.064,0.0,0.0799,0.0264,0.0826,0.0167
100000008713685100,peripheral,0.514,9,0.0848,"Вход 50 тыс. от 1, выход 0 на 0; пороги ролей не достигнуты",False,3,1,1,0,49700.0,0.0,1,0,0.0,0.0,1,0,0,0,36.40431814755106,0.0002933263598426788,0.0,3.0588951023382876e-10,0.0,False,,,0.0,,1.0,0,False,0,0.0,log_in,False,,0.0128,0.0262,0.0,0.0192,0.0265,0.0,0.0
100000008070101100,terminal,0.861,2,0.3109,"Получил 100 тыс. от 1 плательщ.; исходящих нет, хотя колено 3 обходилось — деньги остались",False,3,0,1,0,100000.0,0.0,1,0,0.0,0.0,8,0,1,0,116.60377590345739,0.00029258785293762344,0.0,1.966214550791006e-06,0.0,False,,observed,0.0,,1.0,0,False,0,0.45,log_in,False,,0.1184,0.0425,0.0,0.1253,0.0247,0.0,0.0
100000004475818100,peripheral,0.7,4,0.283,"Вход 13 тыс. от 1, выход 54 тыс. на 3; пороги ролей не достигнуты [сквозной пропуск ≤2дн; возвратный поток]",False,3,0,1,3,13000.0,53989.0,1,3,4.153,3.0,7,0,1,0,79.15113966864604,0.0003098079503095039,0.00025950234022215725,0.00010694238652270059,6.940183893991107e-05,False,,,1.0,1.0,1.0,0,False,1,1.98,log_out,False,,0.0175,0.0361,0.0,0.0799,0.0472,0.0689,0.0333
100000007197866100,peripheral,0.754,1,0.2213,"Вход 20 тыс. от 1, выход 15 тыс. на 1; пороги ролей не достигнуты [сквозной пропуск ≤2дн]",False,3,0,1,1,20000.0,15000.0,1,1,0.75,1.0,7,0,1,0,270.3366456679153,0.0002896384741784168,0.0,0.0016044117305492448,1.922024458454748e-05,False,,,1.0,0.0,1.0,0,False,0,1.75,log_out,False,,0.0189,0.0616,0.0,0.0799,0.0155,0.0287,0.0167
100000006965162100,peripheral,0.8,22,0.2044,"Вход 10 тыс. от 1, выход 0 на 0; пороги ролей не достигнуты",False,3,0,1,0,10000.0,0.0,1,0,0.0,0.0,7,0,1,0,239.9051659077189,0.0003092890887695541,0.0,2.91876993847384e-271,0.0,False,,,0.0,,1.0,0,False,0,1.03,log_in,False,,0.02,0.0578,0.0,0.0799,0.0467,0.0,0.0
100000005995391100,peripheral,0.796,9,0.0625,"Вход 17 тыс. от 1, выход 0 на 0; пороги ролей не достигнуты",False,3,1,1,0,17200.0,0.0,1,0,0.0,0.0,1,0,0,0,12.59867750780439,0.000288253832019236,0.0,3.0588951023382876e-10,0.0,False,,,0.0,,1.0,0,False,0,0.68,log_in,False,,0.0199,0.0143,0.0,0.0192,0.0091,0.0,0.0
100000003834495100,peripheral,0.053,1,0.3247,"Вход 602 тыс. от 3, выход 20 тыс. на 1; пороги ролей не достигнуты [сквозной пропуск ≤2дн]",False,3,0,3,1,602441.0,20000.0,5,1,0.0331982716979754,0.3333333333333333,7,0,3,0,6532.080033232925,0.0006208601664329539,0.0004856338950625699,0.0022879939909000255,2.871714010460002e-06,False,,,1.0,0.0,2.0,0,False,0,3.26,in_deg,False,,0.0013,0.1213,0.0,0.0799,0.0891,0.0164,0.0167
100000001223977100,peripheral,0.8,8,0.313,"Вход 5 тыс. от 1, выход 18 тыс. на 1; пороги ролей не достигнуты",False,3,0,1,1,5000.0,18000.0,1,1,3.6,1.0,10,0,1,0,217.3913043478261,0.00030554127989763816,0.0,0.0,2.4173915869224665e-05,False,,,0.0,19.0,1.0,1,False,0,1.78,log_out,False,,0.02,0.0551,0.0,0.1441,0.0438,0.05,0.0
100000001046057100,peripheral,0.393,29,0.2052,"Вход 83 тыс. от 1, выход 0 на 0; пороги ролей не достигнуты",False,3,0,1,0,83420.0,0.0,1,0,0.0,0.0,7,0,1,0,284.65206712841194,0.00031851488108134123,0.0,4.867829327536486e-08,0.0,False,,,0.0,,1.0,0,False,0,0.33,log_in,False,,0.0098,0.0623,0.0,0.0799,0.0532,0.0,0.0
100000002989353100,peripheral,0.073,14,0.1704,"Вход 500 тыс. от 1, выход 321 тыс. на 2; пороги ролей не достигнуты [сквозной пропуск ≤2дн]",False,3,0,1,2,500000.0,321160.0,2,2,0.64232,2.0,2,0,1,0,160.3721659880976,0.00030938521828855235,0.0,3.794136183730392e-07,2.774055919419224e-06,False,,,0.9341138373396438,2.5,1.0,0,False,0,2.3,log_out,False,,0.0018,0.0493,0.0,0.0397,0.0469,0.0159,0.0167
100000006714366100,peripheral,0.8,4,0.2047,"Вход 10 тыс. от 1, выход 5 тыс. на 1; пороги ролей не достигнуты [сквозной пропуск ≤2дн]",False,3,0,1,1,10500.0,5000.0,1,1,0.47619047619047616,1.0,7,0,1,0,127.38552691778492,0.0002894561536970341,0.0,0.00025946007686321234,1.922024458454748e-05,False,,,1.0,0.0,1.0,0,False,0,1.55,log_out,False,,0.02,0.0445,0.0,0.0799,0.0149,0.0287,0.0167
100000001063678100,peripheral,0.597,27,0.3395,"Вход 35 тыс. от 1, выход 90 тыс. на 2; пороги ролей не достигнуты",False,3,0,1,2,35000.0,90000.0,1,2,2.5714285714285716,2.0,7,0,1,0,9622.069321507632,0.00032774872839870327,0.0,3.17209937185162e-06,3.962937027741748e-05,False,,,0.2222222222222222,7.0,1.0,0,False,0,2.07,log_out,False,,0.0149,0.1288,0.0,0.0799,0.0569,0.0588,0.0
100000004889043100,terminal,0.936,11,0.3086,"Получил 272 тыс. от 2 плательщ.; исходящих нет, хотя колено 3 обходилось — деньги остались",False,3,0,2,0,272000.0,0.0,4,0,0.0,0.0,7,0,2,0,305.01641153124314,0.0002984972459578193,0.0,0.005845955489123359,0.0,False,,observed,0.0,,2.0,2,False,0,1.63,in_deg,False,,0.1287,0.0646,0.0,0.0799,0.0354,0.0,0.0
100000002984403100,peripheral,0.754,24,0.2764,"Вход 20 тыс. от 1, выход 25 тыс. на 1; пороги ролей не достигнуты",False,3,0,1,1,20000.0,25000.0,1,1,1.25,1.0,7,0,1,0,666.0041321817243,0.00032010276016592864,0.0,2.5006816366679155e-06,2.0012831990095827e-05,False,,,0.0,,1.0,0,False,0,1.84,log_out,False,,0.0189,0.0812,0.0,0.0799,0.0542,0.0422,0.0
100000003951827100,peripheral,0.8,4,0.1218,"Вход 9 тыс. от 1, выход 17 тыс. на 2; пороги ролей не достигнуты",False,3,0,1,2,9000.0,17000.0,1,2,1.8888888888888888,2.0,7,0,1,0,7.8909153057473445,0.0002860761739207681,0.00016424358625309192,0.0029057815328092595,1.3265244417163455e-06,False,,,0.0,14.5,1.0,1,False,0,1.77,log_out,False,,0.02,0.0091,0.0,0.0799,0.002,0.0109,0.0
100000000933075100,peripheral,0.569,12,0.4332,"Вход 40 тыс. от 1, выход 55 тыс. на 2; пороги ролей не достигнуты [сквозной пропуск ≤2дн; возвратный поток]",False,3,0,1,2,40000.0,55000.0,1,2,1.375,2.0,8,0,1,0,6954.484727201351,0.0008086964755110837,4.755615016242943e-298,1.0252342405126814e-06,2.139985994980544e-05,False,,,0.7272727272727273,11.5,1.0,0,False,1,1.98,log_out,False,,0.0142,0.1221,0.0,0.1253,0.0929,0.0453,0.0333
100000008502995100,peripheral,0.687,17,0.3384,"Вход 25 тыс. от 1, выход 0 на 0; пороги ролей не достигнуты",False,3,0,1,0,25000.0,0.0,2,0,0.0,0.0,7,0,1,0,20357.833655705996,0.0007270949451502088,0.0,1.748302015801486e-05,0.0,False,,,0.0,,1.0,0,False,0,0.44,log_in,False,,0.0172,0.1495,0.0,0.0799,0.0917,0.0,0.0
100000008086440100,peripheral,0.216,1,0.3468,"Вход 200 тыс. от 1, выход 161 тыс. на 5; пороги ролей не достигнуты [возвратный поток]",False,3,0,1,5,199733.0,161300.0,1,6,0.8075781167859092,5.0,7,0,1,0,3513.05387536088,0.0003376739457034379,0.0015615994934823699,0.001137907385155322,0.00010519757648287983,False,,,0.23558586484810912,6.0,1.0,0,False,82,2.18,log_out,False,,0.0054,0.1102,0.0,0.0799,0.0597,0.075,0.0167
100000008465789100,distributor,0.753,2,0.4351,Рассылает на 16 получателей 1.9 млн (веер 16:1); плательщиков 1 [возвратный поток; аномалия для колена],False,3,0,1,16,30099.0,1858100.0,1,17,61.732947938469714,16.0,8,0,1,0,15.775270302106307,0.0002898880397943201,2.6381363075555576e-05,2.612568276300329e-07,0.0008450964058440695,False,,,0.47796135837683656,2.0,1.0,0,False,6,5.72,out_deg,True,,0.1506,0.0166,0.0,0.1253,0.0166,0.0927,0.0333
100000002550141100,terminal,0.864,15,0.3117,"Получил 101 тыс. от 1 плательщ.; исходящих нет, хотя колено 3 обходилось — деньги остались",False,3,0,1,0,100586.0,0.0,1,0,0.0,0.0,7,0,1,0,334.20670960236896,0.0003077875449747836,0.0,0.0001302803722324665,0.0,False,,observed,0.0,,1.0,0,False,0,0.45,log_in,False,,0.1188,0.0672,0.0,0.0799,0.0458,0.0,0.0
100000008739887100,peripheral,0.201,1,0.3233,"Вход 214 тыс. от 2, выход 307 тыс. на 2; пороги ролей не достигнуты [сквозной пропуск ≤2дн]",False,3,0,2,2,214000.0,307000.0,3,2,1.4345794392523366,1.0,7,0,2,0,3189.852128131715,0.0003333006339697427,0.0,0.002742319115704567,3.844048916909496e-05,False,,,1.0,1.0,1.0,0,False,0,2.29,log_out,False,,0.005,0.1086,0.0,0.0799,0.0586,0.0545,0.0167
100000008532050100,terminal,0.965,7,0.334,"Получил 455 тыс. от 1 плательщ.; исходящих нет, хотя колено 3 обходилось — деньги остались",False,3,0,1,0,455156.0,0.0,1,0,0.0,0.0,7,0,1,0,701.9063193277328,0.0003003205242521543,0.0,0.0029401739563140994,0.0,False,,observed,0.0,,1.0,0,False,0,1.42,log_in,False,,0.1327,0.0828,0.0,0.0799,0.0386,0.0,0.0
100000008422226100,peripheral,0.384,11,0.1436,"Вход 87 тыс. от 1, выход 0 на 0; пороги ролей не достигнуты",False,3,0,1,0,87450.0,0.0,1,0,0.0,0.0,7,0,1,0,76.67339372084503,0.0002904944753360778,0.0,0.0029057815328092595,0.0,False,,,0.0,,1.0,0,False,0,0.36,log_in,False,,0.0096,0.0354,0.0,0.0799,0.0186,0.0,0.0
100000002369874100,terminal,0.979,2,0.4542,"Получил 600 тыс. от 4 плательщ.; исходящих нет, хотя колено 3 обходилось — деньги остались [4 плательщ. в 1 день; аномалия для колена]",False,3,0,4,0,600000.0,0.0,4,0,0.0,0.0,9,0,4,0,1027.8032700474191,0.00033734785491165925,0.0,8.238181655849329e-06,0.0,False,,observed,0.0,,4.0,0,False,0,4.88,in_deg,True,,0.1346,0.0906,0.0,0.1361,0.0596,0.0,0.0333
100000003321895100,peripheral,0.703,3,0.2909,"Вход 24 тыс. от 1, выход 554 тыс. на 2; пороги ролей не достигнуты",False,3,0,1,2,24000.0,553830.0,1,3,23.07625,2.0,7,0,1,0,815.874024049983,0.00031125966376989726,0.0,1.0123575345997096e-05,3.962937027741748e-05,False,,,0.0,12.5,1.0,0,False,0,2.4,log_out,False,,0.0176,0.0864,0.0,0.0799,0.0481,0.0588,0.0
100000001875239100,terminal,0.982,2,0.4327,"Получил 712 тыс. от 3 плательщ.; исходящих нет, хотя колено 3 обходилось — деньги остались [3 плательщ. в 1 день]",False,3,0,3,0,712000.0,0.0,3,0,0.0,0.0,9,0,3,0,813.7598484290404,0.00033397863057687676,0.0,5.4482049621048125e-06,0.0,False,,observed,0.0,,3.0,0,False,0,3.26,in_deg,False,,0.135,0.0862,0.0,0.1361,0.0587,0.0,0.0167
100000002216999100,peripheral,0.709,9,0.069,"Вход 24 тыс. от 1, выход 0 на 0; пороги ролей не достигнуты",False,3,1,1,0,23677.0,0.0,1,0,0.0,0.0,1,0,0,0,17.34295856699329,0.0002892647477950034,0.0,3.0588951023382876e-10,0.0,False,,,0.0,,1.0,0,False,0,0.47,log_in,False,,0.0177,0.0178,0.0,0.0192,0.0142,0.0,0.0
100000002653948100,peripheral,0.388,7,0.1445,"Вход 85 тыс. от 1, выход 0 на 0; пороги ролей не достигнуты",False,3,0,1,0,85200.0,0.0,1,0,0.0,0.0,7,0,1,0,131.38883900623705,0.0002883305558484028,0.0,0.0029401739563140994,0.0,False,,,0.0,,1.0,0,False,0,0.35,log_in,False,,0.0097,0.0451,0.0,0.0799,0.0097,0.0,0.0
100000008632060100,peripheral,0.1,4,0.2061,"Вход 6 тыс. от 1, выход 339 тыс. на 9; пороги ролей не достигнуты [возвратный поток]",False,3,0,1,9,6000.0,339200.0,1,12,56.53333333333333,9.0,7,0,1,0,6.398245901487178,0.0002880256481640291,0.0030820773532511067,0.0006428156575478821,0.0005365436581217861,False,,,0.0,13.5,1.0,1,False,65,3.22,out_deg,False,,0.0025,0.0083,0.0,0.0799,0.0081,0.0907,0.0167
100000008746449100,distributor,0.64,2,0.3643,Рассылает на 10 получателей 1.0 млн (веер 10:1); плательщиков 1 [аномалия для колена],False,3,0,1,10,10000.0,1009000.0,1,10,100.9,10.0,8,0,1,0,5.241127712583909,0.00028700414108164825,1.6584609340445519e-06,2.612568276300329e-07,0.00016598228268404117,False,,,0.0,5.0,1.0,0,False,0,3.58,out_deg,True,,0.128,0.0074,0.0,0.1253,0.005,0.082,0.0167
100000003031761100,terminal,0.966,15,0.2948,"Получил 460 тыс. от 1 плательщ.; исходящих нет, хотя колено 3 обходилось — деньги остались",False,3,0,1,0,460408.0,0.0,1,0,0.0,0.0,1,0,0,0,1007.895519377397,0.0003183607828225481,0.0,7.936044019065454e-05,0.0,False,,observed,0.0,,1.0,0,False,0,1.42,log_in,False,,0.1328,0.0898,0.0,0.0192,0.053,0.0,0.0
100000008388049100,terminal,0.97,14,0.2688,"Получил 496 тыс. от 1 плательщ.; исходящих нет, хотя колено 3 обходилось — деньги остались",False,3,0,1,0,496400.0,0.0,1,0,0.0,0.0,2,0,1,0,159.2174863929833,0.00030921374363523924,0.0,3.794136183730392e-07,0.0,False,,observed,0.0,,1.0,0,False,0,1.47,log_in,False,,0.1334,0.0491,0.0,0.0397,0.0466,0.0,0.0
100000002677201100,peripheral,0.271,2,0.2994,"Вход 150 тыс. от 1, выход 88 тыс. на 1; пороги ролей не достигнуты",False,3,0,1,1,150000.0,87750.0,1,1,0.585,1.0,8,0,1,0,485.51849358843145,0.00030890584852738594,0.0,1.8496738193083065e-06,2.139985994980544e-05,False,,,0.0,9.0,1.0,0,False,0,2.07,log_out,False,,0.0068,0.0756,0.0,0.1253,0.0464,0.0453,0.0
100000002901457100,peripheral,0.128,1,0.3393,"Вход 340 тыс. от 1, выход 119 тыс. на 3; пороги ролей не достигнуты",False,3,0,1,3,340000.0,119000.0,1,3,0.35,3.0,7,0,1,0,5980.175121901234,0.00037426561132708236,2.7083732767180373e-05,0.001137907385155322,7.569209722986739e-05,False,,,0.0,16.0,1.0,0,False,0,2.12,log_out,False,,0.0032,0.1192,0.0,0.0799,0.067,0.0699,0.0
100000001160401100,peripheral,0.527,1,0.1663,"Вход 47 тыс. от 1, выход 0 на 0; пороги ролей не достигнуты",False,3,0,1,0,47190.0,0.0,2,0,0.0,0.0,7,0,1,0,50.322204015196654,0.00030488851800838674,0.0,0.0006428156575478821,0.0,False,,,0.0,,1.0,0,False,0,0.03,log_in,False,,0.0132,0.0297,0.0,0.0799,0.0434,0.0,0.0
100000002842321100,terminal,0.897,7,0.2815,"Получил 160 тыс. от 1 плательщ.; исходящих нет, хотя колено 3 обходилось — деньги остались",False,3,0,1,0,160000.0,0.0,1,0,0.0,0.0,7,0,1,0,246.73960376758134,0.00029075476206914423,0.0,0.0029401739563140994,0.0,False,,observed,0.0,,1.0,0,False,0,0.75,log_in,False,,0.1233,0.0587,0.0,0.0799,0.0194,0.0,0.0
100000002547110100,consolidator,0.596,2,0.4826,Получает от 6 плательщиков (0 seed) 1.5 млн; передаёт дальше 0%; сходятся потоки 8 seed [5 плательщ. в 1 день; аномалия для колена],False,3,0,6,0,1500000.0,0.0,10,0,0.0,0.0,8,0,6,0,2422.019060669947,0.0005516278220472679,0.0,5.89361289133574e-06,0.0,False,,,0.0,,5.0,0,False,0,8.14,in_deg,True,,0.1341,0.1049,0.0,0.1253,0.085,0.0,0.0333
100000001600934100,peripheral,0.236,1,0.3579,"Вход 180 тыс. от 1, выход 11 тыс. на 1; пороги ролей не достигнуты [возвратный поток]",False,3,0,1,1,180300.0,11000.0,2,1,0.06100942872989462,1.0,7,0,1,0,25870.622742019714,0.0023668517583921712,0.0006938863107634386,3.02733233027133e-05,0.0,False,,,0.0,4.0,1.0,0,False,1,1.69,log_out,False,,0.0059,0.1562,0.0,0.0799,0.0992,0.0,0.0167
100000002818726100,peripheral,0.8,4,0.1607,"Вход 11 тыс. от 1, выход 0 на 0; пороги ролей не достигнуты",False,3,0,1,0,10879.0,0.0,1,0,0.0,0.0,7,0,1,0,131.98353784176973,0.0002895964508153981,0.0,0.00025946007686321234,0.0,False,,,0.0,,1.0,0,False,0,0.97,log_in,False,,0.02,0.0453,0.0,0.0799,0.0154,0.0,0.0
100000008712827100,peripheral,0.409,9,0.0955,"Вход 76 тыс. от 1, выход 0 на 0; пороги ролей не достигнуты",False,3,1,1,0,76000.0,0.0,1,0,0.0,0.0,1,0,0,0,55.66857503448452,0.0002974312054351879,0.0,3.0588951023382876e-10,0.0,False,,,0.0,,1.0,0,False,0,0.27,log_in,False,,0.0102,0.0317,0.0,0.0192,0.0343,0.0,0.0
100000008259451100,peripheral,0.471,10,0.1787,"Вход 55 тыс. от 1, выход 0 на 0; пороги ролей не достигнуты",False,3,0,1,0,55000.0,0.0,1,0,0.0,0.0,7,0,1,0,147.9063896382668,0.0003011151344797481,0.0,2.4413789354590045e-05,0.0,False,,,0.0,,1.0,0,False,0,0.07,log_in,False,,0.0118,0.0473,0.0,0.0799,0.0397,0.0,0.0
100000003060517100,terminal,0.945,7,0.3686,"Получил 316 тыс. от 1 плательщ.; исходящих нет, хотя колено 3 обходилось — деньги остались",False,3,0,1,0,315955.0,0.0,1,0,0.0,0.0,7,0,1,0,1200.3587306891936,0.00036188349261669046,0.0,0.0004659017954226318,0.0,False,,observed,0.0,,1.0,0,False,0,1.18,log_in,False,,0.1299,0.0937,0.0,0.0799,0.0651,0.0,0.0
100000002621434100,peripheral,0.399,2,0.2024,"Вход 81 тыс. от 1, выход 0 на 0; пороги ролей не достигнуты",False,3,0,1,0,81000.0,0.0,1,0,0.0,0.0,9,0,1,0,102.20286318431383,0.0002897423900896509,0.0,3.220733583683774e-06,0.0,False,,,0.0,,1.0,0,False,0,0.31,log_in,False,,0.01,0.0402,0.0,0.1361,0.0161,0.0,0.0
100000001860090100,peripheral,0.8,18,0.2197,"Вход 5 тыс. от 1, выход 0 на 0; пороги ролей не достигнуты",False,3,0,1,0,5000.0,0.0,1,0,0.0,0.0,1,0,0,0,4199.991747308928,0.00037803658179597294,0.0,1.23619985386e-313,0.0,False,,,0.0,,1.0,1,False,0,1.47,log_in,False,,0.02,0.1129,0.0,0.0192,0.0676,0.0,0.0
100000004689658100,peripheral,0.087,15,0.2761,"Вход 456 тыс. от 1, выход 7 тыс. на 1; пороги ролей не достигнуты",False,3,0,1,1,456100.0,7092.0,1,1,0.015549221661916246,1.0,7,0,1,0,1515.4363455117061,0.0003863163581277,0.0,0.0001302803722324665,1.922024458454748e-05,False,,,0.0,,1.0,0,False,0,1.61,log_out,False,,0.0022,0.0968,0.0,0.0799,0.0685,0.0287,0.0
100000003486970100,terminal,0.892,7,0.2776,"Получил 150 тыс. от 1 плательщ.; исходящих нет, хотя колено 3 обходилось — деньги остались",False,3,0,1,0,150000.0,0.0,1,0,0.0,0.0,7,0,1,0,231.3183785321075,0.00029043067032840335,0.0,0.0029401739563140994,0.0,False,,observed,0.0,,1.0,0,False,0,0.71,log_in,False,,0.1226,0.0566,0.0,0.0799,0.0184,0.0,0.0
100000004659919100,peripheral,0.324,8,0.4086,"Вход 110 тыс. от 1, выход 39 тыс. на 1; пороги ролей не достигнуты",False,3,0,1,1,110000.0,39000.0,2,1,0.35454545454545455,1.0,10,0,1,0,4782.608695652174,0.0007249529791849306,0.0,0.0,2.4173915869224665e-05,False,,,0.0,13.0,1.0,0,False,0,1.92,log_out,False,,0.0081,0.1147,0.0,0.1441,0.0917,0.05,0.0
100000006111439100,peripheral,0.4,4,0.2568,"Вход 21 тыс. от 3, выход 24 тыс. на 4; пороги ролей не достигнуты [возвратный поток]",False,3,0,3,4,20570.0,24000.0,3,4,1.166747690811862,1.3333333333333333,7,0,3,0,294.63504558680836,0.00036550170106991627,0.00039378212600319184,0.0036417524169981416,1.755563613021834e-05,False,,,0.0,12.0,1.0,3,False,1,3.26,in_deg,False,,0.01,0.0631,0.0,0.0799,0.0657,0.0214,0.0167
100000002521039100,terminal,0.95,11,0.319,"Получил 349 тыс. от 1 плательщ.; исходящих нет, хотя колено 3 обходилось — деньги остались",False,3,0,1,0,349370.0,0.0,1,0,0.0,0.0,7,0,1,0,306.31656448543885,0.00030524580110660585,0.0,0.0029057815328092595,0.0,False,,observed,0.0,,1.0,0,False,0,1.25,log_in,False,,0.1306,0.0648,0.0,0.0799,0.0436,0.0,0.0
100000008493007100,peripheral,0.669,9,0.0985,"Вход 26 тыс. от 1, выход 26 тыс. на 1; пороги ролей не достигнуты [сквозной пропуск ≤2дн]",False,3,1,1,1,26150.0,26150.0,1,1,1.0,1.0,1,0,0,0,19.154384699365398,0.0002896507281429226,0.0,3.0588951023382876e-10,1.387027959709612e-06,False,,,1.0,1.0,1.0,0,False,0,1.85,log_out,False,,0.0167,0.0187,0.0,0.0192,0.0157,0.0115,0.0167
100000007793871100,peripheral,0.673,6,0.3427,"Вход 26 тыс. от 1, выход 0 на 0; пороги ролей не достигнуты",False,3,0,1,0,26000.0,0.0,3,0,0.0,0.0,8,0,1,0,3486.4760783906454,0.0006872267875117613,0.0,0.0,0.0,False,,,0.0,,1.0,1,False,0,0.41,log_in,False,,0.0168,0.1097,0.0,0.1253,0.0909,0.0,0.0
100000001650895100,peripheral,0.264,6,0.3199,"Вход 154 тыс. от 1, выход 10 тыс. на 1; пороги ролей не достигнуты",False,3,0,1,1,153500.0,10000.0,1,1,0.06514657980456026,1.0,9,0,1,0,715.655277816163,0.00030927489327733915,0.0,5.689711552130549e-08,2.19943005039667e-05,False,,,0.0,,1.0,0,False,0,1.67,log_out,False,,0.0066,0.0834,0.0,0.1361,0.0466,0.0472,0.0
100000002567887100,peripheral,0.493,7,0.1335,"Вход 51 тыс. от 1, выход 0 на 0; пороги ролей не достигнуты",False,3,0,1,0,50915.0,0.0,1,0,0.0,0.0,7,0,1,0,78.51716828641503,0.00028721940731527283,0.0,0.0029401739563140994,0.0,False,,,0.0,,1.0,0,False,0,0.02,log_in,False,,0.0123,0.0358,0.0,0.0799,0.0054,0.0,0.0
100000008055972100,peripheral,0.651,9,0.0728,"Вход 28 тыс. от 1, выход 0 на 0; пороги ролей не достигнуты",False,3,1,1,0,28300.0,0.0,1,0,0.0,0.0,1,0,0,0,20.729219387840946,0.0002899862953681657,0.0,3.0588951023382876e-10,0.0,False,,,0.0,,1.0,0,False,0,0.36,log_in,False,,0.0163,0.0202,0.0,0.0192,0.017,0.0,0.0
100000008684452100,peripheral,0.488,9,0.0857,"Вход 52 тыс. от 1, выход 0 на 0; пороги ролей не достигнуты",False,3,1,1,0,51800.0,0.0,1,0,0.0,0.0,1,0,0,0,37.94252877350392,0.0002936541231789628,0.0,3.0588951023382876e-10,0.0,False,,,0.0,,1.0,0,False,0,0.03,log_in,False,,0.0122,0.0268,0.0,0.0192,0.0274,0.0,0.0
100000000764836100,peripheral,0.169,1,0.3075,"Вход 252 тыс. от 1, выход 50 тыс. на 2; пороги ролей не достигнуты",False,3,0,1,2,251716.0,50000.0,1,2,0.1986365586613485,2.0,7,0,1,0,3402.4029550472483,0.00033678317937202955,0.0,0.0016044117305492448,3.844048916909496e-05,False,,,0.5,0.0,1.0,0,False,0,1.96,log_out,False,,0.0042,0.1094,0.0,0.0799,0.0594,0.0545,0.0
100000003072676100,peripheral,0.617,7,0.1645,"Вход 32 тыс. от 1, выход 0 на 0; пороги ролей не достигнуты",False,3,0,1,0,31545.0,0.0,1,0,0.0,0.0,7,0,1,0,119.84401626684372,0.00029318851653853617,0.0,0.0004659017954226318,0.0,False,,,0.0,,1.0,0,False,0,0.29,log_in,False,,0.0154,0.043,0.0,0.0799,0.0262,0.0,0.0
100000008757369100,peripheral,0.675,1,0.2016,"Вход 26 тыс. от 1, выход 58 тыс. на 1; пороги ролей не достигнуты [сквозной пропуск ≤2дн]",False,3,0,1,1,25961.0,58398.0,1,3,2.249451099726513,1.0,7,0,1,0,186.0618837553866,0.0002878715741932152,0.0,0.0011319383959652314,1.922024458454748e-05,False,,,0.8989691427788623,0.5,1.0,0,False,0,1.99,log_out,False,,0.0169,0.0519,0.0,0.0799,0.0076,0.0287,0.0167
100000007618425100,peripheral,0.575,7,0.1724,"Вход 39 тыс. от 1, выход 0 на 0; пороги ролей не достигнуты",False,3,0,1,0,39348.0,0.0,1,0,0.0,0.0,7,0,1,0,149.48874154597453,0.0002950732143281281,0.0,0.0004659017954226318,0.0,False,,,0.0,,1.0,0,False,0,0.15,log_in,False,,0.0144,0.0478,0.0,0.0799,0.0303,0.0,0.0
100000004671609100,terminal,0.861,2,0.3615,"Получил 100 тыс. от 1 плательщ.; исходящих нет, хотя колено 3 обходилось — деньги остались",False,3,0,1,0,100000.0,0.0,1,0,0.0,0.0,9,0,1,0,358.0170518545371,0.00030024211151879094,0.0,2.7202736290638442e-06,0.0,False,,observed,0.0,,1.0,0,False,0,0.45,log_in,False,,0.1184,0.0686,0.0,0.1361,0.0383,0.0,0.0
100000004676985100,peripheral,0.612,11,0.1539,"Вход 32 тыс. от 1, выход 27 тыс. на 1; пороги ролей не достигнуты",False,3,0,1,1,32260.0,27102.0,1,1,0.8401115933044018,1.0,7,0,1,0,28.284547529267705,0.0002873861763544214,0.0,0.0029057815328092595,1.922024458454748e-05,False,,,0.0,3.0,1.0,0,False,0,1.85,log_out,False,,0.0153,0.0239,0.0,0.0799,0.006,0.0287,0.0
100000002531406100,transit,0.59,15,0.263,"Пропуск 96%: получил 520 тыс., отдал 500 тыс.; 1→1 контрагента; в ≤2 дн ушло 0%",False,3,0,1,1,520000.0,500000.0,1,1,0.9615384615384616,1.0,1,0,0,0,1138.3504849530123,0.00032260508437457255,0.0,7.936044019065454e-05,7.925874055483496e-07,False,,,0.0,,1.0,0,False,0,2.38,log_out,False,,0.0885,0.093,0.0,0.0192,0.0553,0.0069,0.0
100000002877262100,terminal,0.861,2,0.3122,"Получил 100 тыс. от 1 плательщ.; исходящих нет, хотя колено 3 обходилось — деньги остались",False,3,0,1,0,100000.0,0.0,1,0,0.0,0.0,8,0,1,0,52.41127712583909,0.00029991776286086456,0.0,2.612568276300329e-07,0.0,False,,observed,0.0,,1.0,0,False,0,0.45,log_in,False,,0.1184,0.0306,0.0,0.1253,0.0379,0.0,0.0
100000007591246100,peripheral,0.8,3,0.1974,"Вход 12 тыс. от 1, выход 120 тыс. на 1; пороги ролей не достигнуты",False,3,0,1,1,12190.0,120000.0,1,1,9.844134536505333,1.0,7,0,1,0,201.43616517552874,0.00029789309382384895,7.31125499776838e-07,2.447514911523943e-05,1.0237587321666184e-06,False,,,0.0,,1.0,0,False,0,2.12,log_out,False,,0.02,0.0538,0.0,0.0799,0.0348,0.0088,0.0
100000008712184100,peripheral,0.781,9,0.0642,"Вход 18 тыс. от 1, выход 0 на 0; пороги ролей не достигнуты",False,3,1,1,0,18000.0,0.0,1,0,0.0,0.0,1,0,0,0,13.184662508167387,0.0002883786942425823,0.0,3.0588951023382876e-10,0.0,False,,,0.0,,1.0,0,False,0,0.65,log_in,False,,0.0195,0.0154,0.0,0.0192,0.01,0.0,0.0
100000002975437100,peripheral,0.066,30,0.2886,"Вход 530 тыс. от 1, выход 8 тыс. на 1; пороги ролей не достигнуты [возвратный поток]",False,3,0,1,1,530000.0,8500.0,2,1,0.016037735849056604,1.0,7,0,1,0,3927.3034671687574,0.000521005714309102,2.0034752528524684e-295,4.747355765062003e-05,0.0,False,,,0.0,,1.0,0,False,1,1.64,log_out,False,,0.0017,0.1116,0.0,0.0799,0.0787,0.0,0.0167
100000005008589100,peripheral,0.554,1,0.1642,"Вход 43 тыс. от 1, выход 0 на 0; пороги ролей не достигнуты",False,3,0,1,0,42806.68,0.0,1,0,0.0,0.0,7,0,1,0,45.64794414437886,0.00030309402044475066,0.0,0.0006428156575478821,0.0,False,,,0.0,,1.0,0,False,0,0.09,log_in,False,,0.0138,0.0286,0.0,0.0799,0.0418,0.0,0.0
100000000782285100,peripheral,0.8,4,0.2532,"Вход 6 тыс. от 1, выход 0 на 0; пороги ролей не достигнуты",False,3,0,1,0,6151.0,0.0,1,0,0.0,0.0,7,0,1,0,1725.4066015992873,0.0003196030120468737,0.0,2.350941696846872e-06,0.0,False,,,0.0,,1.0,1,False,0,1.34,log_in,False,,0.02,0.0992,0.0,0.0799,0.054,0.0,0.0
100000005198498100,peripheral,0.649,9,0.0735,"Вход 29 тыс. от 1, выход 0 на 0; пороги ролей не достигнуты",False,3,1,1,0,28800.0,0.0,1,0,0.0,0.0,1,0,0,0,21.095460013067818,0.00029006433425775714,0.0,3.0588951023382876e-10,0.0,False,,,0.0,,1.0,0,False,0,0.35,log_in,False,,0.0162,0.0208,0.0,0.0192,0.0173,0.0,0.0
100000008517538100,distributor,0.634,2,0.4558,Рассылает на 17 получателей 1.4 млн (веер 6:1); плательщиков 3 [аномалия для колена],False,3,0,3,17,155500.0,1439000.0,6,18,9.254019292604502,5.666666666666667,8,0,3,0,232.12978140768615,0.00030701646079282416,1.775922977224528e-05,4.416103578227563e-06,0.0002458053647176589,False,,,0.592077831827658,2.0,1.0,1,False,0,6.08,out_deg,True,,0.1268,0.0568,0.0,0.1253,0.0451,0.0851,0.0167
100000005756535100,peripheral,0.754,5,0.2086,"Вход 20 тыс. от 1, выход 0 на 0; пороги ролей не достигнуты",False,3,1,1,0,20000.0,0.0,1,0,0.0,0.0,1,0,0,0,852.4301825842978,0.0005415991635083553,0.0,0.0,0.0,False,,,0.0,,1.0,0,False,0,0.58,log_in,False,,0.0189,0.0869,0.0,0.0192,0.0836,0.0,0.0
100000004917367100,terminal,0.876,7,0.3053,"Получил 120 тыс. от 2 плательщ.; исходящих нет, хотя колено 3 обходилось — деньги остались",False,3,0,2,0,120000.0,0.0,2,0,0.0,0.0,7,0,2,0,505.9872595253991,0.0002940276420429223,0.0,0.004078081341469421,0.0,False,,observed,0.0,,1.0,0,False,0,1.63,in_deg,False,,0.1205,0.0768,0.0,0.0799,0.0282,0.0,0.0
100000001222263100,peripheral,0.05,7,0.2669,"Вход 746 тыс. от 1, выход 420 тыс. на 1; пороги ролей не достигнуты [сквозной пропуск ≤2дн]",False,3,0,1,1,745570.0,420000.0,1,5,0.5633273870998028,1.0,7,0,1,0,1149.7602898812227,0.0003097326021317051,0.0,0.0029401739563140994,1.922024458454748e-05,False,,,0.7142857142857143,0.0,1.0,0,False,0,2.35,log_out,False,,0.0013,0.0932,0.0,0.0799,0.0472,0.0287,0.0167
100000001149815100,peripheral,0.8,9,0.0555,"Вход 12 тыс. от 1, выход 0 на 0; пороги ролей не достигнуты",False,3,1,1,0,12000.0,0.0,1,0,0.0,0.0,1,0,0,0,8.789775005444923,0.00028744222756748515,0.0,3.0588951023382876e-10,0.0,False,,,0.0,,1.0,0,False,0,0.91,log_in,False,,0.02,0.0102,0.0,0.0192,0.006,0.0,0.0
100000006020215100,peripheral,0.634,4,0.2654,"Вход 30 тыс. от 1, выход 34 тыс. на 2; пороги ролей не достигнуты",False,3,0,1,2,30000.0,33800.0,1,2,1.1266666666666667,2.0,7,0,1,0,363.95864833652837,0.00029667460701655716,4.755615016242943e-298,0.00025946007686321234,6.055520199044304e-05,False,,,0.0,13.0,1.0,0,False,0,1.89,log_out,False,,0.0158,0.069,0.0,0.0799,0.0332,0.0674,0.0
100000000673868100,peripheral,0.05,14,0.4088,"Вход 2.0 млн от 1, выход 383 тыс. на 5; пороги ролей не достигнуты [сквозной пропуск ≤2дн; возвратный поток]",False,3,0,1,5,2030650.0,383000.0,5,19,0.18860955851574618,5.0,7,0,1,0,13189.531724227912,0.0011728050936714379,0.002415012471039165,3.627390818810257e-07,4.1016398237127094e-05,False,,,0.762402088772846,0.0,1.0,0,False,2,2.37,log_in,False,,0.0013,0.1381,0.0,0.0799,0.0961,0.0601,0.0333
100000008749900100,peripheral,0.798,9,0.062,"Вход 17 тыс. от 1, выход 0 на 0; пороги ролей не достигнуты",False,3,1,1,0,17150.0,0.0,1,0,0.0,0.0,1,0,0,0,12.562053445281704,0.00028824602813027684,0.0,3.0588951023382876e-10,0.0,False,,,0.0,,1.0,0,False,0,0.68,log_in,False,,0.02,0.0139,0.0,0.0192,0.0089,0.0,0.0
100000002862113100,peripheral,0.525,10,0.1738,"Вход 47 тыс. от 1, выход 0 на 0; пороги ролей не достигнуты",False,3,0,1,0,47405.0,0.0,2,0,0.0,0.0,7,0,1,0,127.48186183276432,0.00029896839526532333,0.0,2.4413789354590045e-05,0.0,False,,,0.0,,1.0,0,False,0,0.03,log_in,False,,0.0131,0.0446,0.0,0.0799,0.0361,0.0,0.0
100000001066017100,peripheral,0.292,11,0.2827,"Вход 136 тыс. от 2, выход 82 тыс. на 4; пороги ролей не достигнуты",False,3,0,2,4,136123.0,82500.0,3,4,0.6060695106631503,2.0,7,0,2,0,773.1712119054985,0.0003012384075340412,1.5362965042255266e-289,0.004043688917964581,7.688097833818992e-05,False,,,0.18787878787878787,2.5,1.0,0,False,0,2.05,log_out,False,,0.0073,0.0854,0.0,0.0799,0.0399,0.0702,0.0
100000008436257100,terminal,0.761,16,0.2746,"Получил 35 тыс. от 2 плательщ.; исходящих нет, хотя колено 3 обходилось — деньги остались",False,3,0,2,0,35000.0,0.0,2,0,0.0,0.0,7,0,2,0,263.12564827477956,0.0002945798149854981,0.0,0.00025203680321420047,0.0,False,,observed,0.0,,2.0,1,False,0,1.63,in_deg,False,,0.1046,0.0607,0.0,0.0799,0.0294,0.0,0.0
100000003016438100,peripheral,0.212,2,0.3083,"Вход 200 тыс. от 1, выход 300 тыс. на 1; пороги ролей не достигнуты",False,3,0,1,1,200000.0,300000.0,1,3,1.5,1.0,8,0,1,0,647.3579914512419,0.00031668469996408427,0.0,1.8496738193083065e-06,2.139985994980544e-05,False,,,0.6666666666666666,0.0,1.0,0,False,0,2.29,log_out,False,,0.0053,0.0802,0.0,0.1253,0.0522,0.0453,0.0
100000002534091100,peripheral,0.725,8,0.1912,"Вход 22 тыс. от 1, выход 0 на 0; пороги ролей не достигнуты",False,3,0,1,0,22200.0,0.0,1,0,0.0,0.0,7,0,1,0,260.4915874412558,0.00029636616273709014,0.0,0.00012159927962597201,0.0,False,,,0.0,,1.0,0,False,0,0.51,log_in,False,,0.0181,0.0605,0.0,0.0799,0.0326,0.0,0.0
100000006882208100,peripheral,0.781,3,0.3356,"Вход 18 тыс. от 1, выход 0 на 0; пороги ролей не достигнуты",False,3,0,1,0,18000.0,0.0,1,0,0.0,0.0,7,0,1,0,18000.0,0.0006403184460375346,0.0,2.667129207094818e-06,0.0,False,,,0.0,,1.0,0,False,0,0.65,log_in,False,,0.0195,0.1465,0.0,0.0799,0.0896,0.0,0.0
100000005362848100,peripheral,0.647,6,0.1848,"Вход 29 тыс. от 1, выход 0 на 0; пороги ролей не достигнуты",False,3,0,1,0,29000.0,0.0,1,0,0.0,0.0,7,0,1,0,224.83799798384752,0.00029637417941000597,0.0,6.407022137400362e-07,0.0,False,,,0.0,,1.0,0,False,0,0.34,log_in,False,,0.0162,0.0559,0.0,0.0799,0.0327,0.0,0.0
100000001073568100,peripheral,0.05,10,0.3039,"Вход 707 тыс. от 1, выход 220 тыс. на 2; пороги ролей не достигнуты [сквозной пропуск ≤2дн]",False,3,0,1,2,707465.0,219503.0,4,3,0.31026693900051594,2.0,7,0,1,0,1902.519889917026,0.000485535437513278,1.0558632740246126e-05,2.4413789354590045e-05,1.922024458454748e-05,False,,,1.0,0.0,1.0,0,False,0,2.23,log_out,False,,0.0013,0.1007,0.0,0.0799,0.0766,0.0287,0.0167
100000008687733100,peripheral,0.8,9,0.0592,"Вход 15 тыс. от 1, выход 0 на 0; пороги ролей не достигнуты",False,3,1,1,0,14650.0,0.0,1,0,0.0,0.0,1,0,0,0,10.730850319147345,0.00028785583368231974,0.0,3.0588951023382876e-10,0.0,False,,,0.0,,1.0,0,False,0,0.78,log_in,False,,0.02,0.0125,0.0,0.0192,0.0075,0.0,0.0
100000007229557100,terminal,0.987,2,0.466,"Получил 878 тыс. от 3 плательщ.; исходящих нет, хотя колено 3 обходилось — деньги остались [3 плательщ. в 1 день]",False,3,0,3,0,878000.0,0.0,3,0,0.0,0.0,9,0,3,0,2935.4623609705227,0.00039420933069834953,0.0,4.866928063855119e-06,0.0,False,,observed,0.0,,3.0,0,False,0,3.26,in_deg,False,,0.1357,0.1077,0.0,0.1361,0.0698,0.0,0.0167
100000001052789100,peripheral,0.423,19,0.2024,"Вход 71 тыс. от 1, выход 0 на 0; пороги ролей не достигнуты",False,3,0,1,0,70975.0,0.0,1,0,0.0,0.0,7,0,1,0,526.5050555866942,0.00029770710734911807,0.0,8.448073037865009e-05,0.0,False,,,0.0,,1.0,0,False,0,0.23,log_in,False,,0.0106,0.0772,0.0,0.0799,0.0346,0.0,0.0
100000006967370100,peripheral,0.609,7,0.2118,"Вход 33 тыс. от 1, выход 14 тыс. на 1; пороги ролей не достигнуты [сквозной пропуск ≤2дн]",False,3,0,1,1,33225.0,13526.27,1,1,0.40711121143717083,1.0,7,0,1,0,126.22657918737939,0.0002935942953782791,0.0,0.0004659017954226318,1.922024458454748e-05,False,,,1.0,0.0,1.0,0,False,0,1.73,log_out,False,,0.0152,0.0441,0.0,0.0799,0.0272,0.0287,0.0167
100000001837130100,terminal,0.903,1,0.338,"Получил 173 тыс. от 1 плательщ.; исходящих нет, хотя колено 3 обходилось — деньги остались",False,3,0,1,0,172900.0,0.0,1,0,0.0,0.0,7,0,1,0,1239.1702823969163,0.00030090245579956094,0.0,0.0011319383959652314,0.0,False,,observed,0.0,,1.0,0,False,0,0.8,log_in,False,,0.1242,0.0945,0.0,0.0799,0.0395,0.0,0.0
100000005820746100,peripheral,0.05,13,0.3147,"Вход 2.0 млн от 1, выход 60 тыс. на 1; пороги ролей не достигнуты [возвратный поток]",False,3,0,1,1,1989000.0,60000.0,2,1,0.030165912518853696,1.0,1,0,0,0,97970.913696099,0.000989461905456685,8.78241285305765e-249,1.23619985386e-313,0.0,False,,,0.0,4.0,1.0,0,False,1,2.36,log_in,False,,0.0013,0.1824,0.0,0.0192,0.0952,0.0,0.0167
100000002883402100,terminal,0.943,2,0.4372,"Получил 300 тыс. от 3 плательщ.; исходящих нет, хотя колено 3 обходилось — деньги остались",False,3,0,3,0,300000.0,0.0,3,0,0.0,0.0,10,1,3,0,236.69360309162715,0.0003006570717458922,0.0,3.6593518302858516e-06,0.0,False,,observed,0.0,,1.0,0,False,0,3.26,in_deg,False,,0.1297,0.0575,0.067,0.1441,0.039,0.0,0.0
100000008582730100,peripheral,0.8,19,0.3435,"Вход 5 тыс. от 1, выход 5 тыс. на 1; пороги ролей не достигнуты [сквозной пропуск ≤2дн; возвратный поток]",False,3,0,1,1,5000.0,5000.0,1,1,1.0,1.0,7,0,1,0,5000.0,0.0008925911171850297,8.816478649686815e-05,0.0,0.0,False,,,1.0,0.0,1.0,1,False,1,1.55,log_out,False,,0.02,0.1158,0.0,0.0799,0.0944,0.0,0.0333
100000003116106100,terminal,0.969,7,0.3386,"Получил 494 тыс. от 1 плательщ.; исходящих нет, хотя колено 3 обходилось — деньги остались",False,3,0,1,0,494050.0,0.0,2,0,0.0,0.0,7,0,1,0,761.8856327585847,0.0003015810466685917,0.0,0.0029401739563140994,0.0,False,,observed,0.0,,1.0,0,False,0,1.47,log_in,False,,0.1332,0.0851,0.0,0.0799,0.0403,0.0,0.0
100000001818442100,peripheral,0.557,6,0.2002,"Вход 42 тыс. от 1, выход 0 на 0; пороги ролей не достигнуты",False,3,0,1,0,42215.0,0.0,1,0,0.0,0.0,7,0,1,0,327.29434775476284,0.00030129785381765185,0.0,6.407022137400362e-07,0.0,False,,,0.0,,1.0,0,False,0,0.1,log_in,False,,0.0139,0.0664,0.0,0.0799,0.0399,0.0,0.0
100000008690762100,peripheral,0.661,9,0.0715,"Вход 27 тыс. от 1, выход 0 на 0; пороги ролей не достигнуты",False,3,1,1,0,26750.0,0.0,1,0,0.0,0.0,1,0,0,0,19.593873449637645,0.00028974437481043224,0.0,3.0588951023382876e-10,0.0,False,,,0.0,,1.0,0,False,0,0.4,log_in,False,,0.0165,0.0196,0.0,0.0192,0.0162,0.0,0.0
100000008712991100,peripheral,0.438,9,0.0916,"Вход 66 тыс. от 1, выход 0 на 0; пороги ролей не достигнуты",False,3,1,1,0,66100.0,0.0,1,0,0.0,0.0,1,0,0,0,48.41701065499246,0.00029588603542127765,0.0,3.0588951023382876e-10,0.0,False,,,0.0,,1.0,0,False,0,0.18,log_in,False,,0.011,0.0296,0.0,0.0192,0.0318,0.0,0.0
100000003292191100,terminal,0.872,2,0.3056,"Получил 112 тыс. от 1 плательщ.; исходящих нет, хотя колено 3 обходилось — деньги остались",False,3,0,1,0,112000.0,0.0,1,0,0.0,0.0,8,0,1,0,26.635845435876814,0.0002996284816997216,0.0,1.2902817864242934e-06,0.0,False,,observed,0.0,,1.0,0,False,0,0.52,log_in,False,,0.1199,0.0229,0.0,0.1253,0.0375,0.0,0.0
100000005367284100,peripheral,0.8,1,0.2258,"Вход 14 тыс. от 1, выход 48 тыс. на 2; пороги ролей не достигнуты",False,3,0,1,2,13700.0,48300.0,1,5,3.5255474452554743,2.0,7,0,1,0,240.96587991190265,0.00028914323405377366,0.0,0.001137907385155322,3.844048916909496e-05,False,,,0.2836438923395445,4.0,1.0,0,False,0,1.96,log_out,False,,0.02,0.058,0.0,0.0799,0.0133,0.0545,0.0
100000003216073100,peripheral,0.585,15,0.0858,"Вход 37 тыс. от 1, выход 70 тыс. на 1; пороги ролей не достигнуты",False,3,0,1,1,37001.0,70000.0,1,1,1.891840761060512,1.0,1,0,0,0,81.00020441105077,0.0002882046043550016,0.0,7.936044019065454e-05,7.925874055483496e-07,False,,,0.0,3.0,1.0,0,False,0,2.02,log_out,False,,0.0146,0.0363,0.0,0.0192,0.0087,0.0069,0.0
100000006169033100,peripheral,0.518,7,0.3454,"Вход 49 тыс. от 1, выход 1.1 млн на 3; пороги ролей не достигнуты [возвратный поток]",False,3,0,1,3,49000.0,1140271.0,1,10,23.270836734693876,3.0,7,0,1,0,2532.6529725214264,0.0004180416339687668,6.477997615971343e-05,2.4284365594566553e-05,3.923307657464331e-05,False,,,0.0,6.5,1.0,0,False,1,2.53,log_out,False,,0.013,0.1059,0.0,0.0799,0.0719,0.058,0.0167
100000004407753100,peripheral,0.172,22,0.331,"Вход 250 тыс. от 1, выход 100 тыс. на 1; пороги ролей не достигнуты [сквозной пропуск ≤2дн; возвратный поток]",False,3,0,1,1,250000.0,100000.0,4,1,0.4,1.0,7,0,1,0,5997.629147692973,0.0008785641580238728,1.578815165634182e-09,2.91876993847384e-271,0.0,False,,,1.0,1.0,1.0,0,False,1,2.09,log_out,False,,0.0043,0.1193,0.0,0.0799,0.0941,0.0,0.0333
100000004420041100,peripheral,0.3,12,0.2944,"Вход 70 тыс. от 1, выход 652 тыс. на 7; пороги ролей не достигнуты",False,3,0,1,7,69638.0,651830.0,1,11,9.360263074758034,7.0,7,0,1,0,941.2851665511142,0.00029973777192393526,0.00012716212292143383,0.0016044117305492448,0.00015424862618236015,False,,,0.0,,1.0,0,False,0,2.5,out_deg,False,,0.0075,0.0882,0.0,0.0799,0.0377,0.081,0.0
100000004715209100,peripheral,0.5,29,0.2043,"Вход 5 тыс. от 1, выход 350 тыс. на 5; пороги ролей не достигнуты [возвратный поток]",False,3,0,1,5,5000.0,350450.0,1,17,70.09,5.0,7,0,1,0,17.061380192304718,0.0002875439757603291,7.552804228472387e-07,4.867829327536486e-08,7.767356574373826e-05,False,,,0.127835639891568,5.0,1.0,1,False,1,2.32,log_out,False,,0.0125,0.0174,0.0,0.0799,0.0066,0.0711,0.0167
100000004580254100,terminal,0.738,16,0.2733,"Получил 28 тыс. от 2 плательщ.; исходящих нет, хотя колено 3 обходилось — деньги остались",False,3,0,2,0,27940.0,0.0,2,0,0.0,0.0,7,0,2,0,119.00084125450032,0.0003122789899791896,0.0,0.00034028700247135254,0.0,False,,observed,0.0,,1.0,0,False,0,1.63,in_deg,False,,0.1015,0.0428,0.0,0.0799,0.0491,0.0,0.0
100000001056414100,terminal,0.931,14,0.2383,"Получил 250 тыс. от 1 плательщ.; исходящих нет, хотя колено 3 обходилось — деньги остались",False,3,0,1,0,250000.0,0.0,1,0,0.0,0.0,2,0,1,0,80.1860829940488,0.0002974772562529216,0.0,3.794136183730392e-07,0.0,False,,observed,0.0,,1.0,0,False,0,1.03,log_in,False,,0.128,0.0362,0.0,0.0397,0.0344,0.0,0.0
100000008686494100,peripheral,0.8,9,0.0602,"Вход 16 тыс. от 1, выход 0 на 0; пороги ролей не достигнуты",False,3,1,1,0,15700.0,0.0,1,0,0.0,0.0,1,0,0,0,11.499955632123775,0.00028801971535046174,0.0,3.0588951023382876e-10,0.0,False,,,0.0,,1.0,0,False,0,0.74,log_in,False,,0.02,0.013,0.0,0.0192,0.008,0.0,0.0
100000002822472100,terminal,0.935,14,0.4259,"Получил 267 тыс. от 2 плательщ.; исходящих нет, хотя колено 3 обходилось — деньги остались",False,3,0,2,0,266722.0,0.0,2,0,0.0,0.0,8,1,2,0,226.25283644256336,0.00031223557685989975,0.0,2.4793202972963084e-05,0.0,False,,observed,0.0,,1.0,0,False,0,1.63,in_deg,False,,0.1286,0.056,0.067,0.1253,0.049,0.0,0.0
100000001831496100,peripheral,0.687,12,0.1707,"Вход 25 тыс. от 1, выход 373 тыс. на 1; пороги ролей не достигнуты",False,3,0,1,1,25000.0,373000.0,1,1,14.92,1.0,7,0,1,0,67.2301771083031,0.0002926355852456805,5.268453548231194e-05,2.4413789354590045e-05,1.8493706129461493e-06,False,,,0.0,18.0,1.0,0,False,0,2.33,log_out,False,,0.0172,0.0344,0.0,0.0799,0.0248,0.0144,0.0
100000008732488100,peripheral,0.291,1,0.2827,"Вход 137 тыс. от 1, выход 10 тыс. на 1; пороги ролей не достигнуты [сквозной пропуск ≤2дн]",False,3,0,1,1,137000.0,10000.0,1,1,0.072992700729927,1.0,7,0,1,0,1851.8060228252198,0.0003134431769510035,0.0,0.0016044117305492448,1.922024458454748e-05,False,,,1.0,0.0,1.0,0,False,0,1.67,log_out,False,,0.0073,0.1001,0.0,0.0799,0.05,0.0287,0.0167
100000004007197100,peripheral,0.8,23,0.0689,"Вход 10 тыс. от 1, выход 0 на 0; пороги ролей не достигнуты",False,3,2,1,0,10048.0,0.0,1,0,0.0,0.0,1,0,0,0,25.75780879955102,0.00028768870831810195,0.0,3.403941910066223e-179,0.0,False,,,0.0,,1.0,0,False,0,1.02,log_in,False,,0.02,0.0226,0.0,0.0192,0.0071,0.0,0.0
100000002815005100,terminal,0.967,2,0.39,"Получил 476 тыс. от 1 плательщ.; исходящих нет, хотя колено 3 обходилось — деньги остались",False,3,0,1,0,476500.0,0.0,1,0,0.0,0.0,8,0,1,0,555.6169921799744,0.00031901272651967556,0.0,1.966214550791006e-06,0.0,False,,observed,0.0,,1.0,0,False,0,1.45,log_in,False,,0.133,0.0782,0.0,0.1253,0.0535,0.0,0.0
100000005756189100,peripheral,0.441,7,0.1834,"Вход 65 тыс. от 1, выход 49 тыс. на 1; пороги ролей не достигнуты [сквозной пропуск ≤2дн]",False,3,0,1,1,65000.0,49050.0,1,1,0.7546153846153846,1.0,7,0,1,0,100.23796403057992,0.0002876758905321063,0.0,0.0029401739563140994,1.922024458454748e-05,False,,,1.0,0.0,1.0,0,False,0,1.96,log_out,False,,0.011,0.04,0.0,0.0799,0.007,0.0287,0.0167
100000004877085100,peripheral,0.687,4,0.2727,"Вход 25 тыс. от 1, выход 96 тыс. на 3; пороги ролей не достигнуты [сквозной пропуск ≤2дн]",False,3,0,1,3,25000.0,95600.0,1,9,3.824,3.0,7,0,1,0,303.2988736137736,0.00029482372155001277,1.57847465707e-313,0.00025946007686321234,5.7660733753642434e-05,False,,,0.7071129707112971,0.0,1.0,0,False,0,2.08,log_out,False,,0.0172,0.0645,0.0,0.0799,0.0298,0.0647,0.0167
100000002713074100,peripheral,0.05,7,0.2879,"Вход 700 тыс. от 2, выход 430 тыс. на 1; пороги ролей не достигнуты",False,3,0,2,1,700000.0,430000.0,2,2,0.6142857142857143,0.5,7,0,2,0,2372.4177435467677,0.0004336098166177599,0.0,0.0006992464113712839,1.922024458454748e-05,False,,,0.0,13.0,2.0,0,False,0,2.35,log_out,False,,0.0013,0.1046,0.0,0.0799,0.0734,0.0287,0.0
100000002356167100,peripheral,0.143,7,0.2429,"Вход 300 тыс. от 1, выход 30 тыс. на 2; пороги ролей не достигнуты",False,3,0,1,2,300000.0,29500.0,1,3,0.09833333333333333,2.0,7,0,1,0,462.636757064215,0.0002952920464395158,0.0,0.0029401739563140994,3.844048916909496e-05,False,,,0.1864406779661017,9.0,1.0,0,False,0,1.87,log_out,False,,0.0036,0.0742,0.0,0.0799,0.0307,0.0545,0.0
100000004140487100,distributor,0.601,4,0.3705,Рассылает на 10 получателей 263 тыс. (веер 10:1); плательщиков 1 [возвратный поток; аномалия для колена],False,3,0,1,10,24510.0,262600.0,1,19,10.713994288045695,10.0,7,0,1,0,64.98117431054395,0.000289427144859754,0.002725120712515133,0.000233344615948652,0.00032537043857319123,False,,,0.29588728103579587,4.0,1.0,0,False,35,3.58,out_deg,True,,0.1202,0.034,0.0,0.0799,0.0149,0.0881,0.0333
100000003147719100,terminal,0.861,2,0.3176,"Получил 100 тыс. от 1 плательщ.; исходящих нет, хотя колено 3 обходилось — деньги остались",False,3,0,1,0,100000.0,0.0,1,0,0.0,0.0,9,0,1,0,126.176374301622,0.00029072126443008105,0.0,3.220733583683774e-06,0.0,False,,observed,0.0,,1.0,0,False,0,0.45,log_in,False,,0.1184,0.0439,0.0,0.1361,0.0193,0.0,0.0
100000008745884100,peripheral,0.754,9,0.0655,"Вход 20 тыс. от 1, выход 0 на 0; пороги ролей не достигнуты",False,3,1,1,0,20000.0,0.0,1,0,0.0,0.0,1,0,0,0,14.649625009074873,0.000288690849800948,0.0,3.0588951023382876e-10,0.0,False,,,0.0,,1.0,0,False,0,0.58,log_in,False,,0.0189,0.016,0.0,0.0192,0.0114,0.0,0.0
100000002559089100,terminal,0.982,2,0.4472,"Получил 715 тыс. от 2 плательщ.; исходящих нет, хотя колено 3 обходилось — деньги остались",False,3,0,2,0,715000.0,0.0,2,0,0.0,0.0,9,0,2,0,2680.3312324169383,0.0003924259537320126,0.0,2.8039190481513347e-06,0.0,False,,observed,0.0,,2.0,0,False,0,1.71,log_in,False,,0.135,0.1065,0.0,0.1361,0.0696,0.0,0.0
100000004984689100,peripheral,0.481,1,0.208,"Вход 53 тыс. от 1, выход 0 на 0; пороги ролей не достигнуты",False,3,0,1,0,53030.0,0.0,1,0,0.0,0.0,7,0,1,0,716.7976159884774,0.0002963587248842163,0.0,0.0016044117305492448,0.0,False,,,0.0,,1.0,0,False,0,0.04,log_in,False,,0.012,0.0835,0.0,0.0799,0.0325,0.0,0.0
100000004340038100,peripheral,0.8,4,0.186,"Вход 10 тыс. от 1, выход 49 тыс. на 1; пороги ролей не достигнуты",False,3,0,1,1,9978.0,49000.0,1,1,4.910803768290238,1.0,7,0,1,0,121.05264643672933,0.0002892629212543268,0.0,0.00025946007686321234,1.922024458454748e-05,False,,,0.0,9.0,1.0,1,False,0,1.96,log_out,False,,0.02,0.0432,0.0,0.0799,0.0142,0.0287,0.0
100000005052998100,peripheral,0.8,1,0.146,"Вход 10 тыс. от 1, выход 28 тыс. на 1; пороги ролей не достигнуты [возвратный поток]",False,3,0,1,1,9500.0,28400.0,1,1,2.9894736842105263,1.0,7,0,1,0,8.329299489399975,0.0002861043339042946,0.00023534294944821117,0.0029057815328092595,4.333353000324481e-06,False,,,0.0,,1.0,1,False,13,1.86,log_out,False,,0.02,0.0094,0.0,0.0799,0.0021,0.0179,0.0167
100000007597382100,peripheral,0.8,7,0.1237,"Вход 16 тыс. от 1, выход 0 на 0; пороги ролей не достигнуты",False,3,0,1,0,15700.0,0.0,1,0,0.0,0.0,7,0,1,0,24.211323619693918,0.00028607811825025404,0.0,0.0029401739563140994,0.0,False,,,0.0,,1.0,0,False,0,0.74,log_in,False,,0.02,0.0218,0.0,0.0799,0.002,0.0,0.0
100000008697670100,peripheral,0.678,9,0.0696,"Вход 25 тыс. от 1, выход 0 на 0; пороги ролей не достигнуты",False,3,1,1,0,25350.0,0.0,1,0,0.0,0.0,1,0,0,0,18.568399699002402,0.0002895258659195763,0.0,3.0588951023382876e-10,0.0,False,,,0.0,,1.0,0,False,0,0.43,log_in,False,,0.017,0.0183,0.0,0.0192,0.0151,0.0,0.0
100000008460102100,distributor,0.956,20,0.3797,Рассылает на 31 получателей 477 тыс. (веер 31:1); плательщиков 1 [аномалия для колена],False,3,0,1,31,17500.0,476570.0,1,34,27.23257142857143,31.0,1,0,0,0,23.05881159263532,0.00029968918055683897,0.00019786403733281253,4.1121872014305334e-07,0.0009777226136943515,False,,,0.1874016408922089,3.0,1.0,0,False,0,11.09,out_deg,True,,0.1912,0.0215,0.0,0.0192,0.0376,0.0935,0.0167
100000004399686100,terminal,0.986,13,0.4063,"Получил 806 тыс. от 1 плательщ.; исходящих нет, хотя колено 3 обходилось — деньги остались",False,3,0,1,0,806000.0,0.0,2,0,0.0,0.0,1,0,0,0,39700.631693844036,0.0005708068229548232,0.0,1.23619985386e-313,0.0,False,,observed,0.0,,1.0,0,False,0,1.78,log_in,False,,0.1356,0.1646,0.0,0.0192,0.0868,0.0,0.0
100000008688155100,peripheral,0.711,9,0.0687,"Вход 24 тыс. от 1, выход 0 на 0; пороги ролей не достигнуты",False,3,1,1,0,23600.0,0.0,1,0,0.0,0.0,1,0,0,0,17.286557510708352,0.00028925272980600625,0.0,3.0588951023382876e-10,0.0,False,,,0.0,,1.0,0,False,0,0.48,log_in,False,,0.0178,0.0176,0.0,0.0192,0.014,0.0,0.0
100000004386331100,peripheral,0.754,13,0.4396,"Вход 20 тыс. от 1, выход 18 тыс. на 2; пороги ролей не достигнуты [возвратный поток]",False,3,0,1,2,20000.0,17500.0,1,2,0.875,2.0,9,0,1,0,18433.92951849892,0.0005126940455197122,1.5362965042255266e-289,1.23619985386e-313,2.0210978841482916e-05,False,,,0.0,,1.0,0,False,1,1.77,log_out,False,,0.0189,0.147,0.0,0.1361,0.0783,0.0427,0.0167
100000007999728100,peripheral,0.717,10,0.1549,"Вход 23 тыс. от 1, выход 0 на 0; пороги ролей не достигнуты",False,3,0,1,0,23250.0,0.0,1,0,0.0,0.0,7,0,1,0,62.52406471072187,0.00029214094487369326,0.0,2.4413789354590045e-05,0.0,False,,,0.0,,1.0,0,False,0,0.49,log_in,False,,0.0179,0.0335,0.0,0.0799,0.0236,0.0,0.0
100000001597424100,peripheral,0.523,10,0.1746,"Вход 48 тыс. от 1, выход 0 на 0; пороги ролей не достигнуты",False,3,0,1,0,48100.0,0.0,1,0,0.0,0.0,7,0,1,0,129.35086075637514,0.00029916483815591255,0.0,2.4413789354590045e-05,0.0,False,,,0.0,,1.0,0,False,0,0.02,log_in,False,,0.0131,0.0451,0.0,0.0799,0.0365,0.0,0.0
100000003677936100,peripheral,0.422,4,0.2549,"Вход 71 тыс. от 1, выход 13 тыс. на 1; пороги ролей не достигнуты",False,3,0,1,1,71000.0,13000.0,1,2,0.18309859154929578,1.0,7,0,1,0,992.9109888090914,0.000308883638599444,0.0,0.00010831189501834011,1.922024458454748e-05,False,,,0.46153846153846156,8.5,1.0,0,False,0,1.72,log_out,False,,0.0106,0.0893,0.0,0.0799,0.0464,0.0287,0.0
100000002943472100,terminal,0.902,2,0.3345,"Получил 170 тыс. от 1 плательщ.; исходящих нет, хотя колено 3 обходилось — деньги остались",False,3,0,1,0,170000.0,0.0,1,0,0.0,0.0,8,0,1,0,89.09917111392645,0.00030996169091136613,0.0,2.612568276300329e-07,0.0,False,,observed,0.0,,1.0,0,False,0,0.79,log_in,False,,0.124,0.0379,0.0,0.1253,0.0473,0.0,0.0
100000004892144100,peripheral,0.05,13,0.3515,"Вход 4.5 млн от 2, выход 180 тыс. на 1; пороги ролей не достигнуты [возвратный поток]",False,3,0,2,1,4500000.0,180300.0,7,1,0.04006666666666667,0.5,2,0,2,0,286407.5342340211,0.0027832036872124303,4.023432257479479e-248,3.947731740227498e-248,0.0,False,,,0.0,4.0,2.0,0,False,4,2.88,log_in,False,,0.0013,0.1943,0.0,0.0397,0.0996,0.0,0.0167
100000008077552100,terminal,0.92,1,0.3713,"Получил 214 тыс. от 1 плательщ.; исходящих нет, хотя колено 3 обходилось — деньги остались",False,3,0,1,0,214000.0,0.0,1,0,0.0,0.0,7,0,1,0,2892.6021086466935,0.00032910951980133827,0.0,0.0016044117305492448,0.0,False,,observed,0.0,,1.0,0,False,0,0.93,log_in,False,,0.1265,0.1075,0.0,0.0799,0.0573,0.0,0.0
100000002914245100,terminal,0.887,15,0.2374,"Получил 141 тыс. от 1 плательщ.; исходящих нет, хотя колено 3 обходилось — деньги остались",False,3,0,1,0,140611.0,0.0,1,0,0.0,0.0,1,0,0,0,307.81653853793847,0.00029558398554384,0.0,7.936044019065454e-05,0.0,False,,observed,0.0,,1.0,0,False,0,0.67,log_in,False,,0.122,0.0649,0.0,0.0192,0.0313,0.0,0.0
100000004906181100,peripheral,0.3,7,0.227,"Вход 100 тыс. от 1, выход 2.5 млн на 7; пороги ролей не достигнуты",False,3,0,1,7,100000.0,2473417.91,1,33,24.734179100000002,7.0,7,0,1,0,154.21225235473833,0.00028881021162469923,7.07587887604281e-243,0.0029401739563140994,0.00013454171209183234,False,,,0.6420265631536565,4.0,1.0,0,False,0,2.67,log_out,False,,0.0075,0.0485,0.0,0.0799,0.0119,0.0791,0.0
100000008514970100,peripheral,0.113,15,0.1815,"Вход 380 тыс. от 1, выход 31 тыс. на 1; пороги ролей не достигнуты [сквозной пропуск ≤2дн]",False,3,0,1,1,379966.0,31000.0,1,1,0.0815862471905381,1.0,1,0,0,0,831.797077626262,0.0003126314885305634,0.0,7.936044019065454e-05,7.925874055483496e-07,False,,,1.0,0.0,1.0,0,False,0,1.88,log_out,False,,0.0028,0.0865,0.0,0.0192,0.0493,0.0069,0.0167
100000008258458100,peripheral,0.772,3,0.2281,"Вход 19 тыс. от 1, выход 1.6 млн на 2; пороги ролей не достигнуты",False,3,0,1,2,19000.0,1557988.0,1,4,81.99936842105264,2.0,7,0,1,0,198.23812032442817,0.0002912603933485006,0.0,5.2569834314297354e-05,3.844048916909496e-05,False,,,0.364308325866438,0.0,1.0,0,False,0,2.59,log_out,False,,0.0193,0.053,0.0,0.0799,0.0214,0.0545,0.0
100000003484058100,peripheral,0.324,10,0.2325,"Вход 110 тыс. от 1, выход 6 тыс. на 1; пороги ролей не достигнуты",False,3,0,1,1,110000.0,6000.0,1,1,0.05454545454545454,1.0,7,0,1,0,295.8127792765336,0.0003166609747422053,0.0,2.4413789354590045e-05,1.922024458454748e-05,False,,,0.0,13.0,1.0,0,False,0,1.58,log_out,False,,0.0081,0.0636,0.0,0.0799,0.0521,0.0287,0.0
100000003574895100,peripheral,0.655,11,0.1688,"Вход 28 тыс. от 1, выход 20 тыс. на 1; пороги ролей не достигнуты [сквозной пропуск ≤2дн]",False,3,0,1,1,27968.0,20000.0,1,1,0.7151029748283753,1.0,7,0,1,0,24.521457696793526,0.00028714445105582987,0.0,0.0029057815328092595,1.922024458454748e-05,False,,,1.0,0.0,1.0,0,False,0,1.8,log_out,False,,0.0164,0.0219,0.0,0.0799,0.0052,0.0287,0.0167
100000000896111100,terminal,0.94,13,0.3569,"Получил 287 тыс. от 1 плательщ.; исходящих нет, хотя колено 3 обходилось — деньги остались",False,3,0,1,0,287100.0,0.0,1,0,0.0,0.0,1,0,0,0,14141.50292717447,0.00038717189285320344,0.0,1.23619985386e-313,0.0,False,,observed,0.0,,1.0,0,False,0,1.12,log_in,False,,0.1292,0.1399,0.0,0.0192,0.0685,0.0,0.0
100000008715887100,peripheral,0.781,9,0.0642,"Вход 18 тыс. от 1, выход 0 на 0; пороги ролей не достигнуты",False,3,1,1,0,18000.0,0.0,1,0,0.0,0.0,1,0,0,0,13.184662508167387,0.0002883786942425823,0.0,3.0588951023382876e-10,0.0,False,,,0.0,,1.0,0,False,0,0.65,log_in,False,,0.0195,0.0154,0.0,0.0192,0.01,0.0,0.0
100000000560751100,peripheral,0.687,4,0.2803,"Вход 25 тыс. от 1, выход 0 на 0; пороги ролей не достигнуты",False,3,0,1,0,25000.0,0.0,1,0,0.0,0.0,7,0,1,0,1575.4889141985543,0.0005524500973404968,0.0,0.0,0.0,False,,,0.0,,1.0,0,False,0,0.44,log_in,False,,0.0172,0.0979,0.0,0.0799,0.0852,0.0,0.0
100000008708207100,terminal,0.966,2,0.427,"Получил 465 тыс. от 2 плательщ.; исходящих нет, хотя колено 3 обходилось — деньги остались",False,3,0,2,0,465000.0,0.0,2,0,0.0,0.0,9,0,2,0,1168.9208943336043,0.0003597869047298129,0.0,1.3667134292152246e-06,0.0,False,,observed,0.0,,2.0,0,False,0,1.63,in_deg,False,,0.1328,0.0934,0.0,0.1361,0.0646,0.0,0.0
100000003152964100,peripheral,0.28,1,0.2675,"Вход 142 тыс. от 1, выход 6 тыс. на 1; пороги ролей не достигнуты",False,3,0,1,1,141847.0,5500.0,1,1,0.03877417217142414,1.0,7,0,1,0,1917.322108902839,0.0003144293427145823,0.0,0.0016044117305492448,1.922024458454748e-05,False,,,0.0,3.0,1.0,0,False,0,1.56,log_out,False,,0.007,0.1009,0.0,0.0799,0.0509,0.0287,0.0
100000004991812100,peripheral,0.8,27,0.2637,"Вход 10 тыс. от 1, выход 0 на 0; пороги ролей не достигнуты",False,3,0,1,0,10000.0,0.0,1,0,0.0,0.0,7,0,1,0,2000.0,0.0003463600077195257,0.0,1.23619985386e-313,0.0,False,,,0.0,,1.0,0,False,0,1.03,log_in,False,,0.02,0.1017,0.0,0.0799,0.062,0.0,0.0
100000000291908100,peripheral,0.147,1,0.3363,"Вход 296 тыс. от 1, выход 13 тыс. на 1; пороги ролей не достигнуты",False,3,0,1,1,295500.0,13300.0,5,1,0.045008460236886635,1.0,7,0,1,0,6368.1446698950585,0.0007065527083397005,0.0,0.0,1.981468513870874e-05,False,,,0.0,4.0,1.0,0,False,0,1.72,log_out,False,,0.0037,0.1207,0.0,0.0799,0.0912,0.0407,0.0
100000003132484100,peripheral,0.377,2,0.252,"Вход 90 тыс. от 1, выход 0 на 0; пороги ролей не достигнуты",False,3,0,1,0,90000.0,0.0,1,0,0.0,0.0,1,0,0,0,14577.940075705877,0.0005388233251189476,0.0,0.0,0.0,False,,,0.0,,1.0,0,False,0,0.38,log_in,False,,0.0094,0.1405,0.0,0.0192,0.0828,0.0,0.0
100000004077081100,peripheral,0.285,8,0.236,"Вход 140 тыс. от 1, выход 615 тыс. на 4; пороги ролей не достигнуты",False,3,0,1,4,140000.0,615000.0,1,6,4.392857142857143,4.0,7,0,1,0,215.89715329663366,0.0002901065785876625,0.0012387798977508849,0.0029401739563140994,0.00011599154155885525,False,,,0.6829268292682927,0.5,1.0,0,False,0,2.42,log_out,False,,0.0071,0.0549,0.0,0.0799,0.0173,0.0766,0.0
100000004770073100,peripheral,0.8,1,0.1606,"Вход 5 тыс. от 1, выход 5 тыс. на 1; пороги ролей не достигнуты [сквозной пропуск ≤2дн]",False,3,0,1,1,5462.4,5466.97,1,1,1.0008366285881665,1.0,7,0,1,0,5.824963068713926,0.0002878055588504013,0.0,0.0006428156575478821,1.922024458454748e-05,False,,,1.0,0.0,1.0,1,False,0,1.56,log_out,False,,0.02,0.0079,0.0,0.0799,0.0073,0.0287,0.0167
100000003163886100,terminal,0.971,17,0.4912,"Получил 500 тыс. от 1 плательщ.; исходящих нет, хотя колено 3 обходилось — деньги остались",False,3,0,1,0,500000.0,0.0,1,0,0.0,0.0,10,0,1,0,6853.281853281854,0.0007338350680593709,0.0,3.283226523281586e-08,0.0,False,,observed,0.0,,1.0,0,False,0,1.48,log_in,False,,0.1335,0.1218,0.0,0.1441,0.0918,0.0,0.0
100000000795374100,peripheral,0.505,1,0.2059,"Вход 50 тыс. от 1, выход 0 на 0; пороги ролей не достигнуты",False,3,0,1,0,50000.0,0.0,1,0,0.0,0.0,7,0,1,0,675.8416141697883,0.00029574224412010574,0.0,0.0016044117305492448,0.0,False,,,0.0,,1.0,0,False,0,0.0,log_in,False,,0.0126,0.0818,0.0,0.0799,0.0315,0.0,0.0
100000002391278100,peripheral,0.634,18,0.2947,"Вход 30 тыс. от 1, выход 53 тыс. на 1; пороги ролей не достигнуты [сквозной пропуск ≤2дн; дробление у порога: 4 перев.; возвратный поток]",False,3,0,1,1,30000.0,52700.0,5,2,1.7566666666666666,1.0,1,0,0,0,14502.580537913364,0.00039132234113293564,1.2626060455070011e-05,4.996823583467063e-298,0.0,False,,,1.0,1.0,1.0,4,True,1,1.97,log_out,False,,0.0158,0.1403,0.0,0.0192,0.0693,0.0,0.05
100000004635886100,peripheral,0.72,3,0.1803,"Вход 23 тыс. от 1, выход 0 на 0; пороги ролей не достигнуты",False,3,0,1,0,23000.0,0.0,1,0,0.0,0.0,7,0,1,0,239.9724614453604,0.00029245851948138683,0.0,5.2569834314297354e-05,0.0,False,,,0.0,,1.0,0,False,0,0.49,log_in,False,,0.018,0.0579,0.0,0.0799,0.0245,0.0,0.0
100000000413678100,peripheral,0.137,7,0.2467,"Вход 306 тыс. от 2, выход 528 тыс. на 3; пороги ролей не достигнуты",False,3,0,2,3,306500.0,528198.0,2,18,1.723321370309951,1.5,7,0,2,0,254.10533095972403,0.00030069885417385005,1.57847465707e-313,0.00305383118842114,5.7660733753642434e-05,False,,,0.14767000253692744,4.5,2.0,0,False,0,2.39,log_out,False,,0.0034,0.0596,0.0,0.0799,0.0391,0.0647,0.0
100000008659950100,terminal,0.93,2,0.3527,"Получил 246 тыс. от 1 плательщ.; исходящих нет, хотя колено 3 обходилось — деньги остались",False,3,0,1,0,246000.0,0.0,1,0,0.0,0.0,8,0,1,0,128.93174172956415,0.0003208665270804821,0.0,2.612568276300329e-07,0.0,False,,observed,0.0,,1.0,0,False,0,1.02,log_in,False,,0.1279,0.0449,0.0,0.1253,0.0547,0.0,0.0
100000003964910100,terminal,0.989,16,0.413,"Получил 1.0 млн от 2 плательщ.; исходящих нет, хотя колено 3 обходилось — деньги остались",False,3,0,2,0,1000000.0,0.0,2,0,0.0,0.0,7,0,2,0,5880.918765332236,0.0005093616966720358,0.0,0.00025203680321420047,0.0,False,,observed,0.0,,2.0,0,False,0,1.92,log_in,False,,0.136,0.1189,0.0,0.0799,0.0782,0.0,0.0
100000008764654100,peripheral,0.669,9,0.0703,"Вход 26 тыс. от 1, выход 0 на 0; пороги ролей не достигнуты",False,3,1,1,0,26150.0,0.0,1,0,0.0,0.0,1,0,0,0,19.154384699365398,0.0002896507281429226,0.0,3.0588951023382876e-10,0.0,False,,,0.0,,1.0,0,False,0,0.41,log_in,False,,0.0167,0.0187,0.0,0.0192,0.0157,0.0,0.0
100000005830339100,consolidator,0.525,1,0.4084,Получает от 5 плательщиков (0 seed) 476 тыс.; передаёт дальше 71%; сходятся потоки 7 seed [аномалия для колена],False,3,0,5,1,476341.0,339251.0,12,1,0.7122019729563485,0.2,7,0,5,0,3794.5465549426212,0.00036360006135440447,0.00019785421761571372,0.007245940839901688,3.7978146515858416e-06,False,,,0.0,3.0,1.0,0,False,0,6.51,in_deg,True,,0.1181,0.1109,0.0,0.0799,0.0654,0.0174,0.0167
100000002032323100,peripheral,0.143,29,0.283,"Вход 300 тыс. от 1, выход 1.1 млн на 1; пороги ролей не достигнуты",False,3,0,1,1,300000.0,1050000.0,1,2,3.5,1.0,7,0,1,0,1023.6828115382831,0.00040405018679958674,0.0,4.867829327536486e-08,1.9616538287321655e-05,False,,,0.2857142857142857,0.0,1.0,0,False,0,2.52,log_out,False,,0.0036,0.0903,0.0,0.0799,0.0709,0.0383,0.0
100000008668099100,peripheral,0.8,9,0.0602,"Вход 16 тыс. от 1, выход 0 на 0; пороги ролей не достигнуты",False,3,1,1,0,15700.0,0.0,1,0,0.0,0.0,1,0,0,0,11.499955632123775,0.00028801971535046174,0.0,3.0588951023382876e-10,0.0,False,,,0.0,,1.0,0,False,0,0.74,log_in,False,,0.02,0.013,0.0,0.0192,0.008,0.0,0.0
100000008634520100,peripheral,0.377,2,0.1992,"Вход 90 тыс. от 1, выход 0 на 0; пороги ролей не достигнуты",False,3,0,1,0,90000.0,0.0,1,0,0.0,0.0,8,0,1,0,47.17014941325518,0.00029848291599650714,0.0,2.612568276300329e-07,0.0,False,,,0.0,,1.0,0,False,0,0.38,log_in,False,,0.0094,0.0292,0.0,0.1253,0.0353,0.0,0.0
100000002103448100,peripheral,0.658,9,0.0719,"Вход 27 тыс. от 1, выход 0 на 0; пороги ролей не достигнуты",False,3,1,1,0,27000.0,0.0,1,0,0.0,0.0,1,0,0,0,19.77699376225108,0.000289783394255228,0.0,3.0588951023382876e-10,0.0,False,,,0.0,,1.0,0,False,0,0.39,log_in,False,,0.0165,0.0198,0.0,0.0192,0.0164,0.0,0.0
100000005996909100,peripheral,0.8,3,0.2511,"Вход 6 тыс. от 1, выход 0 на 0; пороги ролей не достигнуты",False,3,0,1,0,5500.0,0.0,1,0,0.0,0.0,7,0,1,0,1730.0629863261363,0.00031594960600230085,0.0,2.729958207537258e-06,0.0,False,,,0.0,,1.0,1,False,0,1.41,log_in,False,,0.02,0.0994,0.0,0.0799,0.0518,0.0,0.0
100000007392365100,peripheral,0.4,11,0.1778,"Вход 10 тыс. от 1, выход 1.8 млн на 6; пороги ролей не достигнуты",False,3,0,1,6,9613.0,1765600.0,1,9,183.66794965151357,6.0,7,0,1,0,8.428374314905469,0.0002861106980605716,9.908246009166667e-256,0.0029057815328092595,0.00011532146750728487,False,,,0.0,4.0,1.0,1,False,0,2.61,log_out,False,,0.01,0.0095,0.0,0.0799,0.0021,0.0762,0.0
100000008279405100,terminal,0.926,1,0.3743,"Получил 235 тыс. от 1 плательщ.; исходящих нет, хотя колено 3 обходилось — деньги остались",False,3,0,1,0,234738.0,0.0,2,0,0.0,0.0,7,0,1,0,3172.914176539755,0.00033332885250302973,0.0,0.0016044117305492448,0.0,False,,observed,0.0,,1.0,0,False,0,0.99,log_in,False,,0.1273,0.1084,0.0,0.0799,0.0586,0.0,0.0
100000008343874100,peripheral,0.152,15,0.2961,"Вход 284 тыс. от 2, выход 176 тыс. на 2; пороги ролей не достигнуты [сквозной пропуск ≤2дн]",False,3,0,2,2,283535.0,176400.0,2,5,0.6221454141464017,1.0,7,0,1,0,1159.2242994910364,0.0003076522795593052,0.0,0.0012112988361558858,3.883678287186913e-05,False,,,0.8129251700680272,1.0,1.0,0,False,0,2.19,log_out,False,,0.0038,0.0933,0.0,0.0799,0.0456,0.0568,0.0167
100000002548759100,terminal,0.954,2,0.3871,"Получил 375 тыс. от 2 плательщ.; исходящих нет, хотя колено 3 обходилось — деньги остались",False,3,0,2,0,375000.0,0.0,2,0,0.0,0.0,9,0,2,0,454.49483675466155,0.00030852903010496164,0.0,5.1869481344747795e-06,0.0,False,,observed,0.0,,2.0,0,False,0,1.63,in_deg,False,,0.1312,0.0735,0.0,0.1361,0.0463,0.0,0.0
100000003069463100,peripheral,0.8,25,0.1759,"Вход 12 тыс. от 1, выход 18 тыс. на 1; пороги ролей не достигнуты",False,3,0,1,1,11500.0,17920.0,1,1,1.5582608695652174,1.0,7,0,1,0,38.94147976268195,0.0002884531759834954,0.0,2.8321519604650354e-232,1.9616538287321655e-05,False,,,0.0,9.0,1.0,0,False,0,1.78,log_out,False,,0.02,0.0274,0.0,0.0799,0.0102,0.0383,0.0
100000008474391100,peripheral,0.754,27,0.282,"Вход 20 тыс. от 1, выход 0 на 0; пороги ролей не достигнуты",False,3,0,1,0,20000.0,0.0,1,0,0.0,0.0,7,0,1,0,4000.0,0.0004071507212217605,0.0,1.23619985386e-313,0.0,False,,,0.0,,1.0,0,False,0,0.58,log_in,False,,0.0189,0.112,0.0,0.0799,0.0712,0.0,0.0
100000003097324100,terminal,0.941,2,0.4173,"Получил 294 тыс. от 2 плательщ.; исходящих нет, хотя колено 3 обходилось — деньги остались",False,3,0,2,0,294000.0,0.0,2,0,0.0,0.0,9,0,2,0,1328.0818431106075,0.0003260131114572481,0.0,2.3221272445380585e-06,0.0,False,,observed,0.0,,2.0,0,False,0,1.63,in_deg,False,,0.1294,0.0955,0.0,0.1361,0.0564,0.0,0.0
100000001852140100,peripheral,0.634,40,0.2321,"Вход 30 тыс. от 1, выход 0 на 0; пороги ролей не достигнуты",False,3,10,1,0,30000.0,0.0,1,0,0.0,0.0,1,0,0,0,2343.3179723502303,0.0008047208113869022,0.0,0.0,0.0,False,,,0.0,,1.0,0,False,0,0.32,log_in,False,,0.0158,0.1042,0.0,0.0192,0.0927,0.0,0.0
100000003293377100,peripheral,0.505,7,0.1335,"Вход 50 тыс. от 1, выход 0 на 0; пороги ролей не достигнуты",False,3,0,1,0,50000.0,0.0,1,0,0.0,0.0,7,0,1,0,77.10612617736916,0.000287189752920995,0.0,0.0029401739563140994,0.0,False,,,0.0,,1.0,0,False,0,0.0,log_in,False,,0.0126,0.0356,0.0,0.0799,0.0052,0.0,0.0
100000006048193100,peripheral,0.558,1,0.2108,"Вход 42 тыс. от 1, выход 0 на 0; пороги ролей не достигнуты",False,3,0,1,0,41559.0,0.0,1,0,0.0,0.0,7,0,1,0,730.9708761502746,0.00029641085375483743,0.0,0.001137907385155322,0.0,False,,,0.0,,1.0,0,False,0,0.11,log_in,False,,0.014,0.0841,0.0,0.0799,0.0327,0.0,0.0
100000002435265100,terminal,0.882,11,0.2693,"Получил 133 тыс. от 1 плательщ.; исходящих нет, хотя колено 3 обходилось — деньги остались",False,3,0,1,0,132628.0,0.0,3,0,0.0,0.0,7,0,1,0,116.28403501896209,0.00029303889880759933,0.0,0.0029057815328092595,0.0,False,,observed,0.0,,1.0,1,False,0,0.63,log_in,False,,0.1213,0.0423,0.0,0.0799,0.0258,0.0,0.0
100000004587414100,terminal,0.974,1,0.367,"Получил 534 тыс. от 2 плательщ.; исходящих нет, хотя колено 3 обходилось — деньги остались",False,3,0,2,0,533603.0,0.0,2,0,0.0,0.0,7,0,2,0,2023.241974285963,0.0003148717706403767,0.0,0.004072112352279331,0.0,False,,observed,0.0,,1.0,0,False,0,1.63,in_deg,False,,0.1339,0.1018,0.0,0.0799,0.0513,0.0,0.0
100000001726614100,terminal,0.885,1,0.3258,"Получил 139 тыс. от 1 плательщ.; исходящих нет, хотя колено 3 обходилось — деньги остались",False,3,0,1,0,138717.0,0.0,1,0,0.0,0.0,7,0,1,0,994.1815156926144,0.0002978710303376365,0.0,0.0011319383959652314,0.0,False,,observed,0.0,,1.0,0,False,0,0.66,log_in,False,,0.1217,0.0894,0.0,0.0799,0.0348,0.0,0.0
100000003934614100,peripheral,0.6,22,0.2585,"Вход 17 тыс. от 2, выход 12 тыс. на 1; пороги ролей не достигнуты [сквозной пропуск ≤2дн; возвратный поток]",False,3,0,2,1,17000.0,11500.0,2,2,0.6764705882352942,0.5,7,0,2,0,646.9630466466026,0.0003134906893691794,6.456347685168757e-08,1.7773134064094906e-05,6.604895046236247e-08,False,,,1.0,1.0,1.0,1,False,4,1.7,log_out,False,,0.015,0.0801,0.0,0.0799,0.05,0.0002,0.0333
100000008772246100,peripheral,0.548,9,0.0825,"Вход 44 тыс. от 1, выход 0 на 0; пороги ролей не достигнуты",False,3,1,1,0,44500.0,0.0,1,0,0.0,0.0,1,0,0,0,32.59541564519159,0.00029251475539092793,0.0,3.0588951023382876e-10,0.0,False,,,0.0,,1.0,0,False,0,0.07,log_in,False,,0.0137,0.025,0.0,0.0192,0.0246,0.0,0.0
100000002603371100,peripheral,0.8,1,0.1265,"Вход 9 тыс. от 1, выход 0 на 0; пороги ролей не достигнуты",False,3,0,1,0,9300.0,0.0,1,0,0.0,0.0,7,0,1,0,9.917281147305125,0.0002893766428347351,0.0,0.0006428156575478821,0.0,False,,,0.0,,1.0,1,False,0,1.07,log_in,False,,0.02,0.0118,0.0,0.0799,0.0147,0.0,0.0
100000004445291100,peripheral,0.768,24,0.2332,"Вход 20 тыс. от 1, выход 0 на 0; пороги ролей не достигнуты",False,3,0,1,0,19500.0,0.0,2,0,0.0,0.0,7,0,1,0,649.3540288771812,0.0003192394235172127,0.0,2.5006816366679155e-06,0.0,False,,,0.0,,1.0,1,False,0,0.6,log_in,False,,0.0192,0.0803,0.0,0.0799,0.0537,0.0,0.0
100000008571243100,terminal,0.882,6,0.3815,"Получил 134 тыс. от 1 плательщ.; исходящих нет, хотя колено 3 обходилось — деньги остались",False,3,0,1,0,134000.0,0.0,1,0,0.0,0.0,9,0,1,0,624.7414151619924,0.00030626343281042745,0.0,5.689711552130549e-08,0.0,False,,observed,0.0,,1.0,0,False,0,0.64,log_in,False,,0.1213,0.0796,0.0,0.1361,0.0445,0.0,0.0
100000001138283100,peripheral,0.397,1,0.2786,"Вход 82 тыс. от 1, выход 50 тыс. на 2; пороги ролей не достигнуты [сквозной пропуск ≤2дн; возвратный поток]",False,3,0,1,2,81805.0,50000.0,1,2,0.6112095837662734,2.0,7,0,1,0,1105.7444649431905,0.0003022132575532862,0.0010542924578234984,0.0016044117305492448,1.9022097733160393e-05,False,,,0.8,0.0,1.0,0,False,1,1.96,log_out,False,,0.0099,0.0924,0.0,0.0799,0.0409,0.022,0.0333
100000002593344100,terminal,0.962,2,0.431,"Получил 431 тыс. от 2 плательщ.; исходящих нет, хотя колено 3 обходилось — деньги остались",False,3,0,2,0,431000.0,0.0,2,0,0.0,0.0,9,0,2,0,1591.6056233276295,0.0003589615897510939,0.0,3.024824285622901e-07,0.0,False,,observed,0.0,,2.0,0,False,0,1.63,in_deg,False,,0.1323,0.0982,0.0,0.1361,0.0645,0.0,0.0
100000007390016100,peripheral,0.069,4,0.3567,"Вход 511 тыс. от 1, выход 346 тыс. на 1; пороги ролей не достигнуты [сквозной пропуск ≤2дн; возвратный поток]",False,3,0,1,1,511000.0,346500.0,13,14,0.678082191780822,1.0,7,0,1,0,16131.258475873701,0.0018430013608097095,0.0013224127989085782,0.0,0.0,False,,,0.7157287157287158,0.0,1.0,0,False,1,2.32,log_out,False,,0.0017,0.1435,0.0,0.0799,0.0982,0.0,0.0333
100000001285440100,terminal,0.929,2,0.4091,"Получил 243 тыс. от 2 плательщ.; исходящих нет, хотя колено 3 обходилось — деньги остались",False,3,0,2,0,243000.0,0.0,2,0,0.0,0.0,9,0,2,0,1049.2951105962948,0.0003203647790984497,0.0,3.304379002771264e-06,0.0,False,,observed,0.0,,2.0,0,False,0,1.63,in_deg,False,,0.1277,0.0908,0.0,0.1361,0.0544,0.0,0.0
100000006746688100,peripheral,0.561,9,0.0805,"Вход 41 тыс. от 1, выход 0 на 0; пороги ролей не достигнуты",False,3,1,1,0,41000.0,0.0,1,0,0.0,0.0,1,0,0,0,30.03173126860349,0.000291968483163788,0.0,3.0588951023382876e-10,0.0,False,,,0.0,,1.0,0,False,0,0.12,log_in,False,,0.014,0.0243,0.0,0.0192,0.0229,0.0,0.0
100000006471232100,peripheral,0.558,9,0.0811,"Вход 42 тыс. от 1, выход 0 на 0; пороги ролей не достигнуты",False,3,1,1,0,41800.0,0.0,1,0,0.0,0.0,1,0,0,0,30.617716268966486,0.00029209334538713425,0.0,3.0588951023382876e-10,0.0,False,,,0.0,,1.0,0,False,0,0.11,log_in,False,,0.014,0.0244,0.0,0.0192,0.0235,0.0,0.0
100000008662805100,peripheral,0.8,9,0.0616,"Вход 16 тыс. от 1, выход 0 на 0; пороги ролей не достигнуты",False,3,1,1,0,16500.0,0.0,1,0,0.0,0.0,1,0,0,0,12.085940632486771,0.000288144577573808,0.0,3.0588951023382876e-10,0.0,False,,,0.0,,1.0,0,False,0,0.7,log_in,False,,0.02,0.0137,0.0,0.0192,0.0086,0.0,0.0
100000004292885100,terminal,0.872,9,0.2176,"Получил 113 тыс. от 1 плательщ.; исходящих нет, хотя колено 3 обходилось — деньги остались",False,3,1,1,0,112700.0,0.0,1,0,0.0,0.0,1,0,0,0,82.55063692613692,0.00030315925993119875,0.0,3.0588951023382876e-10,0.0,False,,observed,0.0,,1.0,0,False,0,0.52,log_in,False,,0.1199,0.0365,0.0,0.0192,0.0419,0.0,0.0
100000008190442100,peripheral,0.8,9,0.0573,"Вход 13 тыс. от 1, выход 0 на 0; пороги ролей не достигнуты",False,3,1,1,0,13000.0,0.0,1,0,0.0,0.0,1,0,0,0,9.522256255898668,0.000287598305346668,0.0,3.0588951023382876e-10,0.0,False,,,0.0,,1.0,0,False,0,0.86,log_in,False,,0.02,0.0112,0.0,0.0192,0.0069,0.0,0.0
100000007131370100,peripheral,0.634,3,0.3051,"Вход 30 тыс. от 1, выход 30 тыс. на 1; пороги ролей не достигнуты [возвратный поток]",False,3,0,1,1,30000.0,30000.0,1,1,1.0,1.0,7,0,1,0,1591.07638109803,0.0008999890359090033,1.5429536631932864e-05,9.023756758629543e-290,0.0,False,,,0.0,,1.0,0,False,1,1.87,log_out,False,,0.0158,0.0981,0.0,0.0799,0.0945,0.0,0.0167
100000008717802100,peripheral,0.669,9,0.0703,"Вход 26 тыс. от 1, выход 0 на 0; пороги ролей не достигнуты",False,3,1,1,0,26150.0,0.0,1,0,0.0,0.0,1,0,0,0,19.154384699365398,0.0002896507281429226,0.0,3.0588951023382876e-10,0.0,False,,,0.0,,1.0,0,False,0,0.41,log_in,False,,0.0167,0.0187,0.0,0.0192,0.0157,0.0,0.0
100000005357034100,peripheral,0.8,11,0.1118,"Вход 10 тыс. от 1, выход 0 на 0; пороги ролей не достигнуты",False,3,0,1,0,9754.0,0.0,1,0,0.0,0.0,7,0,1,0,8.551998654695511,0.0002861186391759261,0.0,0.0029057815328092595,0.0,False,,,0.0,,1.0,1,False,0,1.04,log_in,False,,0.02,0.0097,0.0,0.0799,0.0022,0.0,0.0
100000005532138100,peripheral,0.68,4,0.193,"Вход 25 тыс. от 1, выход 0 на 0; пороги ролей не достигнуты",False,3,0,1,0,25046.0,0.0,1,0,0.0,0.0,7,0,1,0,350.25983979876764,0.00029379367547638114,0.0,0.00010831189501834011,0.0,False,,,0.0,,1.0,0,False,0,0.44,log_in,False,,0.017,0.0683,0.0,0.0799,0.0278,0.0,0.0
100000005264874100,peripheral,0.634,31,0.2554,"Вход 30 тыс. от 1, выход 78 тыс. на 2; пороги ролей не достигнуты [возвратный поток]",False,3,0,1,2,30000.0,78000.0,1,3,2.6,2.0,1,0,0,0,7578.034682080908,0.00042829267239375297,2.1578876366621626e-281,1.23619985386e-313,7.925874055483496e-07,False,,,0.0,,1.0,0,False,1,2.04,log_out,False,,0.0158,0.1239,0.0,0.0192,0.0728,0.0069,0.0167
100000008193258100,peripheral,0.414,16,0.2064,"Вход 75 тыс. от 1, выход 30 тыс. на 1; пороги ролей не достигнуты",False,3,0,1,1,75000.0,30000.0,2,1,0.4,1.0,7,0,1,0,198.8408026638432,0.00029737422274379974,0.0,0.000233344615948652,1.922024458454748e-05,False,,,0.0,8.0,1.0,0,False,0,1.87,log_out,False,,0.0104,0.0532,0.0,0.0799,0.0342,0.0287,0.0
100000003190207100,peripheral,0.8,10,0.3009,"Вход 5 тыс. от 1, выход 377 тыс. на 1; пороги ролей не достигнуты",False,3,0,1,1,5000.0,377000.0,1,8,75.4,1.0,8,0,1,0,474.4186046511628,0.0002991258827616204,0.0,1.0303697327745062e-06,2.1003566247031264e-05,False,,,0.10610079575596817,6.5,1.0,1,False,0,2.33,log_out,False,,0.02,0.0749,0.0,0.1253,0.0364,0.0444,0.0
100000004321983100,peripheral,0.8,18,0.2405,"Вход 11 тыс. от 1, выход 36 тыс. на 2; пороги ролей не достигнуты [возвратный поток]",False,3,0,1,2,10840.0,36200.0,1,3,3.339483394833948,2.0,1,0,0,0,5240.265767699362,0.0003237813951694772,4.755615016242943e-298,4.996823583467063e-298,1.387027959709612e-06,False,,,0.0,4.0,1.0,0,False,1,1.91,log_out,False,,0.02,0.1173,0.0,0.0192,0.0558,0.0115,0.0167
100000002633108100,terminal,0.946,10,0.3646,"Получил 320 тыс. от 1 плательщ.; исходящих нет, хотя колено 3 обходилось — деньги остались",False,3,0,1,0,320000.0,0.0,3,0,0.0,0.0,7,0,1,0,860.5462669862795,0.0003760178193806783,0.0,2.4413789354590045e-05,0.0,False,,observed,0.0,,1.0,0,False,0,1.19,log_in,False,,0.1301,0.0873,0.0,0.0799,0.0673,0.0,0.0
100000005941908100,peripheral,0.8,10,0.3667,"Вход 10 тыс. от 1, выход 0 на 0; пороги ролей не достигнуты",False,3,0,1,0,10000.0,0.0,1,0,0.0,0.0,8,0,1,0,10000.0,0.0006923487710335455,0.0,0.0,0.0,False,,,0.0,,1.0,0,False,0,1.03,log_in,False,,0.02,0.1304,0.0,0.1253,0.091,0.0,0.0
100000001835625100,peripheral,0.412,7,0.1404,"Вход 75 тыс. от 1, выход 0 на 0; пороги ролей не достигнуты",False,3,0,1,0,75130.0,0.0,1,0,0.0,0.0,7,0,1,0,115.85966519411491,0.0002880041954654767,0.0,0.0029401739563140994,0.0,False,,,0.0,,1.0,0,False,0,0.27,log_in,False,,0.0103,0.0422,0.0,0.0799,0.0079,0.0,0.0
100000008671081100,peripheral,0.584,9,0.079,"Вход 37 тыс. от 1, выход 0 на 0; пороги ролей не достигнуты",False,3,1,1,0,37200.0,0.0,1,0,0.0,0.0,1,0,0,0,27.248302516879264,0.0002913753876028931,0.0,3.0588951023382876e-10,0.0,False,,,0.0,,1.0,0,False,0,0.18,log_in,False,,0.0146,0.0236,0.0,0.0192,0.0216,0.0,0.0
100000002908521100,peripheral,0.548,9,0.0825,"Вход 44 тыс. от 1, выход 0 на 0; пороги ролей не достигнуты",False,3,1,1,0,44500.0,0.0,1,0,0.0,0.0,1,0,0,0,32.59541564519159,0.00029251475539092793,0.0,3.0588951023382876e-10,0.0,False,,,0.0,,1.0,0,False,0,0.07,log_in,False,,0.0137,0.025,0.0,0.0192,0.0246,0.0,0.0
100000000749118100,peripheral,0.8,11,0.142,"Вход 10 тыс. от 1, выход 16 тыс. на 1; пороги ролей не достигнуты",False,3,0,1,1,10330.0,16500.0,1,1,1.5972894482090998,1.0,7,0,1,0,9.057017234263341,0.00028615107947694863,0.0,0.0029057815328092595,1.922024458454748e-05,False,,,0.0,19.0,1.0,0,False,0,1.76,log_out,False,,0.02,0.011,0.0,0.0799,0.0024,0.0287,0.0
100000008652094100,peripheral,0.597,11,0.1259,"Вход 35 тыс. от 1, выход 0 на 0; пороги ролей не достигнуты",False,3,0,1,0,35000.0,0.0,1,0,0.0,0.0,7,0,1,0,30.686892855684118,0.0002875404930641467,0.0,0.0029057815328092595,0.0,False,,,0.0,,1.0,0,False,0,0.22,log_in,False,,0.0149,0.0245,0.0,0.0799,0.0065,0.0,0.0
100000007647294100,terminal,0.956,16,0.3982,"Получил 385 тыс. от 1 плательщ.; исходящих нет, хотя колено 3 обходилось — деньги остались",False,3,0,1,0,385000.0,0.0,1,0,0.0,0.0,7,0,1,0,1772.700816506922,0.000579218128600068,0.0,2.3749511394193016e-243,0.0,False,,observed,0.0,,1.0,0,False,0,1.31,log_in,False,,0.1314,0.0995,0.0,0.0799,0.0873,0.0,0.0
100000003270419100,terminal,0.892,21,0.5436,"Получил 150 тыс. от 1 плательщ.; исходящих нет, хотя колено 3 обходилось — деньги остались",False,3,0,1,0,150000.0,0.0,1,0,0.0,0.0,10,0,1,0,103889.91407348175,0.0008334814098706033,0.0,0.0,0.0,False,,observed,0.0,,1.0,0,False,0,0.71,log_in,False,,0.1226,0.1836,0.0,0.1441,0.0933,0.0,0.0
100000003050771100,terminal,0.924,4,0.3805,"Получил 229 тыс. от 1 плательщ.; исходящих нет, хотя колено 3 обходилось — деньги остались",False,3,0,1,0,229000.0,0.0,1,0,0.0,0.0,7,0,1,0,2778.2176823021664,0.0003703398485850235,0.0,0.00025946007686321234,0.0,False,,observed,0.0,,1.0,0,False,0,0.98,log_in,False,,0.1271,0.107,0.0,0.0799,0.0665,0.0,0.0
100000008427027100,terminal,0.943,8,0.5055,"Получил 300 тыс. от 1 плательщ.; исходящих нет, хотя колено 3 обходилось — деньги остались",False,3,0,1,0,300000.0,0.0,1,0,0.0,0.0,10,0,1,0,18431.985270049103,0.0005512640793595238,0.0,3.7169168398568523e-06,0.0,False,,observed,0.0,,1.0,0,False,0,1.15,log_in,False,,0.1297,0.1469,0.0,0.1441,0.0849,0.0,0.0
100000004291560100,peripheral,0.527,11,0.13,"Вход 47 тыс. от 1, выход 0 на 0; пороги ролей не достигнуты",False,3,0,1,0,47190.0,0.0,1,0,0.0,0.0,7,0,1,0,41.37469925313525,0.00028822703346252307,0.0,0.0029057815328092595,0.0,False,,,0.0,,1.0,0,False,0,0.03,log_in,False,,0.0132,0.0281,0.0,0.0799,0.0088,0.0,0.0
100000003594472100,peripheral,0.754,30,0.1752,"Вход 20 тыс. от 1, выход 0 на 0; пороги ролей не достигнуты",False,3,0,1,0,20000.0,0.0,1,0,0.0,0.0,7,0,1,0,148.2001308365569,0.0002944536874283026,0.0,4.747355765062003e-05,0.0,False,,,0.0,,1.0,0,False,0,0.58,log_in,False,,0.0189,0.0474,0.0,0.0799,0.029,0.0,0.0
100000002575080100,peripheral,0.8,3,0.3247,"Вход 13 тыс. от 1, выход 12 тыс. на 1; пороги ролей не достигнуты [сквозной пропуск ≤2дн]",False,3,0,1,1,13000.0,12500.0,1,1,0.9615384615384616,1.0,7,0,1,0,689.4664318091463,0.0005518178489503663,0.0,9.023756758629543e-290,1.981468513870874e-05,False,,,1.0,0.0,1.0,0,False,0,1.71,log_out,False,,0.02,0.0822,0.0,0.0799,0.0851,0.0407,0.0167
100000008038077100,terminal,0.97,7,0.3391,"Получил 500 тыс. от 1 плательщ.; исходящих нет, хотя колено 3 обходилось — деньги остались",False,3,0,1,0,499850.0,0.0,2,0,0.0,0.0,7,0,1,0,770.8299433951596,0.0003017690198782214,0.0,0.0029401739563140994,0.0,False,,observed,0.0,,1.0,0,False,0,1.48,log_in,False,,0.1334,0.0853,0.0,0.0799,0.0405,0.0,0.0
100000003899325100,peripheral,0.496,15,0.1755,"Вход 50 тыс. от 1, выход 0 на 0; пороги ролей не достигнуты",False,3,0,1,0,50120.0,0.0,1,0,0.0,0.0,7,0,1,0,166.5285455756341,0.0002966402059541681,0.0,0.0001302803722324665,0.0,False,,,0.0,,1.0,0,False,0,0.01,log_in,False,,0.0124,0.05,0.0,0.0799,0.0331,0.0,0.0
100000001155773100,peripheral,0.73,9,0.0668,"Вход 22 тыс. от 1, выход 0 на 0; пороги ролей не достигнуты",False,3,1,1,0,21500.0,0.0,1,0,0.0,0.0,1,0,0,0,15.74834688475549,0.0002889249664697223,0.0,3.0588951023382876e-10,0.0,False,,,0.0,,1.0,0,False,0,0.54,log_in,False,,0.0182,0.0165,0.0,0.0192,0.0128,0.0,0.0
100000000611474100,peripheral,0.614,1,0.3206,"Вход 32 тыс. от 1, выход 0 на 0; пороги ролей не достигнуты",False,3,0,1,0,32000.0,0.0,1,0,0.0,0.0,7,0,1,0,12942.871884773986,0.0005956216679556007,0.0,0.0,0.0,False,,,0.0,,1.0,0,False,0,0.28,log_in,False,,0.0154,0.1374,0.0,0.0799,0.0879,0.0,0.0
100000006704530100,transit,0.557,25,0.3973,"Пропуск 95%: получил 450 тыс., отдал 428 тыс.; 1→3 контрагента; в ≤2 дн ушло 0%",False,3,0,1,3,450500.0,428000.0,1,5,0.9500554938956715,3.0,7,0,1,0,1525.4901420076712,0.0003985422277542583,1.57847465707e-313,2.8321519604650354e-232,5.8849614861964964e-05,False,,,0.0,3.0,1.0,0,False,0,2.35,log_out,False,,0.0836,0.0973,0.0,0.0799,0.0704,0.0662,0.0
100000003996562100,peripheral,0.8,4,0.2599,"Вход 8 тыс. от 1, выход 0 на 0; пороги ролей не достигнуты",False,3,0,1,0,7700.0,0.0,1,0,0.0,0.0,7,0,1,0,2159.913970462447,0.0003281736881837659,0.0,2.350941696846872e-06,0.0,False,,,0.0,,1.0,1,False,0,1.19,log_in,False,,0.02,0.1029,0.0,0.0799,0.0571,0.0,0.0
100000002646887100,peripheral,0.698,29,0.1646,"Вход 24 тыс. от 1, выход 0 на 0; пороги ролей не достигнуты",False,3,0,1,0,24354.0,0.0,1,0,0.0,0.0,7,0,1,0,83.10257064067783,0.00029518757307712165,0.0,4.867829327536486e-08,0.0,False,,,0.0,,1.0,0,False,0,0.46,log_in,False,,0.0174,0.0367,0.0,0.0799,0.0305,0.0,0.0
100000002556775100,terminal,0.943,7,0.3145,"Получил 300 тыс. от 1 плательщ.; исходящих нет, хотя колено 3 обходилось — деньги остались",False,3,0,1,0,300000.0,0.0,1,0,0.0,0.0,7,0,1,0,462.636757064215,0.0002952920464395158,0.0,0.0029401739563140994,0.0,False,,observed,0.0,,1.0,0,False,0,1.15,log_in,False,,0.1297,0.0742,0.0,0.0799,0.0307,0.0,0.0
100000002722108100,terminal,0.986,14,0.2909,"Получил 800 тыс. от 1 плательщ.; исходящих нет, хотя колено 3 обходилось — деньги остались",False,3,0,1,0,800000.0,0.0,2,0,0.0,0.0,2,0,1,0,256.59546558095616,0.00032367477273130915,0.0,3.794136183730392e-07,0.0,False,,observed,0.0,,1.0,0,False,0,1.78,log_in,False,,0.1356,0.0598,0.0,0.0397,0.0557,0.0,0.0
100000002737980100,peripheral,0.611,3,0.194,"Вход 33 тыс. от 1, выход 0 на 0; пороги ролей не достигнуты",False,3,0,1,0,32900.0,0.0,1,0,0.0,0.0,7,0,1,0,343.26495571966774,0.00029542388166028027,0.0,5.2569834314297354e-05,0.0,False,,,0.0,,1.0,0,False,0,0.26,log_in,False,,0.0153,0.068,0.0,0.0799,0.0308,0.0,0.0
100000002913340100,peripheral,0.711,9,0.0687,"Вход 24 тыс. от 1, выход 0 на 0; пороги ролей не достигнуты",False,3,1,1,0,23600.0,0.0,1,0,0.0,0.0,1,0,0,0,17.286557510708352,0.00028925272980600625,0.0,3.0588951023382876e-10,0.0,False,,,0.0,,1.0,0,False,0,0.48,log_in,False,,0.0178,0.0176,0.0,0.0192,0.014,0.0,0.0
100000003610172100,peripheral,0.428,7,0.1393,"Вход 70 тыс. от 1, выход 0 на 0; пороги ролей не достигнуты",False,3,0,1,0,70000.0,0.0,1,0,0.0,0.0,7,0,1,0,107.94857664831683,0.0002878379364024767,0.0,0.0029401739563140994,0.0,False,,,0.0,,1.0,0,False,0,0.22,log_in,False,,0.0107,0.0413,0.0,0.0799,0.0074,0.0,0.0
100000001052945100,peripheral,0.466,10,0.2446,"Вход 57 тыс. от 1, выход 1.6 млн на 3; пороги ролей не достигнуты",False,3,0,1,3,56520.0,1595700.0,1,6,28.23248407643312,3.0,7,0,1,0,151.99398440645163,0.0003015447649742742,1.57847465707e-313,2.4413789354590045e-05,5.7660733753642434e-05,False,,,0.0,22.0,1.0,0,False,0,2.59,log_out,False,,0.0116,0.0481,0.0,0.0799,0.0403,0.0647,0.0
100000002369510100,peripheral,0.585,9,0.0789,"Вход 37 тыс. от 1, выход 0 на 0; пороги ролей не достигнуты",False,3,1,1,0,37150.0,0.0,1,0,0.0,0.0,1,0,0,0,27.211678454356576,0.000291367583713934,0.0,3.0588951023382876e-10,0.0,False,,,0.0,,1.0,0,False,0,0.19,log_in,False,,0.0146,0.0234,0.0,0.0192,0.0216,0.0,0.0
100000001954534100,peripheral,0.8,1,0.3417,"Вход 13 тыс. от 1, выход 40 тыс. на 1; пороги ролей не достигнуты",False,3,0,1,1,13000.0,40000.0,1,1,3.076923076923077,1.0,7,0,1,0,13000.0,0.0003659515092221361,0.0,8.275375621087716e-05,1.9616538287321655e-05,False,,,0.0,21.0,1.0,0,False,0,1.92,log_out,False,,0.02,0.1377,0.0,0.0799,0.0658,0.0383,0.0
100000008488166100,peripheral,0.8,9,0.0489,"Вход 6 тыс. от 1, выход 0 на 0; пороги ролей не достигнуты",False,3,1,1,0,5600.0,0.0,1,0,0.0,0.0,1,0,0,0,4.101895002540965,0.0002864433297807149,0.0,3.0588951023382876e-10,0.0,False,,,0.0,,1.0,1,False,0,1.4,log_in,False,,0.02,0.0064,0.0,0.0192,0.0032,0.0,0.0
100000005100475100,peripheral,0.569,18,0.1901,"Вход 40 тыс. от 1, выход 0 на 0; пороги ролей не достигнуты",False,3,0,1,0,40000.0,0.0,1,0,0.0,0.0,1,0,0,0,1515.8298958147655,0.0003377497462501435,0.0,1.23619985386e-313,0.0,False,,,0.0,,1.0,0,False,0,0.14,log_in,False,,0.0142,0.0969,0.0,0.0192,0.0597,0.0,0.0
100000002708624100,peripheral,0.687,24,0.241,"Вход 25 тыс. от 1, выход 0 на 0; пороги ролей не достигнуты",False,3,0,1,0,25000.0,0.0,1,0,0.0,0.0,7,0,1,0,832.5051652271554,0.000328736126653088,0.0,2.5006816366679155e-06,0.0,False,,,0.0,,1.0,0,False,0,0.44,log_in,False,,0.0172,0.0867,0.0,0.0799,0.0572,0.0,0.0
100000004591973100,peripheral,0.8,13,0.3983,"Вход 10 тыс. от 1, выход 100 тыс. на 1; пороги ролей не достигнуты",False,3,0,1,1,10000.0,100000.0,1,1,10.0,1.0,9,0,1,0,9216.96475924946,0.0003991316698685015,0.0,1.23619985386e-313,2.0409125692870002e-05,False,,,0.0,,1.0,0,False,0,2.09,log_out,False,,0.02,0.1284,0.0,0.1361,0.0705,0.0433,0.0
100000000802149100,terminal,0.866,1,0.3133,"Получил 104 тыс. от 1 плательщ.; исходящих нет, хотя колено 3 обходилось — деньги остались",False,3,0,1,0,104128.0,0.0,1,0,0.0,0.0,7,0,1,0,746.2829564223603,0.0002948035998809035,0.0,0.0011319383959652314,0.0,False,,observed,0.0,,1.0,0,False,0,0.47,log_in,False,,0.1191,0.0845,0.0,0.0799,0.0298,0.0,0.0
100000003095610100,peripheral,0.709,6,0.178,"Вход 24 тыс. от 1, выход 0 на 0; пороги ролей не достигнуты",False,3,0,1,0,23665.0,0.0,1,0,0.0,0.0,7,0,1,0,183.4755593892328,0.00029438645311679446,0.0,6.407022137400362e-07,0.0,False,,,0.0,,1.0,0,False,0,0.47,log_in,False,,0.0177,0.0514,0.0,0.0799,0.0289,0.0,0.0
100000004183610100,peripheral,0.727,21,0.2619,"Вход 22 тыс. от 1, выход 915 тыс. на 1; пороги ролей не достигнуты",False,3,0,1,1,22000.0,915000.0,1,3,41.59090909090909,1.0,7,0,1,0,305.11650555379515,0.0003407627226653414,0.0,4.259945964858586e-08,1.9616538287321655e-05,False,,,0.01639344262295082,2.0,1.0,0,False,0,2.49,log_out,False,,0.0182,0.0647,0.0,0.0799,0.0607,0.0383,0.0
100000005198906100,peripheral,0.192,7,0.2074,"Вход 228 тыс. от 1, выход 60 тыс. на 1; пороги ролей не достигнуты",False,3,0,1,1,227970.0,60000.0,1,1,0.26319252533228055,1.0,7,0,1,0,351.557671693097,0.0002929576136309596,0.0,0.0029401739563140994,1.922024458454748e-05,False,,,0.0,,1.0,0,False,0,2.0,log_out,False,,0.0048,0.0684,0.0,0.0799,0.0255,0.0287,0.0
100000008599354100,peripheral,0.241,1,0.2706,"Вход 177 тыс. от 1, выход 38 тыс. на 1; пороги ролей не достигнуты",False,3,0,1,1,177000.0,38200.0,1,2,0.21581920903954802,1.0,7,0,1,0,3113.208813460348,0.0003317435534185647,0.0006883384473642687,0.001137907385155322,4.359230730515923e-06,False,,,0.0,10.5,1.0,0,False,0,1.92,log_out,False,,0.006,0.1083,0.0,0.0799,0.0581,0.0181,0.0
100000001303311100,consolidator,0.545,2,0.4829,Получает от 5 плательщиков (0 seed) 1.3 млн; передаёт дальше 0%; сходятся потоки 9 seed [4 плательщ. в 1 день; аномалия для колена],False,3,0,5,0,1324000.0,0.0,5,0,0.0,0.0,9,0,5,0,4295.637618064028,0.0005016994290161643,0.0,3.913903091448022e-06,0.0,False,,,0.0,,4.0,0,False,0,6.51,in_deg,True,,0.1226,0.1132,0.0,0.1361,0.0776,0.0,0.0333
100000008776420100,peripheral,0.432,9,0.0929,"Вход 70 тыс. от 1, выход 0 на 0; пороги ролей не достигнуты",False,3,1,1,0,69500.0,0.0,1,0,0.0,0.0,1,0,0,0,50.907446906535185,0.00029641669987049937,0.0,3.0588951023382876e-10,0.0,False,,,0.0,,1.0,0,False,0,0.22,log_in,False,,0.0108,0.0301,0.0,0.0192,0.0328,0.0,0.0
100000004737764100,terminal,0.979,8,0.4397,"Получил 600 тыс. от 1 плательщ.; исходящих нет, хотя колено 3 обходилось — деньги остались",False,3,0,1,0,600000.0,0.0,1,0,0.0,0.0,7,0,1,0,11424.448438411453,0.0006766224227546178,0.0,0.0,0.0,False,,observed,0.0,,1.0,0,False,0,1.59,log_in,False,,0.1346,0.1345,0.0,0.0799,0.0906,0.0,0.0
100000003154105100,peripheral,0.3,17,0.3704,"Вход 60 тыс. от 1, выход 338 тыс. на 7; пороги ролей не достигнуты",False,3,0,1,7,60000.0,338000.0,1,9,5.633333333333334,7.0,7,0,1,0,5440.0,0.000550680796574537,7.07587887604281e-243,0.0,0.0001400898239306708,False,,,0.16272189349112426,11.0,1.0,0,False,0,2.5,out_deg,False,,0.0075,0.1178,0.0,0.0799,0.0847,0.0805,0.0
100000008708025100,peripheral,0.8,22,0.2044,"Вход 10 тыс. от 1, выход 0 на 0; пороги ролей не достигнуты",False,3,0,1,0,10000.0,0.0,1,0,0.0,0.0,7,0,1,0,239.9051659077189,0.0003092890887695541,0.0,2.91876993847384e-271,0.0,False,,,0.0,,1.0,0,False,0,1.03,log_in,False,,0.02,0.0578,0.0,0.0799,0.0467,0.0,0.0
100000008740793100,peripheral,0.735,9,0.0663,"Вход 21 тыс. от 1, выход 0 на 0; пороги ролей не достигнуты",False,3,1,1,0,21000.0,0.0,1,0,0.0,0.0,1,0,0,0,15.382106259528618,0.00028884692758013086,0.0,3.0588951023382876e-10,0.0,False,,,0.0,,1.0,0,False,0,0.55,log_in,False,,0.0184,0.0163,0.0,0.0192,0.0124,0.0,0.0
100000008459449100,peripheral,0.478,1,0.2175,"Вход 54 тыс. от 1, выход 0 на 0; пороги ролей не достигнуты",False,3,0,1,0,53700.0,0.0,1,0,0.0,0.0,7,0,1,0,944.5158942532242,0.0002995780948902197,0.0,0.001137907385155322,0.0,False,,,0.0,,1.0,0,False,0,0.05,log_in,False,,0.012,0.0883,0.0,0.0799,0.0373,0.0,0.0
100000008677518100,peripheral,0.519,9,0.0843,"Вход 49 тыс. от 1, выход 0 на 0; пороги ролей не достигнуты",False,3,1,1,0,48700.0,0.0,1,0,0.0,0.0,1,0,0,0,35.671836897097315,0.000293170282063496,0.0,3.0588951023382876e-10,0.0,False,,,0.0,,1.0,0,False,0,0.01,log_in,False,,0.013,0.026,0.0,0.0192,0.0261,0.0,0.0
100000002212494100,terminal,0.897,30,0.3606,"Получил 160 тыс. от 1 плательщ.; исходящих нет, хотя колено 3 обходилось — деньги остались",False,3,0,1,0,160000.0,0.0,1,0,0.0,0.0,7,0,1,0,1185.6010466924552,0.00035664443990538483,0.0,4.747355765062003e-05,0.0,False,,observed,0.0,,1.0,0,False,0,0.75,log_in,False,,0.1233,0.0935,0.0,0.0799,0.0639,0.0,0.0
100000001825934100,peripheral,0.569,31,0.2493,"Вход 40 тыс. от 1, выход 97 тыс. на 1; пороги ролей не достигнуты",False,3,0,1,1,40000.0,97000.0,1,1,2.425,1.0,1,0,0,0,10104.046242774544,0.00047586713178590694,0.0,1.23619985386e-313,9.90734256935437e-07,False,,,0.0,,1.0,0,False,0,2.08,log_out,False,,0.0142,0.1318,0.0,0.0192,0.0759,0.0082,0.0
100000003736419100,peripheral,0.716,1,0.237,"Вход 23 тыс. от 1, выход 10 тыс. на 1; пороги ролей не достигнуты [сквозной пропуск ≤2дн]",False,3,0,1,1,23300.0,10000.0,1,1,0.4291845493562232,1.0,7,0,1,0,409.81788335381987,0.0002916476006545207,0.0,0.001137907385155322,1.922024458454748e-05,False,,,1.0,0.0,1.0,0,False,0,1.67,log_out,False,,0.0179,0.0716,0.0,0.0799,0.0222,0.0287,0.0167
100000008430691100,peripheral,0.754,3,0.2975,"Вход 20 тыс. от 1, выход 605 тыс. на 2; пороги ролей не достигнуты [сквозной пропуск ≤2дн; возвратный поток]",False,3,0,1,2,20000.0,604900.0,1,2,30.245,2.0,7,0,1,0,679.8950200416524,0.0003069779355111296,1.1080982356367753e-06,1.0123575345997096e-05,1.9616538287321655e-05,False,,,0.96693668374938,3.5,1.0,0,False,1,2.42,log_out,False,,0.0189,0.082,0.0,0.0799,0.045,0.0383,0.0333
100000003073635100,terminal,0.88,1,0.3491,"Получил 129 тыс. от 1 плательщ.; исходящих нет, хотя колено 3 обходилось — деньги остались",False,3,0,1,0,129231.0,0.0,1,0,0.0,0.0,7,0,1,0,1746.793752815518,0.0003118625039951041,0.0,0.0016044117305492448,0.0,False,,observed,0.0,,1.0,0,False,0,0.61,log_in,False,,0.121,0.0995,0.0,0.0799,0.0487,0.0,0.0
100000001686328100,terminal,0.886,2,0.3946,"Получил 140 тыс. от 1 плательщ.; исходящих нет, хотя колено 3 обходилось — деньги остались",False,3,0,1,0,140000.0,0.0,1,0,0.0,0.0,9,0,1,0,768.0767495838195,0.0003150543933476953,0.0,9.056545672026166e-08,0.0,False,,observed,0.0,,1.0,0,False,0,0.66,log_in,False,,0.1218,0.0852,0.0,0.1361,0.0514,0.0,0.0
100000008707810100,peripheral,0.666,9,0.0711,"Вход 26 тыс. от 1, выход 0 на 0; пороги ролей не достигнуты",False,3,1,1,0,26200.0,0.0,1,0,0.0,0.0,1,0,0,0,19.191008761888085,0.00028965853203188175,0.0,3.0588951023382876e-10,0.0,False,,,0.0,,1.0,0,False,0,0.41,log_in,False,,0.0167,0.0193,0.0,0.0192,0.0159,0.0,0.0
100000001236706100,peripheral,0.279,4,0.3912,"Вход 143 тыс. от 3, выход 36 тыс. на 2; пороги ролей не достигнуты",False,3,0,3,2,142700.0,36000.0,3,2,0.25227750525578135,0.6666666666666666,7,0,3,0,23894.320693884438,0.0007662915221773794,0.0,0.0032252162247669866,3.923307657464331e-05,False,,,0.0,11.0,2.0,0,False,0,3.26,in_deg,False,,0.007,0.1539,0.0,0.0799,0.0923,0.058,0.0
100000008536546100,terminal,0.931,2,0.3438,"Получил 250 тыс. от 2 плательщ.; исходящих нет, хотя колено 3 обходилось — деньги остались",False,3,0,2,0,250000.0,0.0,2,0,0.0,0.0,8,0,2,0,91.51194009427337,0.0003172528720016747,0.0,2.5664297589192563e-06,0.0,False,,observed,0.0,,2.0,0,False,0,1.63,in_deg,False,,0.128,0.0382,0.0,0.1253,0.0524,0.0,0.0
100000007140834100,peripheral,0.8,6,0.3234,"Вход 10 тыс. от 1, выход 0 на 0; пороги ролей не достигнуты",False,3,0,1,0,10200.0,0.0,2,0,0.0,0.0,7,0,1,0,10200.0,0.0007122600056993952,0.0,0.0,0.0,False,,,0.0,,1.0,2,False,0,1.01,log_in,False,,0.02,0.1321,0.0,0.0799,0.0913,0.0,0.0
100000007022818100,peripheral,0.796,9,0.0625,"Вход 17 тыс. от 1, выход 0 на 0; пороги ролей не достигнуты",False,3,1,1,0,17200.0,0.0,1,0,0.0,0.0,1,0,0,0,12.59867750780439,0.000288253832019236,0.0,3.0588951023382876e-10,0.0,False,,,0.0,,1.0,0,False,0,0.68,log_in,False,,0.0199,0.0143,0.0,0.0192,0.0091,0.0,0.0
100000007484343100,terminal,0.736,11,0.2471,"Получил 27 тыс. от 2 плательщ.; исходящих нет, хотя колено 3 обходилось — деньги остались",False,3,0,2,0,26757.0,0.0,2,0,0.0,0.0,7,0,2,0,191.53209408976463,0.0002891334225528798,0.0,0.004043688917964581,0.0,False,,observed,0.0,,2.0,0,False,0,1.63,in_deg,False,,0.1012,0.0527,0.0,0.0799,0.0133,0.0,0.0
100000001379511100,peripheral,0.471,29,0.1892,"Вход 55 тыс. от 1, выход 0 на 0; пороги ролей не достигнуты",False,3,0,1,0,55000.0,0.0,1,0,0.0,0.0,7,0,1,0,187.6751821153519,0.0003072907911907118,0.0,4.867829327536486e-08,0.0,False,,,0.0,,1.0,0,False,0,0.07,log_in,False,,0.0118,0.0521,0.0,0.0799,0.0453,0.0,0.0
100000004569484100,peripheral,0.356,6,0.3205,"Вход 98 тыс. от 2, выход 156 тыс. на 4; пороги ролей не достигнуты [возвратный поток]",False,3,0,2,4,98312.0,156000.0,3,4,1.586784929611848,2.0,7,0,2,0,291.99644876034967,0.00031938100409198596,9.190404790363823e-05,2.7172063209490193e-05,0.002793401699161766,False,,,0.0,10.0,1.0,0,False,4,2.17,log_out,False,,0.0089,0.0626,0.0,0.0799,0.0538,0.0985,0.0167
100000002948492100,peripheral,0.71,10,0.1553,"Вход 24 тыс. от 1, выход 0 на 0; пороги ролей не достигнуты",False,3,0,1,0,23660.0,0.0,1,0,0.0,0.0,7,0,1,0,63.626639615298046,0.00029225683204655884,0.0,2.4413789354590045e-05,0.0,False,,,0.0,,1.0,0,False,0,0.47,log_in,False,,0.0177,0.0336,0.0,0.0799,0.0239,0.0,0.0
100000002116705100,peripheral,0.788,9,0.0634,"Вход 18 тыс. от 1, выход 0 на 0; пороги ролей не достигнуты",False,3,1,1,0,17600.0,0.0,1,0,0.0,0.0,1,0,0,0,12.891670007985889,0.00028831626313090915,0.0,3.0588951023382876e-10,0.0,False,,,0.0,,1.0,0,False,0,0.66,log_in,False,,0.0197,0.015,0.0,0.0192,0.0095,0.0,0.0
100000002481974100,peripheral,0.38,15,0.2738,"Вход 89 тыс. от 2, выход 318 тыс. на 2; пороги ролей не достигнуты",False,3,0,2,2,89447.0,318000.0,2,4,3.5551779265934016,1.0,7,0,2,0,367.34020752737786,0.0003316686610389915,0.0,0.0001509821312265682,3.883678287186913e-05,False,,,0.18553459119496854,4.0,1.0,0,False,0,2.3,log_out,False,,0.0095,0.0694,0.0,0.0799,0.0581,0.0568,0.0
100000003920950100,terminal,0.946,4,0.3933,"Получил 323 тыс. от 1 плательщ.; исходящих нет, хотя колено 3 обходилось — деньги остались",False,3,0,1,0,323290.0,0.0,1,0,0.0,0.0,7,0,1,0,4521.101317916777,0.0003917283702075202,0.0,0.00010831189501834011,0.0,False,,observed,0.0,,1.0,0,False,0,1.2,log_in,False,,0.1301,0.1139,0.0,0.0799,0.0694,0.0,0.0
100000000733451100,peripheral,0.428,21,0.4589,"Вход 70 тыс. от 1, выход 300 тыс. на 1; пороги ролей не достигнуты",False,3,0,1,1,70000.0,300000.0,2,1,4.285714285714286,1.0,10,0,1,0,48481.95990095815,0.0005412616148555033,0.0,0.0,2.4570209571998837e-05,False,,,0.0,,1.0,0,False,0,2.29,log_out,False,,0.0107,0.1704,0.0,0.1441,0.0835,0.0503,0.0
100000005182219100,terminal,0.811,7,0.3503,"Получил 55 тыс. от 2 плательщ.; исходящих нет, хотя колено 3 обходилось — деньги остались",False,3,0,2,0,55000.0,0.0,2,0,0.0,0.0,7,0,2,0,1338.4335596459246,0.000354129497884144,0.0,0.002964458321908666,0.0,False,,observed,0.0,,1.0,0,False,0,1.63,in_deg,False,,0.1115,0.0956,0.0,0.0799,0.0633,0.0,0.0
100000008633099100,peripheral,0.769,4,0.2125,"Вход 19 тыс. от 1, выход 14 тыс. на 1; пороги ролей не достигнуты",False,3,0,1,1,19468.0,13500.0,1,1,0.6934456544072324,1.0,7,0,1,0,272.25339619909,0.00029196202177266776,0.0,0.00010831189501834011,1.922024458454748e-05,False,,,0.0,8.0,1.0,0,False,0,1.73,log_out,False,,0.0192,0.0617,0.0,0.0799,0.0229,0.0287,0.0
100000001380107100,peripheral,0.8,17,0.2205,"Вход 6 тыс. от 1, выход 0 на 0; пороги ролей не достигнуты",False,3,0,1,0,6000.0,0.0,1,0,0.0,0.0,10,0,1,0,82.23938223938224,0.00029094848350339587,0.0,3.283226523281586e-08,0.0,False,,,0.0,,1.0,1,False,0,1.35,log_in,False,,0.02,0.0364,0.0,0.1441,0.02,0.0,0.0
100000008755168100,peripheral,0.788,9,0.0634,"Вход 18 тыс. от 1, выход 0 на 0; пороги ролей не достигнуты",False,3,1,1,0,17600.0,0.0,1,0,0.0,0.0,1,0,0,0,12.891670007985889,0.00028831626313090915,0.0,3.0588951023382876e-10,0.0,False,,,0.0,,1.0,0,False,0,0.66,log_in,False,,0.0197,0.015,0.0,0.0192,0.0095,0.0,0.0
100000002628576100,peripheral,0.05,7,0.2918,"Вход 728 тыс. от 2, выход 539 тыс. на 2; пороги ролей не достигнуты [сквозной пропуск ≤2дн]",False,3,0,2,2,727882.0,539000.0,3,2,0.7405046422359668,1.0,7,0,2,0,1060.4076799697953,0.0003113901539132389,0.0,0.005845955489123359,3.844048916909496e-05,False,,,1.0,0.0,1.0,0,False,0,2.4,log_out,False,,0.0013,0.0911,0.0,0.0799,0.0483,0.0545,0.0167
100000001611488100,terminal,0.985,7,0.4318,"Получил 779 тыс. от 2 плательщ.; исходящих нет, хотя колено 3 обходилось — деньги остались",False,3,0,2,0,779300.0,0.0,3,0,0.0,0.0,7,0,2,0,6971.3973154134455,0.0008775368508533171,0.0,0.0029640652395430903,0.0,False,,observed,0.0,,1.0,0,False,0,1.76,log_in,False,,0.1354,0.1224,0.0,0.0799,0.094,0.0,0.0
100000005375968100,peripheral,0.244,11,0.2185,"Вход 170 тыс. от 1, выход 86 тыс. на 2; пороги ролей не достигнуты",False,3,0,1,2,170082.0,86000.0,1,4,0.5056384567443939,2.0,7,0,1,0,149.12251744801333,0.0002951483068536033,0.0,0.0029057815328092595,3.844048916909496e-05,False,,,0.3488372093023256,1.0,1.0,0,False,0,2.06,log_out,False,,0.0061,0.0476,0.0,0.0799,0.0304,0.0545,0.0
100000003581109100,peripheral,0.555,11,0.1282,"Вход 43 тыс. от 1, выход 0 на 0; пороги ролей не достигнуты",False,3,0,1,0,42750.0,0.0,1,0,0.0,0.0,7,0,1,0,37.48184770229989,0.00028797697280880764,0.0,0.0029057815328092595,0.0,False,,,0.0,,1.0,0,False,0,0.1,log_in,False,,0.0139,0.0267,0.0,0.0799,0.0077,0.0,0.0
100000002933386100,peripheral,0.8,4,0.3342,"Вход 15 тыс. от 1, выход 58 тыс. на 1; пороги ролей не достигнуты",False,3,0,1,1,15000.0,58000.0,1,1,3.8666666666666667,1.0,7,0,1,0,2057.9247810495817,0.000652782324912921,0.0,0.0,2.0012831990095827e-05,False,,,0.0,,1.0,0,False,0,1.99,log_out,False,,0.02,0.1021,0.0,0.0799,0.09,0.0422,0.0
100000002284426100,peripheral,0.377,7,0.1456,"Вход 90 тыс. от 1, выход 0 на 0; пороги ролей не достигнуты",False,3,0,1,0,90000.0,0.0,2,0,0.0,0.0,7,0,1,0,138.7910271192645,0.00028848611988395835,0.0,0.0029401739563140994,0.0,False,,,0.0,,1.0,0,False,0,0.38,log_in,False,,0.0094,0.0459,0.0,0.0799,0.0103,0.0,0.0
100000008579978100,peripheral,0.605,7,0.1585,"Вход 34 тыс. от 1, выход 77 тыс. на 1; пороги ролей не достигнуты",False,3,0,1,1,34000.0,77000.0,1,6,2.264705882352941,1.0,7,0,1,0,52.43216580061103,0.0002866712061358097,0.0,0.0029401739563140994,1.922024458454748e-05,False,,,0.35064935064935066,0.0,1.0,0,False,0,2.04,log_out,False,,0.0151,0.0308,0.0,0.0799,0.0039,0.0287,0.0
100000001549194100,peripheral,0.534,10,0.1725,"Вход 46 тыс. от 1, выход 0 на 0; пороги ролей не достигнуты",False,3,0,1,0,46500.0,0.0,1,0,0.0,0.0,7,0,1,0,125.04812942144375,0.0002987125955300956,0.0,2.4413789354590045e-05,0.0,False,,,0.0,,1.0,0,False,0,0.04,log_in,False,,0.0134,0.0435,0.0,0.0799,0.0357,0.0,0.0
100000001427082100,peripheral,0.5,17,0.3541,"Вход 5 тыс. от 1, выход 125 тыс. на 5; пороги ролей не достигнуты",False,3,0,1,5,5000.0,124900.0,1,6,24.98,5.0,7,0,1,0,5000.0,0.0004392450523980504,1.9629899182804822e-254,3.1081580590858487e-255,7.846615314928662e-05,False,,,0.0,4.0,1.0,1,False,0,2.13,log_out,False,,0.0125,0.1158,0.0,0.0799,0.0739,0.072,0.0
100000004657034100,terminal,0.888,7,0.275,"Получил 141 тыс. от 1 плательщ.; исходящих нет, хотя колено 3 обходилось — деньги остались",False,3,0,1,0,141250.0,0.0,1,0,0.0,0.0,7,0,1,0,217.8248064510679,0.0002901470900552552,0.0,0.0029401739563140994,0.0,False,,observed,0.0,,1.0,0,False,0,0.67,log_in,False,,0.1221,0.0554,0.0,0.0799,0.0175,0.0,0.0
100000003796063100,distributor,0.722,4,0.5869,Рассылает на 15 получателей 959 тыс. (веер 15:1); плательщиков 1 [возвратный поток; аномалия для колена],False,3,0,1,15,35000.0,959150.0,1,23,27.404285714285713,15.0,7,0,1,0,16381.642620030445,0.0006852648705720575,0.0025957794404267947,0.0,0.0011789271739411362,False,,,0.07350258040973778,0.0,1.0,0,False,104,5.37,out_deg,True,,0.1444,0.144,0.0,0.0799,0.0908,0.0945,0.0333
100000005268319100,peripheral,0.5,4,0.2167,"Вход 20 тыс. от 1, выход 91 тыс. на 5; пороги ролей не достигнуты [возвратный поток]",False,3,0,1,5,19712.8,91000.0,2,10,4.6162899232985675,5.0,7,0,1,0,21.02122363447274,0.0002936395632308343,0.00029802329468359736,0.0006428156575478821,4.0473877157209365e-05,False,,,0.26373626373626374,4.5,1.0,1,False,1,2.07,log_out,False,,0.0125,0.0205,0.0,0.0799,0.0273,0.0598,0.0167
100000008744799100,peripheral,0.8,9,0.0568,"Вход 13 тыс. от 1, выход 0 на 0; пороги ролей не достигнуты",False,3,1,1,0,12600.0,0.0,1,0,0.0,0.0,1,0,0,0,9.22926375571717,0.00028753587423499484,0.0,3.0588951023382876e-10,0.0,False,,,0.0,,1.0,0,False,0,0.88,log_in,False,,0.02,0.0111,0.0,0.0192,0.0065,0.0,0.0
100000008677215100,peripheral,0.8,27,0.2543,"Вход 9 тыс. от 1, выход 0 на 0; пороги ролей не достигнуты",False,3,0,1,0,9000.0,0.0,1,0,0.0,0.0,7,0,1,0,3893.9236630473533,0.0003043767156368611,0.0,3.197873561503488e-06,0.0,False,,,0.0,,1.0,1,False,0,1.09,log_in,False,,0.02,0.1112,0.0,0.0799,0.0431,0.0,0.0
100000007593823100,distributor,0.466,4,0.3759,Рассылает на 13 получателей 163 тыс. (веер 4:1); плательщиков 3 [возвратный поток; аномалия для колена],False,3,0,3,13,25000.0,162900.0,3,21,6.516,4.333333333333333,7,0,3,0,245.3149619811377,0.000290592094563477,0.0014877923133758643,0.004303148994827794,0.0006813203182041415,False,,,0.40085942295887045,4.0,1.0,1,False,50,4.65,out_deg,True,,0.0932,0.0584,0.0,0.0799,0.0191,0.092,0.0333
100000001282143100,consolidator,0.547,2,0.5255,Получает от 5 плательщиков (0 seed) 1.7 млн; передаёт дальше 0%; сходятся потоки 10 seed [4 плательщ. в 1 день; аномалия для колена],False,3,0,5,0,1700000.0,0.0,6,0,0.0,0.0,10,1,5,0,859.2840700015306,0.00040176306143270535,0.0,7.822619589386979e-06,0.0,False,,,0.0,,4.0,0,False,0,6.51,in_deg,True,,0.1231,0.0872,0.067,0.1441,0.0708,0.0,0.0333
100000008029279100,peripheral,0.8,1,0.1694,"Вход 17 тыс. от 1, выход 0 на 0; пороги ролей не достигнуты",False,3,0,1,0,17000.0,0.0,1,0,0.0,0.0,7,0,1,0,229.786148817728,0.0002890280971842479,0.0,0.0016044117305492448,0.0,False,,,0.0,,1.0,0,False,0,0.69,log_in,False,,0.02,0.0564,0.0,0.0799,0.0131,0.0,0.0
100000000594783100,peripheral,0.05,13,0.3579,"Вход 2.6 млн от 1, выход 152 тыс. на 2; пороги ролей не достигнуты [сквозной пропуск ≤2дн; возвратный поток]",False,3,0,1,2,2635000.0,152500.0,10,2,0.05787476280834915,2.0,2,0,1,0,131655.3842926952,0.0013815888060884878,6.070456538802831e-248,1.911531541212292e-248,0.0,False,,,1.0,0.5,1.0,1,False,3,2.54,log_in,False,,0.0013,0.1865,0.0,0.0397,0.0971,0.0,0.0333
100000002705460100,peripheral,0.362,3,0.3167,"Вход 95 тыс. от 1, выход 0 на 0; пороги ролей не достигнуты",False,3,0,1,0,95000.0,0.0,1,0,0.0,0.0,7,0,1,0,15005.843117353656,0.000557727242255144,0.0,1.686779011691112e-05,0.0,False,,,0.0,,1.0,0,False,0,0.42,log_in,False,,0.0091,0.1418,0.0,0.0799,0.0859,0.0,0.0
100000002952756100,peripheral,0.531,14,0.1555,"Вход 47 тыс. от 1, выход 0 на 0; пороги ролей не достигнуты",False,3,0,1,0,47000.0,0.0,1,0,0.0,0.0,1,0,0,0,231.55517741266365,0.0003677090010006242,0.0,2.463136707888565e-07,0.0,False,,,0.0,,1.0,0,False,0,0.04,log_in,False,,0.0133,0.0568,0.0,0.0192,0.0662,0.0,0.0
100000004634420100,peripheral,0.669,9,0.0703,"Вход 26 тыс. от 1, выход 0 на 0; пороги ролей не достигнуты",False,3,1,1,0,26150.0,0.0,1,0,0.0,0.0,1,0,0,0,19.154384699365398,0.0002896507281429226,0.0,3.0588951023382876e-10,0.0,False,,,0.0,,1.0,0,False,0,0.41,log_in,False,,0.0167,0.0187,0.0,0.0192,0.0157,0.0,0.0
100000000583220100,peripheral,0.8,21,0.208,"Вход 5 тыс. от 1, выход 761 тыс. на 1; пороги ролей не достигнуты",False,3,0,1,1,5000.0,761255.0,1,4,152.251,1.0,7,0,1,0,69.34466035313527,0.0002981132552282115,0.0,4.259945964858586e-08,1.9616538287321655e-05,False,,,0.052544810871521366,2.0,1.0,1,False,0,2.46,log_out,False,,0.02,0.0347,0.0,0.0799,0.0351,0.0383,0.0
100000003286537100,terminal,0.894,2,0.3364,"Получил 153 тыс. от 2 плательщ.; исходящих нет, хотя колено 3 обходилось — деньги остались",False,3,0,2,0,153000.0,0.0,2,0,0.0,0.0,8,0,2,0,156.0116033318598,0.0003010947151858364,0.0,3.242362523285969e-06,0.0,False,,observed,0.0,,2.0,0,False,0,1.63,in_deg,False,,0.1229,0.0486,0.0,0.1253,0.0396,0.0,0.0
100000002958345100,terminal,0.945,14,0.2477,"Получил 307 тыс. от 1 плательщ.; исходящих нет, хотя колено 3 обходилось — деньги остались",False,3,0,1,0,307000.0,0.0,1,0,0.0,0.0,2,0,1,0,98.46850991669193,0.0003001922715970454,0.0,3.794136183730392e-07,0.0,False,,observed,0.0,,1.0,0,False,0,1.17,log_in,False,,0.1299,0.0397,0.0,0.0397,0.0383,0.0,0.0
100000005055454100,peripheral,0.8,26,0.2385,"Вход 6 тыс. от 1, выход 0 на 0; пороги ролей не достигнуты",False,3,3,1,0,6500.0,0.0,1,0,0.0,0.0,1,0,0,0,6500.0,0.000505981015832426,0.0,7.942334779703306e-267,0.0,False,,,0.0,,1.0,1,False,0,1.3,log_in,False,,0.02,0.1212,0.0,0.0192,0.078,0.0,0.0
100000008738526100,peripheral,0.8,2,0.2029,"Вход 15 тыс. от 1, выход 140 тыс. на 1; пороги ролей не достигнуты",False,3,0,1,1,15000.0,140000.0,1,1,9.333333333333334,1.0,8,0,1,0,3.5673007280192164,0.0002874522211122593,0.0,1.2902817864242934e-06,2.139985994980544e-05,False,,,0.0,5.0,1.0,0,False,0,2.15,log_out,False,,0.02,0.0061,0.0,0.1253,0.0062,0.0453,0.0
100000001298099100,peripheral,0.772,6,0.1713,"Вход 19 тыс. от 1, выход 0 на 0; пороги ролей не достигнуты",False,3,0,1,0,19000.0,0.0,1,0,0.0,0.0,7,0,1,0,147.3076538514863,0.0002926483569297594,0.0,6.407022137400362e-07,0.0,False,,,0.0,,1.0,0,False,0,0.61,log_in,False,,0.0193,0.0471,0.0,0.0799,0.025,0.0,0.0
100000006491272100,peripheral,0.666,9,0.0711,"Вход 26 тыс. от 1, выход 0 на 0; пороги ролей не достигнуты",False,3,1,1,0,26200.0,0.0,1,0,0.0,0.0,1,0,0,0,19.191008761888085,0.00028965853203188175,0.0,3.0588951023382876e-10,0.0,False,,,0.0,,1.0,0,False,0,0.41,log_in,False,,0.0167,0.0193,0.0,0.0192,0.0159,0.0,0.0
100000000552584100,peripheral,0.05,13,0.3403,"Вход 2.5 млн от 1, выход 58 тыс. на 1; пороги ролей не достигнуты [возвратный поток]",False,3,0,1,1,2500000.0,57500.0,3,1,0.023,1.0,2,0,1,0,124910.23177675066,0.0013254360037725063,2.0470242813233522e-248,1.911531541212292e-248,0.0,False,,,0.0,4.0,1.0,0,False,2,2.51,log_in,False,,0.0013,0.1859,0.0,0.0397,0.0968,0.0,0.0167
100000005187208100,peripheral,0.8,4,0.1858,"Вход 14 тыс. от 1, выход 0 на 0; пороги ролей не достигнуты",False,3,0,1,0,14160.0,0.0,1,0,0.0,0.0,7,0,1,0,86.21385674677138,0.0003119707842377321,0.0,0.00010694238652270059,0.0,False,,,0.0,,1.0,0,False,0,0.8,log_in,False,,0.02,0.0371,0.0,0.0799,0.0488,0.0,0.0
100000003528285100,peripheral,0.2,8,0.3425,"Вход 119 тыс. от 4, выход 548 тыс. на 4; пороги ролей не достигнуты [аномалия для колена]",False,3,0,4,4,118870.0,548000.0,5,6,4.6100782367292,1.0,7,0,4,0,1225.7660697057158,0.00040427564554845465,0.0006432388197383262,0.004721828012250741,0.00011504626015844327,False,,,0.6204379562043796,4.0,1.0,1,False,0,4.88,in_deg,True,,0.005,0.0941,0.0,0.0799,0.071,0.0758,0.0167
100000001484381100,terminal,0.856,6,0.324,"Получил 96 тыс. от 2 плательщ.; исходящих нет, хотя колено 3 обходилось — деньги остались",False,3,0,2,0,95585.0,0.0,4,0,0.0,0.0,7,0,2,0,407.6677785885724,0.0003213079861341874,0.0,3.3989760686401816e-06,0.0,False,,observed,0.0,,1.0,0,False,0,1.63,in_deg,False,,0.1177,0.0713,0.0,0.0799,0.0551,0.0,0.0
100000002508637100,peripheral,0.138,15,0.1565,"Вход 306 тыс. от 1, выход 8 тыс. на 1; пороги ролей не достигнуты",False,3,0,1,1,306410.0,8000.0,1,1,0.02610880845925394,1.0,1,0,0,0,670.7730232585625,0.00030739263356746913,0.0,7.936044019065454e-05,7.925874055483496e-07,False,,,0.0,12.0,1.0,0,False,0,1.63,log_out,False,,0.0035,0.0815,0.0,0.0192,0.0454,0.0069,0.0
100000003149149100,terminal,0.93,7,0.3048,"Получил 245 тыс. от 1 плательщ.; исходящих нет, хотя колено 3 обходилось — деньги остались",False,3,0,1,0,245000.0,0.0,1,0,0.0,0.0,7,0,1,0,377.8200182691089,0.00029350954186544125,0.0,0.0029401739563140994,0.0,False,,observed,0.0,,1.0,0,False,0,1.02,log_in,False,,0.1279,0.0701,0.0,0.0799,0.0269,0.0,0.0
100000001538095100,terminal,0.938,2,0.4034,"Получил 280 тыс. от 2 плательщ.; исходящих нет, хотя колено 3 обходилось — деньги остались",False,3,0,2,0,280000.0,0.0,2,0,0.0,0.0,9,0,2,0,660.5620193559869,0.00033013522666239774,0.0,3.051233521374549e-06,0.0,False,,observed,0.0,,2.0,0,False,0,1.63,in_deg,False,,0.129,0.0807,0.0,0.1361,0.0577,0.0,0.0
100000008695133100,peripheral,0.588,9,0.0786,"Вход 37 тыс. от 1, выход 0 на 0; пороги ролей не достигнуты",False,3,1,1,0,36610.0,0.0,1,0,0.0,0.0,1,0,0,0,26.816138579111556,0.00029128330171317526,0.0,3.0588951023382876e-10,0.0,False,,,0.0,,1.0,0,False,0,0.19,log_in,False,,0.0147,0.0232,0.0,0.0192,0.0214,0.0,0.0
100000008749405100,peripheral,0.585,9,0.0789,"Вход 37 тыс. от 1, выход 0 на 0; пороги ролей не достигнуты",False,3,1,1,0,37150.0,0.0,1,0,0.0,0.0,1,0,0,0,27.211678454356576,0.000291367583713934,0.0,3.0588951023382876e-10,0.0,False,,,0.0,,1.0,0,False,0,0.19,log_in,False,,0.0146,0.0234,0.0,0.0192,0.0216,0.0,0.0
100000005815602100,peripheral,0.754,3,0.3552,"Вход 20 тыс. от 1, выход 165 тыс. на 1; пороги ролей не достигнуты",False,3,0,1,1,20000.0,165000.0,1,1,8.25,1.0,7,0,1,0,11959.703053492416,0.0005521710322392155,0.0,0.0,1.9418391435934565e-05,False,,,0.0,19.0,1.0,0,False,0,2.18,log_out,False,,0.0189,0.1351,0.0,0.0799,0.0851,0.0361,0.0
100000006641671100,peripheral,0.6,4,0.2632,"Вход 22 тыс. от 2, выход 25 тыс. на 1; пороги ролей не достигнуты [сквозной пропуск ≤2дн]",False,3,0,2,1,22000.0,25000.0,2,3,1.1363636363636365,0.5,7,0,2,0,241.72252844782508,0.0004399911079982389,1.0250042735448046e-05,0.0016549922267761258,5.449038413144904e-06,False,,,0.8,0.0,1.0,1,False,0,1.84,log_out,False,,0.015,0.0582,0.0,0.0799,0.074,0.0194,0.0167
100000002945031100,peripheral,0.8,4,0.1719,"Вход 15 тыс. от 1, выход 0 на 0; пороги ролей не достигнуты",False,3,0,1,0,15000.0,0.0,1,0,0.0,0.0,7,0,1,0,181.97932416826418,0.000291121950616924,0.0,0.00025946007686321234,0.0,False,,,0.0,,1.0,0,False,0,0.77,log_in,False,,0.02,0.0513,0.0,0.0799,0.0206,0.0,0.0
100000003497735100,terminal,0.878,19,0.3335,"Получил 125 тыс. от 1 плательщ.; исходящих нет, хотя колено 3 обходилось — деньги остались",False,3,0,1,0,125000.0,0.0,1,0,0.0,0.0,7,0,1,0,927.2720246331353,0.00030694621061712747,0.0,8.448073037865009e-05,0.0,False,,observed,0.0,,1.0,0,False,0,0.59,log_in,False,,0.1207,0.0879,0.0,0.0799,0.0449,0.0,0.0
100000004644615100,peripheral,0.494,14,0.1675,"Вход 51 тыс. от 1, выход 380 тыс. на 2; пороги ролей не достигнуты",False,3,0,1,2,50810.0,379665.0,1,14,7.472249557173785,2.0,1,0,0,0,250.3259269007966,0.00037436756021008163,0.0,2.463136707888565e-07,1.1888811083225246e-06,False,,,0.045829876338350915,15.0,1.0,0,False,0,2.33,log_out,False,,0.0124,0.059,0.0,0.0192,0.067,0.0098,0.0
100000002755292100,terminal,0.918,7,0.2957,"Получил 203 тыс. от 1 плательщ.; исходящих нет, хотя колено 3 обходилось — деньги остались",False,3,0,1,0,203400.0,0.0,1,0,0.0,0.0,7,0,1,0,313.6677212895378,0.0002921613202239594,0.0,0.0029401739563140994,0.0,False,,observed,0.0,,1.0,0,False,0,0.9,log_in,False,,0.1262,0.0657,0.0,0.0799,0.0238,0.0,0.0
100000005142492100,peripheral,0.8,18,0.3621,"Вход 10 тыс. от 1, выход 57 тыс. на 1; пороги ролей не достигнуты [сквозной пропуск ≤2дн; возвратный поток]",False,3,0,1,1,10000.0,57000.0,1,1,5.7,1.0,7,0,1,0,10000.0,0.0019077900971988637,1.3505684050881796e-05,0.0,0.0,False,,,1.0,0.0,1.0,0,False,1,1.99,log_out,False,,0.02,0.1304,0.0,0.0799,0.0984,0.0,0.0333
100000002893020100,peripheral,0.776,6,0.1701,"Вход 18 тыс. от 1, выход 0 на 0; пороги ролей не достигнуты",False,3,0,1,0,18340.0,0.0,1,0,0.0,0.0,7,0,1,0,142.19065113875047,0.00029240245264606314,0.0,6.407022137400362e-07,0.0,False,,,0.0,,1.0,0,False,0,0.64,log_in,False,,0.0194,0.0464,0.0,0.0799,0.0243,0.0,0.0
100000004500444100,peripheral,0.238,10,0.3025,"Вход 180 тыс. от 2, выход 74 тыс. на 1; пороги ролей не достигнуты [сквозной пропуск ≤2дн]",False,3,0,2,1,180000.0,74000.0,7,5,0.4111111111111111,0.5,7,0,2,0,962.3125581726783,0.0004643947559108734,0.0,2.4610559372179517e-05,1.9418391435934565e-05,False,,,1.0,1.0,1.0,0,False,0,2.04,log_out,False,,0.006,0.0887,0.0,0.0799,0.0751,0.0361,0.0167
100000008454065100,peripheral,0.699,10,0.1555,"Вход 24 тыс. от 1, выход 0 на 0; пороги ролей не достигнуты",False,3,0,1,0,24050.0,0.0,1,0,0.0,0.0,7,0,1,0,64.67543037818757,0.00029236706618660175,0.0,2.4413789354590045e-05,0.0,False,,,0.0,,1.0,0,False,0,0.46,log_in,False,,0.0175,0.0338,0.0,0.0799,0.0242,0.0,0.0
100000008416433100,peripheral,0.754,10,0.1512,"Вход 20 тыс. от 1, выход 0 на 0; пороги ролей не достигнуты",False,3,0,1,0,20000.0,0.0,1,0,0.0,0.0,7,0,1,0,53.78414168664247,0.0002912223270400026,0.0,2.4413789354590045e-05,0.0,False,,,0.0,,1.0,0,False,0,0.58,log_in,False,,0.0189,0.0314,0.0,0.0799,0.021,0.0,0.0
100000005265073100,peripheral,0.8,10,0.3009,"Вход 5 тыс. от 1, выход 9 тыс. на 1; пороги ролей не достигнуты",False,3,0,1,1,5000.0,9000.0,1,1,1.8,1.0,8,0,1,0,474.4186046511628,0.0002991258827616204,0.0,1.0303697327745062e-06,2.1003566247031264e-05,False,,,0.0,,1.0,1,False,0,1.65,log_out,False,,0.02,0.0749,0.0,0.1253,0.0364,0.0444,0.0
100000006734214100,consolidator,0.534,7,0.4955,Получает от 5 плательщиков (0 seed) 610 тыс.; передаёт дальше 6%; сходятся потоки 7 seed [сквозной пропуск ≤2дн; аномалия для колена],False,3,0,5,3,610000.0,36000.0,10,4,0.05901639344262295,0.6,7,0,5,0,2691.3908321243416,0.0006063901366273082,1.57847465707e-313,0.008009424241736236,5.9444055416126226e-05,False,,,0.7222222222222222,2.0,2.0,0,False,0,6.51,in_deg,True,,0.1202,0.1066,0.0,0.0799,0.0885,0.0669,0.0333
100000002611334100,peripheral,0.523,1,0.1958,"Вход 48 тыс. от 1, выход 16 тыс. на 1; пороги ролей не достигнуты",False,3,0,1,1,48288.0,15500.0,1,1,0.3209907223326706,1.0,7,0,1,0,51.49308301516881,0.0003053380307806398,0.0,0.0006428156575478821,1.922024458454748e-05,False,,,0.0,27.0,1.0,0,False,0,1.75,log_out,False,,0.0131,0.0304,0.0,0.0799,0.0437,0.0287,0.0
100000006225798100,peripheral,0.05,16,0.2978,"Вход 722 тыс. от 3, выход 26 тыс. на 2; пороги ролей не достигнуты",False,3,0,3,2,722000.0,26300.0,4,2,0.03642659279778394,0.6666666666666666,7,0,3,0,1529.1028588939187,0.00035996892038230857,0.0,0.006079300105072011,3.844048916909496e-05,False,,,0.0,,1.0,0,False,0,3.26,in_deg,False,,0.0013,0.0975,0.0,0.0799,0.0647,0.0545,0.0
100000002849158100,peripheral,0.05,2,0.354,"Вход 723 тыс. от 3, выход 1.3 млн на 1; пороги ролей не достигнуты [3 плательщ. в 1 день]",False,3,0,3,1,723000.0,1313000.0,3,3,1.8160442600276625,0.3333333333333333,9,0,3,0,1104.414150249435,0.00033624556849174277,0.0,7.907221763538625e-06,2.2786887909515052e-05,False,,,0.5506473724295506,0.0,3.0,0,False,0,3.26,in_deg,False,,0.0013,0.0923,0.0,0.1361,0.0593,0.0484,0.0167
100000008686214100,peripheral,0.687,8,0.1947,"Вход 25 тыс. от 1, выход 0 на 0; пороги ролей не достигнуты",False,3,0,1,0,25000.0,0.0,1,0,0.0,0.0,7,0,1,0,293.34638225366643,0.00029772792993778554,0.0,0.00012159927962597201,0.0,False,,,0.0,,1.0,0,False,0,0.44,log_in,False,,0.0172,0.0629,0.0,0.0799,0.0347,0.0,0.0
100000004931931100,peripheral,0.705,1,0.221,"Вход 24 тыс. от 1, выход 45 тыс. на 1; пороги ролей не достигнуты",False,3,0,1,1,23938.0,45000.0,1,1,1.8798562954298605,1.0,7,0,1,0,421.03950608256395,0.000291814036684862,0.0,0.001137907385155322,1.922024458454748e-05,False,,,0.0,3.0,1.0,0,False,0,1.94,log_out,False,,0.0176,0.0721,0.0,0.0799,0.0226,0.0287,0.0
100000007510875100,peripheral,0.8,6,0.1939,"Вход 5 тыс. от 1, выход 0 на 0; пороги ролей не достигнуты",False,3,0,1,0,5000.0,0.0,1,0,0.0,0.0,1,0,0,0,1055.8483333333334,0.00035624626017075875,0.0,1.8482032690973996e-07,0.0,False,,,0.0,,1.0,1,False,0,1.47,log_in,False,,0.02,0.091,0.0,0.0192,0.0637,0.0,0.0
100000005233755100,peripheral,0.687,7,0.2035,"Вход 25 тыс. от 1, выход 5 тыс. на 1; пороги ролей не достигнуты [сквозной пропуск ≤2дн]",False,3,0,1,1,25000.0,5000.0,1,1,0.2,1.0,7,0,1,0,94.97861488892354,0.0002916076698087042,0.0,0.0004659017954226318,1.922024458454748e-05,False,,,1.0,0.0,1.0,0,False,0,1.55,log_out,False,,0.0172,0.0388,0.0,0.0799,0.0222,0.0287,0.0167
100000008042075100,peripheral,0.8,13,0.1119,"Вход 5 тыс. от 1, выход 0 на 0; пороги ролей не достигнуты",False,3,0,1,0,5000.0,0.0,1,0,0.0,0.0,1,0,0,0,165.04854368932038,0.00029195667457243503,0.0,2.063413074803692e-248,0.0,False,,,0.0,,1.0,1,False,0,1.47,log_in,False,,0.02,0.0499,0.0,0.0192,0.0228,0.0,0.0
100000001680944100,terminal,0.956,2,0.4316,"Получил 393 тыс. от 1 плательщ.; исходящих нет, хотя колено 3 обходилось — деньги остались",False,3,0,1,0,393000.0,0.0,1,0,0.0,0.0,9,0,1,0,2071.6271292509873,0.00034558988439926675,0.0,3.5591269374705266e-07,0.0,False,,observed,0.0,,1.0,0,False,0,1.32,log_in,False,,0.1314,0.1023,0.0,0.1361,0.0617,0.0,0.0
100000008417029100,terminal,0.861,2,0.3774,"Получил 100 тыс. от 1 плательщ.; исходящих нет, хотя колено 3 обходилось — деньги остались",False,3,0,1,0,100000.0,0.0,1,0,0.0,0.0,9,0,1,0,548.6262497027282,0.00030663007931043686,0.0,9.056545672026166e-08,0.0,False,,observed,0.0,,1.0,0,False,0,0.45,log_in,False,,0.1184,0.078,0.0,0.1361,0.0449,0.0,0.0
100000004975919100,peripheral,0.724,1,0.234,"Вход 22 тыс. от 1, выход 15 тыс. на 2; пороги ролей не достигнуты",False,3,0,1,2,22351.0,15000.0,1,2,0.6711109122634334,2.0,7,0,1,0,302.11471836617875,0.00029011680628284717,0.0,0.0016044117305492448,3.844048916909496e-05,False,,,0.0,,1.0,0,False,0,1.75,log_out,False,,0.0181,0.0641,0.0,0.0799,0.0174,0.0545,0.0
100000003087877100,peripheral,0.372,15,0.1053,"Вход 91 тыс. от 1, выход 0 на 0; пороги ролей не достигнуты",False,3,0,1,0,91486.0,0.0,1,0,0.0,0.0,1,0,0,0,200.2752547430986,0.00029208517171407756,0.0,7.936044019065454e-05,0.0,False,,,0.0,,1.0,0,False,0,0.39,log_in,False,,0.0093,0.0534,0.0,0.0192,0.0234,0.0,0.0
100000008295429100,terminal,0.951,7,0.322,"Получил 352 тыс. от 1 плательщ.; исходящих нет, хотя колено 3 обходилось — деньги остались",False,3,0,1,0,352000.0,0.0,1,0,0.0,0.0,7,0,1,0,542.827128288679,0.00029697732349136816,0.0,0.0029401739563140994,0.0,False,,observed,0.0,,1.0,0,False,0,1.25,log_in,False,,0.1308,0.0777,0.0,0.0799,0.0336,0.0,0.0
100000003254277100,peripheral,0.516,11,0.1763,"Вход 49 тыс. от 1, выход 45 тыс. на 1; пороги ролей не достигнуты [сквозной пропуск ≤2дн]",False,3,0,1,1,49200.0,44997.0,1,1,0.9145731707317073,1.0,7,0,1,0,43.13700367141882,0.0002883402365962997,0.0,0.0029057815328092595,1.922024458454748e-05,False,,,1.0,0.0,1.0,0,False,0,1.94,log_out,False,,0.0129,0.0283,0.0,0.0799,0.0098,0.0287,0.0167
100000005314565100,terminal,0.921,1,0.3307,"Получил 218 тыс. от 1 плательщ.; исходящих нет, хотя колено 3 обходилось — деньги остались",False,3,0,1,0,218500.0,0.0,3,0,0.0,0.0,7,0,1,0,233.00278824582475,0.0003750215171110066,0.0,0.0006428156575478821,0.0,False,,observed,0.0,,1.0,0,False,0,0.95,log_in,False,,0.1266,0.057,0.0,0.0799,0.0671,0.0,0.0
100000002951898100,peripheral,0.573,10,0.1688,"Вход 40 тыс. от 1, выход 0 на 0; пороги ролей не достигнуты",False,3,0,1,0,39990.0,0.0,1,0,0.0,0.0,7,0,1,0,107.54139130244162,0.00029687253334630294,0.0,2.4413789354590045e-05,0.0,False,,,0.0,,1.0,0,False,0,0.14,log_in,False,,0.0143,0.0412,0.0,0.0799,0.0334,0.0,0.0
100000001009583100,terminal,0.957,7,0.326,"Получил 394 тыс. от 1 плательщ.; исходящих нет, хотя колено 3 обходилось — деньги остались",False,3,0,1,0,393740.0,0.0,1,0,0.0,0.0,7,0,1,0,607.1953224215467,0.00029833008241722037,0.0,0.0029401739563140994,0.0,False,,observed,0.0,,1.0,0,False,0,1.32,log_in,False,,0.1316,0.0792,0.0,0.0799,0.0352,0.0,0.0
100000004064431100,peripheral,0.673,23,0.1154,"Вход 26 тыс. от 1, выход 10 тыс. на 1; пороги ролей не достигнуты [сквозной пропуск ≤2дн]",False,3,2,1,1,26000.0,10000.0,1,1,0.38461538461538464,1.0,1,0,0,0,66.65038104979365,0.0002910534469463005,0.0,3.403941910066223e-179,9.90734256935437e-07,False,,,1.0,2.0,1.0,0,False,0,1.67,log_out,False,,0.0168,0.0342,0.0,0.0192,0.0203,0.0082,0.0167
100000001927599100,terminal,0.909,6,0.4088,"Получил 188 тыс. от 2 плательщ.; исходящих нет, хотя колено 3 обходилось — деньги остались",False,3,0,2,0,188000.0,0.0,2,0,0.0,0.0,9,0,2,0,1055.7684136621654,0.0003272554677154655,0.0,6.975993292613416e-07,0.0,False,,observed,0.0,,2.0,0,False,0,1.63,in_deg,False,,0.125,0.0909,0.0,0.1361,0.0568,0.0,0.0
100000007737775100,peripheral,0.8,12,0.2721,"Вход 6 тыс. от 1, выход 0 на 0; пороги ролей не достигнуты",False,3,0,1,0,6000.0,0.0,1,0,0.0,0.0,8,0,1,0,756.9843698712253,0.00030312962676534933,0.0,9.977809130351899e-07,0.0,False,,,0.0,,1.0,1,False,0,1.35,log_in,False,,0.02,0.085,0.0,0.1253,0.0419,0.0,0.0
100000003157679100,terminal,0.974,2,0.4454,"Получил 541 тыс. от 4 плательщ.; исходящих нет, хотя колено 3 обходилось — деньги остались [аномалия для колена]",False,3,0,4,0,541000.0,0.0,4,0,0.0,0.0,9,0,4,0,1090.8599303245421,0.0003728530959036694,0.0,1.958930149155962e-06,0.0,False,,observed,0.0,,2.0,0,False,0,4.88,in_deg,True,,0.1339,0.0919,0.0,0.1361,0.0668,0.0,0.0167
100000001229743100,peripheral,0.8,1,0.1477,"Вход 7 тыс. от 1, выход 9 тыс. на 1; пороги ролей не достигнуты",False,3,0,1,1,7000.0,9000.0,1,1,1.2857142857142858,1.0,7,0,1,0,7.464620218401708,0.0002884350404884854,0.0,0.0006428156575478821,1.922024458454748e-05,False,,,0.0,6.0,1.0,1,False,0,1.65,log_out,False,,0.02,0.0089,0.0,0.0799,0.0101,0.0287,0.0
100000003795588100,terminal,0.958,1,0.3739,"Получил 400 тыс. от 1 плательщ.; исходящих нет, хотя колено 3 обходилось — деньги остались",False,3,0,1,0,400000.0,0.0,2,0,0.0,0.0,7,0,1,0,2866.7907053716976,0.00032104219550652184,0.0,0.0011319383959652314,0.0,False,,observed,0.0,,1.0,0,False,0,1.33,log_in,False,,0.1317,0.1073,0.0,0.0799,0.0549,0.0,0.0
100000002301828100,peripheral,0.532,16,0.1623,"Вход 47 тыс. от 1, выход 0 на 0; пороги ролей не достигнуты",False,3,0,1,0,46977.0,0.0,1,0,0.0,0.0,7,0,1,0,124.54592515652482,0.00029296342924915497,0.0,0.000233344615948652,0.0,False,,,0.0,,1.0,0,False,0,0.04,log_in,False,,0.0133,0.0434,0.0,0.0799,0.0256,0.0,0.0
100000005409156100,terminal,0.933,7,0.3642,"Получил 260 тыс. от 2 плательщ.; исходящих нет, хотя колено 3 обходилось — деньги остались",False,3,0,2,0,260080.0,0.0,2,0,0.0,0.0,7,0,2,0,723.5078061927136,0.00042393100512820185,0.0,0.0030471163428368,0.0,False,,observed,0.0,,1.0,0,False,0,1.63,in_deg,False,,0.1283,0.0838,0.0,0.0799,0.0722,0.0,0.0
100000002513028100,peripheral,0.7,4,0.2639,"Вход 10 тыс. от 1, выход 333 тыс. на 3; пороги ролей не достигнуты",False,3,0,1,3,9500.0,332709.0,1,24,35.022,3.0,7,0,1,0,215.4245292181075,0.0003055978968624265,1.57847465707e-313,2.3891283228991376e-05,6.063293652444875e-05,False,,,0.0,,1.0,1,False,0,2.31,log_out,False,,0.0175,0.0549,0.0,0.0799,0.044,0.0676,0.0
100000003218308100,peripheral,0.8,11,0.1141,"Вход 11 тыс. от 1, выход 0 на 0; пороги ролей не достигнуты",False,3,0,1,0,11165.0,0.0,1,0,0.0,0.0,7,0,1,0,9.789118820963234,0.0002861981066494379,0.0,0.0029057815328092595,0.0,False,,,0.0,,1.0,0,False,0,0.95,log_in,False,,0.02,0.0117,0.0,0.0799,0.0025,0.0,0.0
100000008489604100,peripheral,0.8,9,0.0544,"Вход 11 тыс. от 1, выход 0 на 0; пороги ролей не достигнуты",False,3,1,1,0,11000.0,0.0,1,0,0.0,0.0,1,0,0,0,8.05729375499118,0.0002872861497883023,0.0,3.0588951023382876e-10,0.0,False,,,0.0,,1.0,0,False,0,0.96,log_in,False,,0.02,0.0093,0.0,0.0192,0.0058,0.0,0.0
100000004450649100,peripheral,0.223,7,0.2805,"Вход 193 тыс. от 2, выход 47 тыс. на 2; пороги ролей не достигнуты",False,3,0,2,2,192528.0,46527.0,2,2,0.24166355023684866,1.0,7,0,2,0,599.8593405127561,0.0002989552239324566,0.0005807834183980806,0.0030246546866927494,0.00013874903023628483,False,,,0.11234337051604444,2.0,1.0,0,False,0,1.95,log_out,False,,0.0056,0.0791,0.0,0.0799,0.036,0.0798,0.0
100000008767065100,peripheral,0.8,2,0.1921,"Вход 10 тыс. от 1, выход 0 на 0; пороги ролей не достигнуты",False,3,0,1,0,10000.0,0.0,1,0,0.0,0.0,9,0,1,0,52.71315850511419,0.0002870965356977483,0.0,3.5591269374705266e-07,0.0,False,,,0.0,,1.0,0,False,0,1.03,log_in,False,,0.02,0.0309,0.0,0.1361,0.0051,0.0,0.0
100000003035737100,peripheral,0.05,15,0.2946,"Вход 809 тыс. от 2, выход 7 тыс. на 1; пороги ролей не достигнуты [сквозной пропуск ≤2дн]",False,3,0,2,1,809170.0,6544.53,3,1,0.008087954323566123,0.5,7,0,2,0,1880.9224780044815,0.0003788112784639957,0.0,0.003070454328546566,1.922024458454748e-05,False,,,1.0,1.0,1.0,0,False,0,1.79,log_in,False,,0.0013,0.1004,0.0,0.0799,0.0677,0.0287,0.0167
100000002748761100,terminal,0.985,14,0.2905,"Получил 797 тыс. от 1 плательщ.; исходящих нет, хотя колено 3 обходилось — деньги остались",False,3,0,1,0,796800.0,0.0,3,0,0.0,0.0,2,0,1,0,255.56908371863236,0.0003235223508172531,0.0,3.794136183730392e-07,0.0,False,,observed,0.0,,1.0,0,False,0,1.78,log_in,False,,0.1354,0.0597,0.0,0.0397,0.0556,0.0,0.0
100000008432942100,peripheral,0.548,11,0.1294,"Вход 45 тыс. от 1, выход 0 на 0; пороги ролей не достигнуты",False,3,0,1,0,44542.0,0.0,2,0,0.0,0.0,7,0,1,0,39.05301661651092,0.0002880778981897667,0.0,0.0029057815328092595,0.0,False,,,0.0,,1.0,0,False,0,0.07,log_in,False,,0.0137,0.0276,0.0,0.0799,0.0082,0.0,0.0
100000004278574100,peripheral,0.687,7,0.1561,"Вход 25 тыс. от 1, выход 12 тыс. на 1; пороги ролей не достигнуты",False,3,0,1,1,25000.0,12500.0,1,1,0.5,1.0,7,0,1,0,38.55306308868458,0.000286379523569143,0.0,0.0029401739563140994,1.922024458454748e-05,False,,,0.0,11.0,1.0,0,False,0,1.71,log_out,False,,0.0172,0.0272,0.0,0.0799,0.003,0.0287,0.0
100000000926766100,peripheral,0.774,24,0.265,"Вход 19 тыс. от 1, выход 6 тыс. на 1; пороги ролей не достигнуты [сквозной пропуск ≤2дн; возвратный поток]",False,3,0,1,1,18750.0,6000.0,1,1,0.32,1.0,7,0,1,0,624.3788739203666,0.00031794441854413876,8.933928198287818e-09,2.5006816366679155e-06,0.0,False,,,1.0,0.0,1.0,0,False,1,1.58,log_out,False,,0.0194,0.0795,0.0,0.0799,0.0528,0.0,0.0333
100000008661550100,peripheral,0.721,9,0.0676,"Вход 23 тыс. от 1, выход 0 на 0; пороги ролей не достигнуты",False,3,1,1,0,22800.0,0.0,1,0,0.0,0.0,1,0,0,0,16.700572510345356,0.00028912786758266,0.0,3.0588951023382876e-10,0.0,False,,,0.0,,1.0,0,False,0,0.5,log_in,False,,0.018,0.0171,0.0,0.0192,0.0132,0.0,0.0
100000000783406100,peripheral,0.8,16,0.1413,"Вход 6 тыс. от 1, выход 0 на 0; пороги ролей не достигнуты",False,3,0,1,0,6066.0,0.0,1,0,0.0,0.0,7,0,1,0,27.93039779982075,0.0002901959794883712,0.0,2.3749511394193016e-243,0.0,False,,,0.0,,1.0,1,False,0,1.34,log_in,False,,0.02,0.0237,0.0,0.0799,0.0177,0.0,0.0
100000008730371100,terminal,0.973,1,0.4394,"Получил 520 тыс. от 2 плательщ.; исходящих нет, хотя колено 3 обходилось — деньги остались",False,3,0,2,0,520000.0,0.0,3,0,0.0,0.0,7,0,2,0,10115.568413650448,0.0008583627263123976,0.0,0.0011409886387783246,0.0,False,,observed,0.0,,1.0,0,False,0,1.63,in_deg,False,,0.1338,0.132,0.0,0.0799,0.0936,0.0,0.0
100000002878467100,terminal,0.915,2,0.368,"Получил 200 тыс. от 2 плательщ.; исходящих нет, хотя колено 3 обходилось — деньги остались",False,3,0,2,0,200000.0,0.0,2,0,0.0,0.0,8,0,2,0,324.52799579568654,0.00031440364212176087,0.0,2.341315247144374e-06,0.0,False,,observed,0.0,,1.0,0,False,0,1.63,in_deg,False,,0.1258,0.0661,0.0,0.1253,0.0508,0.0,0.0
100000003171587100,peripheral,0.05,15,0.2838,"Вход 700 тыс. от 2, выход 431 тыс. на 2; пороги ролей не достигнуты",False,3,0,2,2,700000.0,431300.0,2,7,0.6161428571428571,1.0,7,0,1,0,1208.888371371004,0.00031601841593021003,0.0,0.003019534396504754,3.883678287186913e-05,False,,,0.0,14.0,2.0,0,False,0,2.36,log_out,False,,0.0013,0.0938,0.0,0.0799,0.0519,0.0568,0.0
100000002696152100,peripheral,0.729,12,0.4274,"Вход 22 тыс. от 1, выход 69 тыс. на 2; пороги ролей не достигнуты [возвратный поток]",False,3,0,1,2,21800.0,69000.0,3,8,3.165137614678899,2.0,8,0,1,0,8120.918508433762,0.0012050605596790834,1.2640613114794705e-281,0.0,2.139985994980544e-05,False,,,0.21739130434782608,13.5,1.0,3,False,1,2.02,log_out,False,,0.0182,0.1255,0.0,0.1253,0.0964,0.0453,0.0167
100000002109656100,terminal,0.971,14,0.2694,"Получил 500 тыс. от 1 плательщ.; исходящих нет, хотя колено 3 обходилось — деньги остались",False,3,0,1,0,500000.0,0.0,1,0,0.0,0.0,2,0,1,0,160.3721659880976,0.00030938521828855235,0.0,3.794136183730392e-07,0.0,False,,observed,0.0,,1.0,0,False,0,1.48,log_in,False,,0.1335,0.0493,0.0,0.0397,0.0469,0.0,0.0
100000001317336100,peripheral,0.297,30,0.2969,"Вход 131 тыс. от 1, выход 1.8 млн на 2; пороги ролей не достигнуты",False,3,0,1,2,131196.0,1752000.0,1,3,13.354065672733924,2.0,7,0,1,0,972.1632182616459,0.0003438491368028857,0.0,4.747355765062003e-05,4.0025663980191654e-05,False,,,0.0,4.0,1.0,0,False,0,2.61,log_out,False,,0.0074,0.089,0.0,0.0799,0.0612,0.0593,0.0
100000005222360100,peripheral,0.8,10,0.3998,"Вход 5 тыс. от 1, выход 27 тыс. на 1; пороги ролей не достигнуты",False,3,0,1,1,5000.0,27000.0,1,1,5.4,1.0,7,0,1,0,5000.0,0.0006008605701429425,1.4913309370284943e-06,0.0,0.0019087127079326193,False,,,0.0,4.0,1.0,1,False,0,1.85,log_out,False,,0.02,0.1158,0.0,0.0799,0.0883,0.0958,0.0
100000001445848100,peripheral,0.063,16,0.2947,"Вход 546 тыс. от 1, выход 352 тыс. на 1; пороги ролей не достигнуты [возвратный поток]",False,3,0,1,1,546000.0,351850.0,13,14,0.6444139194139195,1.0,7,0,1,0,2514.01206704618,0.0007020167320692293,2.2189932289331476e-05,2.3749511394193016e-243,0.0,False,,,0.6863720335370186,1.0,1.0,1,False,1,2.32,log_out,False,,0.0016,0.1054,0.0,0.0799,0.0911,0.0,0.0167
100000008720856100,peripheral,0.777,4,0.2329,"Вход 18 тыс. от 1, выход 46 тыс. на 1; пороги ролей не достигнуты",False,3,0,1,1,18105.0,46000.0,1,2,2.5407346037006353,1.0,7,0,1,0,110.23318336160281,0.00031932628410571523,0.0,0.00010694238652270059,1.9616538287321655e-05,False,,,0.0,,1.0,0,False,0,1.95,log_out,False,,0.0194,0.0415,0.0,0.0799,0.0537,0.0383,0.0
100000002448088100,peripheral,0.4,17,0.3466,"Вход 20 тыс. от 3, выход 25 тыс. на 1; пороги ролей не достигнуты [сквозной пропуск ≤2дн]",False,3,0,3,1,20000.0,25000.0,3,1,1.25,0.3333333333333333,7,0,3,0,5447.432855375209,0.0005086560796474201,0.0,1.5808496563390391e-254,2.0805419395644178e-05,False,,,1.0,0.0,2.0,2,False,0,3.26,in_deg,False,,0.01,0.1179,0.0,0.0799,0.0782,0.0439,0.0167
100000003109805100,peripheral,0.587,16,0.1557,"Вход 37 тыс. от 1, выход 0 на 0; пороги ролей не достигнуты",False,3,0,1,0,36929.0,0.0,1,0,0.0,0.0,7,0,1,0,97.9065600209742,0.00029138188362469686,0.0,0.000233344615948652,0.0,False,,,0.0,,1.0,0,False,0,0.19,log_in,False,,0.0147,0.0394,0.0,0.0799,0.0217,0.0,0.0
100000008223661100,peripheral,0.206,2,0.336,"Вход 202 тыс. от 2, выход 263 тыс. на 5; пороги ролей не достигнуты",False,3,0,2,5,202000.0,262580.0,2,5,1.29990099009901,2.5,8,0,2,0,324.54497579708783,0.00031466917502238233,0.0013472916812125842,2.341315247144374e-06,0.0003254231789280599,False,,,0.18748952700129484,2.0,2.0,0,False,0,2.26,log_out,False,,0.0052,0.0662,0.0,0.1253,0.0511,0.0883,0.0
100000004096559100,peripheral,0.537,28,0.2801,"Вход 46 тыс. от 1, выход 0 на 0; пороги ролей не достигнуты",False,3,0,1,0,46200.0,0.0,1,0,0.0,0.0,1,0,0,0,23378.378371217983,0.0009765877187482858,0.0,0.0,0.0,False,,,0.0,,1.0,0,False,0,0.05,log_in,False,,0.0134,0.1524,0.0,0.0192,0.0951,0.0,0.0
100000002257794100,terminal,0.895,23,0.3534,"Получил 154 тыс. от 1 плательщ.; исходящих нет, хотя колено 3 обходилось — деньги остались",False,3,2,1,0,154000.0,0.0,1,0,0.0,0.0,1,0,0,0,5258.401266717182,0.000860634101132436,0.0,0.0,0.0,False,,observed,0.0,,1.0,0,False,0,0.72,log_in,False,,0.1231,0.1174,0.0,0.0192,0.0937,0.0,0.0
100000003112578100,terminal,0.865,14,0.2016,"Получил 101 тыс. от 1 плательщ.; исходящих нет, хотя колено 3 обходилось — деньги остались",False,3,0,1,0,101080.0,0.0,1,0,0.0,0.0,2,0,1,0,32.42083707615381,0.0002903839214275371,0.0,3.794136183730392e-07,0.0,False,,observed,0.0,,1.0,0,False,0,0.45,log_in,False,,0.1189,0.0248,0.0,0.0397,0.0181,0.0,0.0
100000007020162100,peripheral,0.386,10,0.1939,"Вход 86 тыс. от 1, выход 0 на 0; пороги ролей не достигнуты",False,3,0,1,0,86395.0,0.0,1,0,0.0,0.0,7,0,1,0,232.3340460508738,0.0003099889827531998,0.0,2.4413789354590045e-05,0.0,False,,,0.0,,1.0,0,False,0,0.35,log_in,False,,0.0096,0.0569,0.0,0.0799,0.0474,0.0,0.0
100000001934935100,terminal,0.875,11,0.2648,"Получил 119 тыс. от 1 плательщ.; исходящих нет, хотя колено 3 обходилось — деньги остались",False,3,0,1,0,118935.0,0.0,1,0,0.0,0.0,7,0,1,0,104.27844576545117,0.0002922677094987423,0.0,0.0029057815328092595,0.0,False,,observed,0.0,,1.0,0,False,0,0.56,log_in,False,,0.1203,0.0405,0.0,0.0799,0.024,0.0,0.0
100000002663511100,terminal,0.936,1,0.3568,"Получил 269 тыс. от 1 плательщ.; исходящих нет, хотя колено 3 обходилось — деньги остались",False,3,0,1,0,268940.0,0.0,1,0,0.0,0.0,7,0,1,0,1927.4867307566608,0.0003094194993991053,0.0,0.0011319383959652314,0.0,False,,observed,0.0,,1.0,0,False,0,1.08,log_in,False,,0.1287,0.1012,0.0,0.0799,0.047,0.0,0.0
100000003338583100,peripheral,0.729,23,0.0869,"Вход 22 тыс. от 1, выход 0 на 0; пороги ролей не достигнуты",False,3,2,1,0,21765.0,0.0,1,0,0.0,0.0,1,0,0,0,55.79405936725995,0.00029016016283832526,0.0,3.403941910066223e-179,0.0,False,,,0.0,,1.0,0,False,0,0.53,log_in,False,,0.0182,0.0318,0.0,0.0192,0.0176,0.0,0.0
100000002904919100,peripheral,0.453,1,0.2128,"Вход 60 тыс. от 1, выход 6 тыс. на 1; пороги ролей не достигнуты",False,3,0,1,1,60325.0,5500.0,1,1,0.09117281392457521,1.0,7,0,1,0,432.3478732538691,0.00029091905114297305,0.0,0.0011319383959652314,1.922024458454748e-05,False,,,0.0,,1.0,0,False,0,1.56,log_out,False,,0.0113,0.0729,0.0,0.0799,0.0199,0.0287,0.0
100000005127767100,peripheral,0.8,32,0.2693,"Вход 7 тыс. от 1, выход 0 на 0; пороги ролей не достигнуты",False,3,0,1,0,7000.0,0.0,1,0,0.0,0.0,7,0,1,0,1524.8810707456978,0.0004225316662796324,0.0,1.23619985386e-313,0.0,False,,,0.0,,1.0,1,False,0,1.25,log_in,False,,0.02,0.0971,0.0,0.0799,0.0722,0.0,0.0
100000004066647100,peripheral,0.491,19,0.1911,"Вход 51 тыс. от 1, выход 0 на 0; пороги ролей не достигнуты",False,3,0,1,0,51000.0,0.0,1,0,0.0,0.0,7,0,1,0,378.3269860503192,0.0002942910761084242,0.0,8.448073037865009e-05,0.0,False,,,0.0,,1.0,0,False,0,0.02,log_in,False,,0.0123,0.0702,0.0,0.0799,0.0287,0.0,0.0
100000002394199100,peripheral,0.157,6,0.3417,"Вход 277 тыс. от 1, выход 77 тыс. на 1; пороги ролей не достигнуты [сквозной пропуск ≤2дн; возвратный поток]",False,3,0,1,1,277398.0,76777.0,3,1,0.2767756076107254,1.0,1,0,0,0,121777.0,0.0029678523915121872,8.203488390521243e-303,0.0,0.0,False,,,1.0,0.0,1.0,0,False,1,2.04,log_out,False,,0.0039,0.1855,0.0,0.0192,0.0997,0.0,0.0333
100000003968044100,peripheral,0.569,1,0.2945,"Вход 40 тыс. от 1, выход 311 тыс. на 3; пороги ролей не достигнуты [возвратный поток]",False,3,0,1,3,40000.0,311000.0,1,4,7.775,3.0,7,0,1,0,703.5500143413216,0.000296004155053737,0.0014579653162372242,0.001137907385155322,6.561503152343142e-05,False,,,0.0,14.0,1.0,0,False,43,2.3,log_out,False,,0.0142,0.0829,0.0,0.0799,0.032,0.0688,0.0167
100000001808684100,peripheral,0.522,18,0.3099,"Вход 48 тыс. от 1, выход 38 тыс. на 1; пороги ролей не достигнуты [сквозной пропуск ≤2дн; возвратный поток]",False,3,0,1,1,48400.0,37700.0,3,2,0.7789256198347108,1.0,1,0,0,0,19765.063046642656,0.0011690957183659054,1.2421621001173871e-05,1.23619985386e-313,0.0,False,,,0.7957559681697612,0.0,1.0,1,False,1,1.91,log_out,False,,0.013,0.1482,0.0,0.0192,0.096,0.0,0.0333
100000008097580100,terminal,0.754,4,0.3451,"Получил 32 тыс. от 2 плательщ.; исходящих нет, хотя колено 3 обходилось — деньги остались",False,3,0,2,0,32000.0,0.0,4,0,0.0,0.0,7,0,2,0,400.4563920791216,0.0006747919200885517,0.0,2.408230238260386e-05,0.0,False,,observed,0.0,,1.0,3,False,0,1.63,in_deg,False,,0.1037,0.071,0.0,0.0799,0.0905,0.0,0.0
100000008687617100,peripheral,0.553,9,0.082,"Вход 43 тыс. от 1, выход 0 на 0; пороги ролей не достигнуты",False,3,1,1,0,43350.0,0.0,2,0,0.0,0.0,1,0,0,0,31.753062207169787,0.0002923352659448677,0.0,3.0588951023382876e-10,0.0,False,,,0.0,,1.0,0,False,0,0.09,log_in,False,,0.0138,0.0248,0.0,0.0192,0.0242,0.0,0.0
100000005667841100,terminal,0.908,2,0.3609,"Получил 186 тыс. от 2 плательщ.; исходящих нет, хотя колено 3 обходилось — деньги остались",False,3,0,2,0,186000.0,0.0,2,0,0.0,0.0,8,0,2,0,279.2129363940996,0.00031222556371948533,0.0,2.341315247144374e-06,0.0,False,,observed,0.0,,2.0,0,False,0,1.63,in_deg,False,,0.1249,0.0618,0.0,0.1253,0.0489,0.0,0.0
100000001329153100,terminal,0.893,11,0.2764,"Получил 151 тыс. от 1 плательщ.; исходящих нет, хотя колено 3 обходилось — деньги остались",False,3,0,1,0,150687.0,0.0,1,0,0.0,0.0,7,0,1,0,132.1175949641278,0.00029405598109260987,0.0,0.0029057815328092595,0.0,False,,observed,0.0,,1.0,0,False,0,0.71,log_in,False,,0.1228,0.0454,0.0,0.0799,0.0283,0.0,0.0
100000007689942100,peripheral,0.8,19,0.3675,"Вход 5 тыс. от 1, выход 25 тыс. на 2; пороги ролей не достигнуты [возвратный поток]",False,3,0,1,2,5000.0,25000.0,1,2,5.0,2.0,7,0,1,0,5000.0,0.0008925911171850297,8.8869694757075e-05,0.0,1.981468513870874e-05,False,,,0.0,,1.0,1,False,1,1.84,log_out,False,,0.02,0.1158,0.0,0.0799,0.0944,0.0407,0.0167
100000006476758100,peripheral,0.8,12,0.341,"Вход 5 тыс. от 1, выход 0 на 0; пороги ролей не достигнуты",False,3,0,1,0,5200.0,0.0,1,0,0.0,0.0,8,0,1,0,5200.0,0.0005168074362570573,0.0,9.897390083166396e-07,0.0,False,,,0.0,,1.0,1,False,0,1.44,log_in,False,,0.02,0.117,0.0,0.1253,0.0786,0.0,0.0
100000002184107100,peripheral,0.8,16,0.1413,"Вход 6 тыс. от 1, выход 0 на 0; пороги ролей не достигнуты",False,3,0,1,0,6066.0,0.0,1,0,0.0,0.0,7,0,1,0,27.93039779982075,0.0002901959794883712,0.0,2.3749511394193016e-243,0.0,False,,,0.0,,1.0,1,False,0,1.34,log_in,False,,0.02,0.0237,0.0,0.0799,0.0177,0.0,0.0
100000008663723100,peripheral,0.8,9,0.0599,"Вход 16 тыс. от 1, выход 0 на 0; пороги ролей не достигнуты",False,3,1,1,0,15600.0,0.0,1,0,0.0,0.0,1,0,0,0,11.426707507078401,0.00028800410757254345,0.0,3.0588951023382876e-10,0.0,False,,,0.0,,1.0,0,False,0,0.74,log_in,False,,0.02,0.0128,0.0,0.0192,0.0078,0.0,0.0
100000000254336100,peripheral,0.359,11,0.2174,"Вход 97 тыс. от 2, выход 60 тыс. на 1; пороги ролей не достигнуты [сквозной пропуск ≤2дн]",False,3,0,2,1,97177.0,60000.0,2,1,0.6174300503205491,0.5,7,0,2,0,258.74227907028785,0.0002919351427687482,0.0,0.004037719928774491,1.922024458454748e-05,False,,,1.0,0.0,1.0,0,False,0,2.0,log_out,False,,0.009,0.0603,0.0,0.0799,0.0228,0.0287,0.0167
100000008750464100,peripheral,0.8,9,0.052,"Вход 8 тыс. от 1, выход 0 на 0; пороги ролей не достигнуты",False,3,1,1,0,8500.0,0.0,1,0,0.0,0.0,1,0,0,0,6.226090628856821,0.00028689595534034515,0.0,3.0588951023382876e-10,0.0,False,,,0.0,,1.0,1,False,0,1.13,log_in,False,,0.02,0.0081,0.0,0.0192,0.0047,0.0,0.0
100000001530709100,peripheral,0.476,11,0.1321,"Вход 54 тыс. от 1, выход 0 на 0; пороги ролей не достигнуты",False,3,0,1,0,53961.0,0.0,1,0,0.0,0.0,7,0,1,0,47.311297868159166,0.00028860837595943913,0.0,0.0029057815328092595,0.0,False,,,0.0,,1.0,0,False,0,0.05,log_in,False,,0.0119,0.0295,0.0,0.0799,0.0108,0.0,0.0
100000000656682100,transit,0.299,11,0.2277,"Пропуск 113%: получил 71 тыс., отдал 80 тыс.; 1→2 контрагента; в ≤2 дн ушло 0%",False,3,0,1,2,71000.0,80000.0,1,3,1.1267605633802817,2.0,7,0,1,0,62.250554078673495,0.0002895680118780556,0.0,0.0029057815328092595,3.844048916909496e-05,False,,,0.0,5.5,1.0,0,False,0,2.05,log_out,False,,0.0448,0.0332,0.0,0.0799,0.0153,0.0545,0.0
100000008755754100,peripheral,0.8,14,0.1063,"Вход 7 тыс. от 1, выход 0 на 0; пороги ролей не достигнуты",False,3,0,1,0,7000.0,0.0,1,0,0.0,0.0,1,0,0,0,73.67871891850598,0.0002958990020703291,0.0,0.0,0.0,False,,,0.0,,1.0,1,False,0,1.25,log_in,False,,0.02,0.0352,0.0,0.0192,0.0319,0.0,0.0
100000002691583100,terminal,0.94,25,0.3622,"Получил 285 тыс. от 1 плательщ.; исходящих нет, хотя колено 3 обходилось — деньги остались",False,3,0,1,0,285200.0,0.0,1,0,0.0,0.0,7,0,1,0,965.7486981145124,0.0003570895620191624,0.0,2.8321519604650354e-232,0.0,False,,observed,0.0,,1.0,0,False,0,1.12,log_in,False,,0.1292,0.0889,0.0,0.0799,0.0641,0.0,0.0
100000005241556100,terminal,0.861,2,0.4488,"Получил 100 тыс. от 1 плательщ.; исходящих нет, хотя колено 3 обходилось — деньги остались",False,3,0,1,0,100000.0,0.0,1,0,0.0,0.0,8,0,1,0,6363.734964459885,0.0005490718879795894,0.0,0.0,0.0,False,,observed,0.0,,1.0,0,False,0,0.45,log_in,False,,0.1184,0.1205,0.0,0.1253,0.0847,0.0,0.0
100000004713684100,peripheral,0.583,11,0.1267,"Вход 38 тыс. от 1, выход 0 на 0; пороги ролей не достигнуты",False,3,0,1,0,37500.0,0.0,1,0,0.0,0.0,7,0,1,0,32.87881377394727,0.00028768129298177927,0.0,0.0029057815328092595,0.0,False,,,0.0,,1.0,0,False,0,0.18,log_in,False,,0.0146,0.0251,0.0,0.0799,0.0071,0.0,0.0
100000006919124100,peripheral,0.687,11,0.123,"Вход 25 тыс. от 1, выход 0 на 0; пороги ролей не достигнуты",False,3,0,1,0,25000.0,0.0,1,0,0.0,0.0,7,0,1,0,21.919209182631512,0.0002869772933936165,0.0,0.0029057815328092595,0.0,False,,,0.0,,1.0,0,False,0,0.44,log_in,False,,0.0172,0.021,0.0,0.0799,0.0049,0.0,0.0
100000003006633100,peripheral,0.8,16,0.1549,"Вход 10 тыс. от 1, выход 0 на 0; пороги ролей не достигнуты",False,3,0,1,0,10000.0,0.0,1,0,0.0,0.0,7,0,1,0,46.04417705212784,0.0002931965366687916,0.0,2.3749511394193016e-243,0.0,False,,,0.0,,1.0,0,False,0,1.03,log_in,False,,0.02,0.0287,0.0,0.0799,0.0262,0.0,0.0
100000008306857100,terminal,0.878,14,0.2103,"Получил 125 тыс. от 1 плательщ.; исходящих нет, хотя колено 3 обходилось — деньги остались",False,3,0,1,0,125000.0,0.0,1,0,0.0,0.0,2,0,1,0,40.0930414970244,0.0002915232752351062,0.0,3.794136183730392e-07,0.0,False,,observed,0.0,,1.0,0,False,0,0.59,log_in,False,,0.1207,0.0278,0.0,0.0397,0.022,0.0,0.0
100000003671721100,peripheral,0.8,6,0.358,"Вход 5 тыс. от 1, выход 0 на 0; пороги ролей не достигнуты",False,3,0,1,0,5000.0,0.0,1,0,0.0,0.0,9,0,1,0,5000.0,0.000558742155523584,0.0,0.0,0.0,False,,,0.0,,1.0,1,False,0,1.47,log_in,False,,0.02,0.1158,0.0,0.1361,0.0861,0.0,0.0
100000002613929100,peripheral,0.649,6,0.3497,"Вход 29 тыс. от 1, выход 0 на 0; пороги ролей не достигнуты",False,3,0,1,0,28560.0,0.0,1,0,0.0,0.0,8,0,1,0,5000.0,0.0007809340979896417,0.0,0.0,0.0,False,,,0.0,,1.0,0,False,0,0.35,log_in,False,,0.0162,0.1158,0.0,0.1253,0.0925,0.0,0.0
100000008669310100,peripheral,0.46,11,0.1348,"Вход 60 тыс. от 1, выход 0 на 0; пороги ролей не достигнуты",False,3,0,1,0,59567.0,0.0,2,0,0.0,0.0,7,0,1,0,52.226461335272454,0.00028892410569473836,0.0,0.0029057815328092595,0.0,False,,,0.0,,1.0,0,False,0,0.12,log_in,False,,0.0115,0.0306,0.0,0.0799,0.0128,0.0,0.0
100000006573438100,peripheral,0.8,7,0.1963,"Вход 5 тыс. от 1, выход 0 на 0; пороги ролей не достигнуты",False,3,0,1,0,5000.0,0.0,1,0,0.0,0.0,7,0,1,0,258.43397678790063,0.000299086879906217,0.0,2.4284365594566553e-05,0.0,False,,,0.0,,1.0,1,False,0,1.47,log_in,False,,0.02,0.0601,0.0,0.0799,0.0363,0.0,0.0
100000006165886100,peripheral,0.232,1,0.2252,"Вход 184 тыс. от 2, выход 75 тыс. на 1; пороги ролей не достигнуты [сквозной пропуск ≤2дн]",False,3,0,2,1,184481.0,75000.0,2,1,0.4065459315593476,0.5,7,0,2,0,667.5679231347557,0.00029856163893927847,0.0009738286569358272,0.004037719928774491,6.92098645202041e-07,False,,,1.0,0.0,1.0,0,False,0,2.04,log_out,False,,0.0058,0.0813,0.0,0.0799,0.0355,0.006,0.0167
100000008491390100,peripheral,0.59,11,0.1261,"Вход 36 тыс. от 1, выход 0 на 0; пороги ролей не достигнуты",False,3,0,1,0,36000.0,0.0,1,0,0.0,0.0,7,0,1,0,31.563661222989378,0.00028759681303119975,0.0,0.0029057815328092595,0.0,False,,,0.0,,1.0,0,False,0,0.21,log_in,False,,0.0148,0.0246,0.0,0.0799,0.0068,0.0,0.0
100000005186131100,peripheral,0.8,11,0.1575,"Вход 10 тыс. от 1, выход 10 тыс. на 1; пороги ролей не достигнуты [сквозной пропуск ≤2дн]",False,3,0,1,1,10000.0,10000.0,1,1,1.0,1.0,7,0,1,0,8.767683673052606,0.00028613249388782113,0.0,0.0029057815328092595,1.922024458454748e-05,False,,,1.0,0.0,1.0,0,False,0,1.67,log_out,False,,0.02,0.0099,0.0,0.0799,0.0023,0.0287,0.0167
100000001550419100,peripheral,0.72,10,0.1542,"Вход 23 тыс. от 1, выход 0 на 0; пороги ролей не достигнуты",False,3,0,1,0,23000.0,0.0,1,0,0.0,0.0,7,0,1,0,61.851762939638846,0.0002920702819634094,0.0,2.4413789354590045e-05,0.0,False,,,0.0,,1.0,0,False,0,0.49,log_in,False,,0.018,0.0329,0.0,0.0799,0.0233,0.0,0.0
100000004979283100,peripheral,0.565,6,0.1983,"Вход 40 тыс. от 1, выход 0 на 0; пороги ролей не достигнуты",False,3,0,1,0,40132.0,0.0,1,0,0.0,0.0,7,0,1,0,311.144777071992,0.0003005217649950165,0.0,6.407022137400362e-07,0.0,False,,,0.0,,1.0,0,False,0,0.14,log_in,False,,0.0141,0.0655,0.0,0.0799,0.0387,0.0,0.0
100000002537811100,peripheral,0.488,4,0.481,"Вход 52 тыс. от 1, выход 15 тыс. на 1; пороги ролей не достигнуты",False,3,0,1,1,52000.0,15000.0,1,1,0.28846153846153844,1.0,11,0,1,0,52000.0,0.0012313777249476486,0.0,0.0,2.6353531234482626e-05,False,,,0.0,,1.0,0,False,0,1.75,log_out,False,,0.0122,0.1723,0.0,0.1488,0.0965,0.0511,0.0
100000002990675100,peripheral,0.49,7,0.1337,"Вход 51 тыс. от 1, выход 0 на 0; пороги ролей не достигнуты",False,3,0,1,0,51143.0,0.0,1,0,0.0,0.0,7,0,1,0,78.86877222178383,0.00028722679660696173,0.0,0.0029401739563140994,0.0,False,,,0.0,,1.0,0,False,0,0.02,log_in,False,,0.0122,0.036,0.0,0.0799,0.0055,0.0,0.0
100000008763688100,peripheral,0.735,9,0.0663,"Вход 21 тыс. от 1, выход 0 на 0; пороги ролей не достигнуты",False,3,1,1,0,21000.0,0.0,1,0,0.0,0.0,1,0,0,0,15.382106259528618,0.00028884692758013086,0.0,3.0588951023382876e-10,0.0,False,,,0.0,,1.0,0,False,0,0.55,log_in,False,,0.0184,0.0163,0.0,0.0192,0.0124,0.0,0.0
100000002809896100,peripheral,0.58,6,0.1951,"Вход 38 тыс. от 1, выход 0 на 0; пороги ролей не достигнуты",False,3,0,1,0,38000.0,0.0,1,0,0.0,0.0,7,0,1,0,294.6153077029726,0.0002997274196422279,0.0,6.407022137400362e-07,0.0,False,,,0.0,,1.0,0,False,0,0.17,log_in,False,,0.0145,0.063,0.0,0.0799,0.0377,0.0,0.0
100000008716072100,peripheral,0.8,9,0.0559,"Вход 12 тыс. от 1, выход 0 на 0; пороги ролей не достигнуты",False,3,1,1,0,12100.0,0.0,1,0,0.0,0.0,1,0,0,0,8.863023130490298,0.00028745783534540344,0.0,3.0588951023382876e-10,0.0,False,,,0.0,,1.0,0,False,0,0.9,log_in,False,,0.02,0.0103,0.0,0.0192,0.0063,0.0,0.0
100000001279272100,peripheral,0.172,1,0.3499,"Вход 250 тыс. от 1, выход 137 тыс. на 2; пороги ролей не достигнуты [сквозной пропуск ≤2дн; возвратный поток]",False,3,0,1,2,250000.0,136758.0,1,2,0.547032,2.0,7,0,1,0,1791.744190857311,0.0003077398575230603,9.775305635596992e-05,0.0011319383959652314,0.00029919545413681863,False,,,0.9505842437005514,3.0,1.0,0,False,11,2.15,log_out,False,,0.0043,0.0998,0.0,0.0799,0.0457,0.0868,0.0333
100000001714173100,terminal,0.98,2,0.5005,"Получил 639 тыс. от 1 плательщ.; исходящих нет, хотя колено 3 обходилось — деньги остались",False,3,0,1,0,638905.0,0.0,6,0,0.0,0.0,9,0,1,0,15561.304825847476,0.0005706777097822566,0.0,1.584727655852726e-08,0.0,False,,observed,0.0,,1.0,0,False,0,1.63,log_in,False,,0.1348,0.1429,0.0,0.1361,0.0868,0.0,0.0
100000008729597100,peripheral,0.393,1,0.2237,"Вход 83 тыс. от 1, выход 0 на 0; пороги ролей не достигнуты",False,3,0,1,0,83090.0,0.0,1,0,0.0,0.0,7,0,1,0,1123.113594427354,0.0003024747023657885,0.0,0.0016044117305492448,0.0,False,,,0.0,,1.0,0,False,0,0.33,log_in,False,,0.0098,0.0927,0.0,0.0799,0.0412,0.0,0.0
100000002255058100,terminal,0.969,17,0.3385,"Получил 492 тыс. от 1 плательщ.; исходящих нет, хотя колено 3 обходилось — деньги остались",False,3,0,1,0,491500.0,0.0,2,0,0.0,0.0,1,0,0,0,4422.557302388378,0.0004261286722180512,0.0,3.779950088199087e-06,0.0,False,,observed,0.0,,1.0,1,False,0,1.47,log_in,False,,0.1332,0.1134,0.0,0.0192,0.0726,0.0,0.0
100000006111442100,peripheral,0.446,2,0.2216,"Вход 64 тыс. от 1, выход 0 на 0; пороги ролей не достигнуты",False,3,0,1,0,64000.0,0.0,1,0,0.0,0.0,8,0,1,0,207.1545572643974,0.00029552622405626476,0.0,1.8496738193083065e-06,0.0,False,,,0.0,,1.0,0,False,0,0.16,log_in,False,,0.0112,0.0541,0.0,0.1253,0.0311,0.0,0.0
100000008686247100,peripheral,0.727,13,0.1884,"Вход 22 тыс. от 1, выход 5 тыс. на 1; пороги ролей не достигнуты [возвратный поток]",False,3,0,1,1,22000.0,5000.0,2,1,0.22727272727272727,1.0,1,0,0,0,726.2135922330096,0.0003136737677799251,0.0,2.063413074803692e-248,0.0,False,,,0.0,11.0,1.0,1,False,1,1.55,log_out,False,,0.0182,0.084,0.0,0.0192,0.0503,0.0,0.0167
100000001893287100,peripheral,0.781,18,0.2864,"Вход 18 тыс. от 1, выход 153 тыс. на 1; пороги ролей не достигнуты [возвратный поток]",False,3,0,1,1,18000.0,152700.0,3,14,8.483333333333333,1.0,1,0,0,0,15119.970290312142,0.0006184515295005462,1.2322305802932024e-05,1.23619985386e-313,0.0,False,,,0.37786509495743287,1.0,1.0,3,False,1,2.17,log_out,False,,0.0195,0.142,0.0,0.0192,0.089,0.0,0.0167
100000005172860100,peripheral,0.8,1,0.1393,"Вход 15 тыс. от 1, выход 0 на 0; пороги ролей не достигнуты",False,3,0,1,0,15209.2,0.0,1,0,0.0,0.0,7,0,1,0,16.218700260816465,0.00029179582395841264,0.0,0.0006428156575478821,0.0,False,,,0.0,,1.0,0,False,0,0.76,log_in,False,,0.02,0.0168,0.0,0.0799,0.0226,0.0,0.0
100000001788284100,peripheral,0.5,24,0.2741,"Вход 8 тыс. от 1, выход 297 тыс. на 5; пороги ролей не достигнуты [возвратный поток]",False,3,0,1,5,8000.0,296700.0,1,8,37.0875,5.0,7,0,1,0,266.40165287268974,0.000299382680596746,1.1084566836655277e-06,2.5006816366679155e-06,5.9444055416126226e-05,False,,,0.6501516683518705,0.0,1.0,1,False,1,2.29,log_out,False,,0.0125,0.0612,0.0,0.0799,0.0368,0.0669,0.0167
100000008755580100,peripheral,0.8,9,0.0608,"Вход 16 тыс. от 1, выход 0 на 0; пороги ролей не достигнуты",False,3,1,1,0,16000.0,0.0,1,0,0.0,0.0,1,0,0,0,11.719700007259899,0.0002880665386842166,0.0,3.0588951023382876e-10,0.0,False,,,0.0,,1.0,0,False,0,0.72,log_in,False,,0.02,0.0134,0.0,0.0192,0.0082,0.0,0.0
100000003896956100,peripheral,0.8,3,0.18,"Вход 10 тыс. от 1, выход 27 тыс. на 1; пороги ролей не достигнуты",False,3,0,1,1,10000.0,27000.0,1,2,2.7,1.0,7,0,1,0,104.3358528023306,0.0002885646095495065,0.0,5.2569834314297354e-05,1.922024458454748e-05,False,,,0.6666666666666666,2.0,1.0,0,False,0,1.85,log_out,False,,0.02,0.0407,0.0,0.0799,0.0106,0.0287,0.0
100000002475601100,terminal,0.925,15,0.2641,"Получил 232 тыс. от 1 плательщ.; исходящих нет, хотя колено 3 обходилось — деньги остались",False,3,0,1,0,232301.0,0.0,1,0,0.0,0.0,1,0,0,0,508.53837693282634,0.0003021143924659961,0.0,7.936044019065454e-05,0.0,False,,observed,0.0,,1.0,0,False,0,0.99,log_in,False,,0.1272,0.0769,0.0,0.0192,0.0407,0.0,0.0
100000008619857100,peripheral,0.647,4,0.1375,"Вход 29 тыс. от 1, выход 13 тыс. на 2; пороги ролей не достигнуты",False,3,0,1,2,29000.0,13000.0,1,2,0.4482758620689655,2.0,7,0,1,0,25.426282651852556,0.0002872025732618286,0.0004040542825894074,0.0029057815328092595,1.75823270987009e-06,False,,,0.6153846153846154,0.0,1.0,0,False,0,1.72,log_out,False,,0.0162,0.0224,0.0,0.0799,0.0053,0.0137,0.0
100000001373265100,peripheral,0.28,1,0.2677,"Вход 142 тыс. от 1, выход 5 тыс. на 1; пороги ролей не достигнуты",False,3,0,1,1,142482.0,5000.0,1,1,0.0350921519911287,1.0,7,0,1,0,1925.9052974027954,0.0003145585391783481,0.0,0.0016044117305492448,1.922024458454748e-05,False,,,0.0,,1.0,0,False,0,1.55,log_out,False,,0.007,0.1011,0.0,0.0799,0.051,0.0287,0.0
100000004185681100,peripheral,0.8,4,0.2651,"Вход 10 тыс. от 1, выход 0 на 0; пороги ролей не достигнуты",False,3,0,1,0,10000.0,0.0,1,0,0.0,0.0,7,0,1,0,707.4619746744088,0.0005352962052822021,0.0,0.0,0.0,False,,,0.0,,1.0,0,False,0,1.03,log_in,False,,0.02,0.083,0.0,0.0799,0.0821,0.0,0.0
100000003031633100,terminal,0.96,2,0.3836,"Получил 414 тыс. от 1 плательщ.; исходящих нет, хотя колено 3 обходилось — деньги остались",False,3,0,1,0,414000.0,0.0,2,0,0.0,0.0,8,0,1,0,482.7396322403136,0.00031462612731946766,0.0,1.966214550791006e-06,0.0,False,,observed,0.0,,1.0,0,False,0,1.36,log_in,False,,0.132,0.0753,0.0,0.1253,0.051,0.0,0.0
100000002632742100,terminal,0.926,2,0.3437,"Получил 236 тыс. от 2 плательщ.; исходящих нет, хотя колено 3 обходилось — деньги остались",False,3,0,2,0,235500.0,0.0,2,0,0.0,0.0,8,0,2,0,94.7992853589734,0.0003175643151957891,0.0,1.5515386140543263e-06,0.0,False,,observed,0.0,,1.0,0,False,0,1.63,in_deg,False,,0.1273,0.0385,0.0,0.1253,0.0526,0.0,0.0
100000005847078100,peripheral,0.8,9,0.0613,"Вход 16 тыс. от 1, выход 0 на 0; пороги ролей не достигнуты",False,3,1,1,0,16300.0,0.0,1,0,0.0,0.0,1,0,0,0,11.939444382396022,0.0002881133620179714,0.0,3.0588951023382876e-10,0.0,False,,,0.0,,1.0,0,False,0,0.71,log_in,False,,0.02,0.0136,0.0,0.0192,0.0085,0.0,0.0
100000002807334100,peripheral,0.474,7,0.1346,"Вход 55 тыс. от 1, выход 0 на 0; пороги ролей не достигнуты",False,3,0,1,0,54715.0,0.0,1,0,0.0,0.0,7,0,1,0,84.37723387589507,0.00028734256217675437,0.0,0.0029401739563140994,0.0,False,,,0.0,,1.0,0,False,0,0.06,log_in,False,,0.0118,0.0369,0.0,0.0799,0.0059,0.0,0.0
100000008748795100,peripheral,0.529,11,0.13,"Вход 47 тыс. от 1, выход 0 на 0; пороги ролей не достигнуты",False,3,0,1,0,47057.0,0.0,1,0,0.0,0.0,7,0,1,0,41.258089060283645,0.000288219542906905,0.0,0.0029057815328092595,0.0,False,,,0.0,,1.0,0,False,0,0.03,log_in,False,,0.0132,0.028,0.0,0.0799,0.0088,0.0,0.0
100000003899899100,peripheral,0.197,3,0.3423,"Вход 218 тыс. от 2, выход 10 тыс. на 1; пороги ролей не достигнуты [сквозной пропуск ≤2дн]",False,3,0,2,1,218500.0,10000.0,5,1,0.04576659038901602,0.5,7,0,2,0,4742.064509865926,0.0006539846029635868,0.0,5.299014850002014e-05,1.9418391435934565e-05,False,,,1.0,1.0,1.0,3,False,0,1.67,log_out,False,,0.0049,0.1145,0.0,0.0799,0.0901,0.0361,0.0167
100000002308091100,terminal,0.908,14,0.3319,"Получил 187 тыс. от 1 плательщ.; исходящих нет, хотя колено 3 обходилось — деньги остались",False,3,0,1,0,186720.0,0.0,1,0,0.0,0.0,1,0,0,0,1965.3271994947768,0.0005611068728343333,0.0,0.0,0.0,False,,observed,0.0,,1.0,0,False,0,0.85,log_in,False,,0.1249,0.1015,0.0,0.0192,0.0863,0.0,0.0
100000008680912100,peripheral,0.54,4,0.3458,"Вход 45 тыс. от 1, выход 6 тыс. на 1; пороги ролей не достигнуты [сквозной пропуск ≤2дн; возвратный поток]",False,3,0,1,1,45112.0,5990.85,2,1,0.13279947685759888,1.0,7,0,1,0,12654.290783831419,0.0005351757124790597,0.00010197759638234088,2.350941696846872e-06,0.0,False,,,1.0,1.0,1.0,1,False,1,1.58,log_out,False,,0.0135,0.137,0.0,0.0799,0.082,0.0,0.0333
100000008742053100,distributor,0.692,2,0.3738,Рассылает на 12 получателей 2.8 млн (веер 12:1); плательщиков 1 [аномалия для колена],False,3,0,1,12,10000.0,2789000.0,1,12,278.9,12.0,8,0,1,0,11.660377590345739,0.0002862711500893241,1.1371414733383668e-05,1.966214550791006e-06,0.00012107303358925224,False,,,0.0,7.0,1.0,0,False,0,4.29,out_deg,True,,0.1384,0.0131,0.0,0.1253,0.0027,0.0776,0.0167
100000008473765100,peripheral,0.634,1,0.1892,"Вход 30 тыс. от 1, выход 0 на 0; пороги ролей не достигнуты",False,3,0,1,0,30000.0,0.0,1,0,0.0,0.0,7,0,1,0,405.50496850187295,0.0002916730641589798,0.0,0.0016044117305492448,0.0,False,,,0.0,,1.0,0,False,0,0.32,log_in,False,,0.0158,0.0711,0.0,0.0799,0.0223,0.0,0.0
100000007472293100,peripheral,0.7,2,0.242,"Вход 5 тыс. от 1, выход 346 тыс. на 3; пороги ролей не достигнуты",False,3,0,1,3,5000.0,345900.0,1,3,69.18,3.0,9,0,1,0,26.356579252557093,0.00028633291495751956,7.694746733690466e-298,3.5591269374705266e-07,4.8034099223753116e-05,False,,,0.0,4.0,1.0,1,False,0,2.31,log_out,False,,0.0175,0.0228,0.0,0.1361,0.0028,0.0628,0.0
100000008753061100,peripheral,0.65,9,0.0729,"Вход 28 тыс. от 1, выход 0 на 0; пороги ролей не достигнуты",False,3,1,1,0,28400.0,0.0,2,0,0.0,0.0,1,0,0,0,20.80246751288632,0.000290001903146084,0.0,3.0588951023382876e-10,0.0,False,,,0.0,,1.0,0,False,0,0.36,log_in,False,,0.0162,0.0203,0.0,0.0192,0.0171,0.0,0.0
100000008501413100,peripheral,0.8,12,0.3401,"Вход 5 тыс. от 1, выход 5 тыс. на 1; пороги ролей не достигнуты [сквозной пропуск ≤2дн]",False,3,0,1,1,5000.0,5100.0,1,1,1.02,1.0,8,0,1,0,339.4644483571887,0.0003666452836068578,0.0,9.977809130351899e-07,2.1201713098418353e-05,False,,,1.0,2.0,1.0,1,False,0,1.55,log_out,False,,0.02,0.0675,0.0,0.1253,0.066,0.0447,0.0167
100000002748581100,peripheral,0.56,10,0.1695,"Вход 41 тыс. от 1, выход 0 на 0; пороги ролей не достигнуты",False,3,0,1,0,41180.0,0.0,1,0,0.0,0.0,7,0,1,0,110.74154773279685,0.0002972088887992543,0.0,2.4413789354590045e-05,0.0,False,,,0.0,,1.0,0,False,0,0.12,log_in,False,,0.014,0.0416,0.0,0.0799,0.034,0.0,0.0
100000001384826100,peripheral,0.117,7,0.2242,"Вход 364 тыс. от 1, выход 10 тыс. на 1; пороги ролей не достигнуты",False,3,0,1,1,364260.0,10000.0,1,1,0.027452918245209467,1.0,7,0,1,0,561.7335504273699,0.0002973746599655164,0.0,0.0029401739563140994,1.922024458454748e-05,False,,,0.0,12.0,1.0,0,False,0,1.67,log_out,False,,0.0029,0.0784,0.0,0.0799,0.0342,0.0287,0.0
100000004099450100,peripheral,0.621,8,0.2017,"Вход 31 тыс. от 1, выход 0 на 0; пороги ролей не достигнуты",False,3,0,1,0,31000.0,0.0,1,0,0.0,0.0,7,0,1,0,457.78204945170063,0.00029616586394753193,0.0,0.00016105425266535616,0.0,False,,,0.0,,1.0,0,False,0,0.3,log_in,False,,0.0155,0.074,0.0,0.0799,0.0323,0.0,0.0
100000002926970100,peripheral,0.389,6,0.2226,"Вход 85 тыс. от 1, выход 0 на 0; пороги ролей не достигнуты",False,3,0,1,0,85000.0,0.0,1,0,0.0,0.0,7,0,1,0,659.0079251250703,0.0003172387852993868,0.0,6.407022137400362e-07,0.0,False,,,0.0,,1.0,0,False,0,0.34,log_in,False,,0.0097,0.0806,0.0,0.0799,0.0524,0.0,0.0
100000002753146100,terminal,0.986,14,0.2911,"Получил 804 тыс. от 1 плательщ.; исходящих нет, хотя колено 3 обходилось — деньги остались",False,3,0,1,0,803540.0,0.0,3,0,0.0,0.0,2,0,1,0,257.7309005161519,0.00032384338947373374,0.0,3.794136183730392e-07,0.0,False,,observed,0.0,,1.0,0,False,0,1.78,log_in,False,,0.1356,0.06,0.0,0.0397,0.0558,0.0,0.0
100000003943247100,peripheral,0.569,11,0.1273,"Вход 40 тыс. от 1, выход 0 на 0; пороги ролей не достигнуты",False,3,0,1,0,40000.0,0.0,1,0,0.0,0.0,7,0,1,0,35.07073469221042,0.0002878220928994118,0.0,0.0029057815328092595,0.0,False,,,0.0,,1.0,0,False,0,0.14,log_in,False,,0.0142,0.0257,0.0,0.0799,0.0074,0.0,0.0
100000002872399100,terminal,0.991,6,0.4387,"Получил 1.1 млн от 1 плательщ.; исходящих нет, хотя колено 3 обходилось — деньги остались",False,3,0,1,0,1090000.0,0.0,9,0,0.0,0.0,1,0,0,0,211293.0181565904,0.0007057669186571367,0.0,3.499089220843684e-08,0.0,False,,observed,0.0,,1.0,0,False,0,1.98,log_in,False,,0.1363,0.192,0.0,0.0192,0.0911,0.0,0.0
100000008417359100,peripheral,0.562,16,0.1918,"Вход 41 тыс. от 1, выход 111 тыс. на 2; пороги ролей не достигнуты [сквозной пропуск ≤2дн; возвратный поток]",False,3,0,1,2,40810.0,110760.0,2,3,2.714040676304827,2.0,7,0,1,0,108.19590875615255,0.0002919927493261819,0.0002451269783946278,0.000233344615948652,0.0,False,,,0.8125677139761647,1.0,1.0,0,False,1,2.11,log_out,False,,0.0141,0.0413,0.0,0.0799,0.0231,0.0,0.0333
100000002614095100,peripheral,0.8,9,0.0487,"Вход 5 тыс. от 1, выход 0 на 0; пороги ролей не достигнуты",False,3,1,1,0,5300.0,0.0,1,0,0.0,0.0,1,0,0,0,3.8821506274048416,0.00028639650644696,0.0,3.0588951023382876e-10,0.0,False,,,0.0,,1.0,1,False,0,1.43,log_in,False,,0.02,0.0063,0.0,0.0192,0.0031,0.0,0.0
100000004717647100,peripheral,0.143,4,0.3791,"Вход 300 тыс. от 1, выход 2.2 млн на 5; пороги ролей не достигнуты [возвратный поток]",False,3,0,1,5,300000.0,2240000.0,2,10,7.466666666666667,5.0,7,0,1,0,4185.24593659646,0.0010233609552644499,4.110933088125036e-05,0.0,7.767356574373826e-05,False,,,0.020982142857142855,0.0,1.0,0,False,1,2.65,log_out,False,,0.0036,0.1125,0.0,0.0799,0.0952,0.0711,0.0167
100000008537380100,peripheral,0.8,9,0.0515,"Вход 8 тыс. от 1, выход 0 на 0; пороги ролей не достигнуты",False,3,1,1,0,8000.0,0.0,1,0,0.0,0.0,1,0,0,0,5.8598500036299495,0.00028681791645075375,0.0,3.0588951023382876e-10,0.0,False,,,0.0,,1.0,1,False,0,1.17,log_in,False,,0.02,0.008,0.0,0.0192,0.0043,0.0,0.0
100000001534244100,peripheral,0.117,2,0.291,"Вход 366 тыс. от 2, выход 45 тыс. на 1; пороги ролей не достигнуты",False,3,0,2,1,366000.0,45000.0,2,1,0.12295081967213115,0.5,8,0,2,0,222.4613847987316,0.00034150708804052437,0.0,1.997121524751707e-06,2.159800680119253e-05,False,,,0.0,,2.0,0,False,0,1.94,log_out,False,,0.0029,0.0558,0.0,0.1253,0.0609,0.0462,0.0
100000008767950100,peripheral,0.795,9,0.0632,"Вход 17 тыс. от 1, выход 0 на 0; пороги ролей не достигнуты",False,3,1,1,0,17350.0,0.0,1,0,0.0,0.0,1,0,0,0,12.708549695372453,0.0002882772436861134,0.0,3.0588951023382876e-10,0.0,False,,,0.0,,1.0,0,False,0,0.67,log_in,False,,0.0199,0.0147,0.0,0.0192,0.0094,0.0,0.0
100000004613582100,peripheral,0.8,28,0.2435,"Вход 5 тыс. от 1, выход 10 тыс. на 1; пороги ролей не достигнуты",False,3,0,1,1,5000.0,9500.0,1,1,1.9,1.0,1,0,0,0,5000.0,0.0005534434661680617,1.0593952876384151e-241,0.0,3.962937027741748e-07,False,,,0.0,15.0,1.0,1,False,0,1.66,log_out,False,,0.02,0.1158,0.0,0.0192,0.0854,0.0031,0.0
100000008121806100,peripheral,0.435,15,0.2943,"Вход 67 тыс. от 1, выход 249 тыс. на 4; пороги ролей не достигнуты [возвратный поток]",False,3,0,1,4,67000.0,248509.0,1,6,3.709089552238806,4.0,7,0,1,0,222.613977525289,0.0003003687971376974,9.235979763622405e-05,0.0001302803722324665,0.0007808641134044801,False,,,0.34203992611937595,7.5,1.0,0,False,12,2.25,log_out,False,,0.0109,0.0558,0.0,0.0799,0.0386,0.0923,0.0167
100000002369443100,peripheral,0.505,9,0.0848,"Вход 50 тыс. от 1, выход 0 на 0; пороги ролей не достигнуты",False,3,1,1,0,50000.0,0.0,1,0,0.0,0.0,1,0,0,0,36.62406252268718,0.00029337318317643364,0.0,3.0588951023382876e-10,0.0,False,,,0.0,,1.0,0,False,0,0.0,log_in,False,,0.0126,0.0263,0.0,0.0192,0.0266,0.0,0.0
100000008655779100,peripheral,0.531,22,0.3229,"Вход 47 тыс. от 1, выход 25 тыс. на 2; пороги ролей не достигнуты",False,3,0,1,2,47000.0,24704.0,1,2,0.5256170212765957,2.0,7,0,1,0,1127.5542797662788,0.00039705232861292827,6.3108052880698915e-257,2.91876993847384e-271,5.920977464216475e-05,False,,,0.0,19.5,1.0,0,False,0,1.84,log_out,False,,0.0133,0.0928,0.0,0.0799,0.0702,0.0666,0.0
100000008561016100,transit,0.883,2,0.4191,"Пропуск 103%: получил 180 тыс., отдал 185 тыс.; 1→1 контрагента; в ≤2 дн ушло 100% [сквозной пропуск ≤2дн]",False,3,0,1,1,180000.0,185000.0,2,4,1.0277777777777777,1.0,9,0,1,0,227.11747374291963,0.0002948428406003132,0.0,3.220733583683774e-06,2.2390594206740877e-05,False,,,1.0,0.0,1.0,0,False,0,2.2,log_out,False,,0.1324,0.0562,0.0,0.1361,0.0299,0.0477,0.0167
100000002727288100,peripheral,0.8,3,0.2297,"Вход 16 тыс. от 1, выход 0 на 0; пороги ролей не достигнуты",False,3,0,1,0,16000.0,0.0,1,0,0.0,0.0,7,0,1,0,299.19143083407744,0.00036616923373624543,0.0,4.9968235834670635e-298,0.0,False,,,0.0,,1.0,0,False,0,0.72,log_in,False,,0.02,0.0639,0.0,0.0799,0.0658,0.0,0.0
100000001270349100,terminal,0.915,2,0.3186,"Получил 200 тыс. от 1 плательщ.; исходящих нет, хотя колено 3 обходилось — деньги остались",False,3,0,1,0,200000.0,0.0,1,0,0.0,0.0,1,0,0,0,3511.1242290613563,0.00035530033832396505,0.0,4.7270720423518116e-07,0.0,False,,observed,0.0,,1.0,0,False,0,0.89,log_in,False,,0.1258,0.1101,0.0,0.0192,0.0635,0.0,0.0
100000004722765100,peripheral,0.189,4,0.3628,"Вход 230 тыс. от 1, выход 2.3 млн на 3; пороги ролей не достигнуты",False,3,0,1,3,230000.0,2284500.0,1,9,9.932608695652174,3.0,7,0,1,0,7979.506153694743,0.0005815882668655411,1.57847465707e-313,0.0,5.8255174307803695e-05,False,,,0.07660319544758153,9.0,1.0,0,False,0,2.66,log_out,False,,0.0047,0.125,0.0,0.0799,0.0874,0.0657,0.0
100000001677389100,peripheral,0.8,16,0.178,"Вход 11 тыс. от 1, выход 5 тыс. на 1; пороги ролей не достигнуты",False,3,0,1,1,11000.0,5400.0,1,1,0.4909090909090909,1.0,7,0,1,0,93.87513683992152,0.00028863096954467773,0.0,1.8692187265548473e-05,1.922024458454748e-05,False,,,0.0,,1.0,0,False,0,1.56,log_out,False,,0.02,0.0384,0.0,0.0799,0.0109,0.0287,0.0
100000005857058100,terminal,0.84,3,0.3828,"Получил 80 тыс. от 3 плательщ.; исходящих нет, хотя колено 3 обходилось — деньги остались",False,3,0,3,0,80222.0,0.0,3,0,0.0,0.0,7,0,3,0,5675.452964040446,0.0003899337552291797,0.0,0.001797590832820115,0.0,False,,observed,0.0,,1.0,1,False,0,3.26,in_deg,False,,0.1155,0.1184,0.0,0.0799,0.069,0.0,0.0
100000008760098100,peripheral,0.8,2,0.2068,"Вход 7 тыс. от 1, выход 390 тыс. на 1; пороги ролей не достигнуты",False,3,0,1,1,7000.0,390000.0,1,1,55.714285714285715,1.0,9,0,1,0,36.89921095357993,0.00028663836325361103,5.714558292762825e-07,3.5591269374705266e-07,7.299981620149681e-06,False,,,0.0,4.0,1.0,1,False,0,2.34,log_out,False,,0.02,0.0266,0.0,0.1361,0.0038,0.0203,0.0
100000002838519100,peripheral,0.533,10,0.1728,"Вход 47 тыс. от 1, выход 0 на 0; пороги ролей не достигнуты",False,3,0,1,0,46900.0,0.0,1,0,0.0,0.0,7,0,1,0,126.1238122551766,0.0002988256561865499,0.0,2.4413789354590045e-05,0.0,False,,,0.0,,1.0,0,False,0,0.04,log_in,False,,0.0133,0.0437,0.0,0.0799,0.0358,0.0,0.0
100000002597623100,peripheral,0.8,11,0.1192,"Вход 16 тыс. от 1, выход 0 на 0; пороги ролей не достигнуты",False,3,0,1,0,16418.0,0.0,1,0,0.0,0.0,7,0,1,0,14.394783054417767,0.0002864939554363674,0.0,0.0029057815328092595,0.0,False,,,0.0,,1.0,0,False,0,0.71,log_in,False,,0.02,0.0158,0.0,0.0799,0.0035,0.0,0.0
100000003635660100,peripheral,0.773,1,0.1851,"Вход 19 тыс. от 1, выход 0 на 0; пороги ролей не достигнуты",False,3,0,1,0,18985.0,0.0,1,0,0.0,0.0,7,0,1,0,333.9224255567498,0.0002905219400417891,0.0,0.001137907385155322,0.0,False,,,0.0,,1.0,0,False,0,0.62,log_in,False,,0.0193,0.0671,0.0,0.0799,0.0188,0.0,0.0
100000008676812100,terminal,0.925,19,0.3896,"Получил 231 тыс. от 1 плательщ.; исходящих нет, хотя колено 3 обходилось — деньги остались",False,3,0,1,0,230800.0,0.0,1,0,0.0,0.0,7,0,1,0,2750.915381368984,0.00047313415798956024,0.0,0.0,0.0,False,,observed,0.0,,1.0,0,False,0,0.98,log_in,False,,0.1272,0.1068,0.0,0.0799,0.0757,0.0,0.0
100000003213473100,distributor,0.615,8,0.3536,Рассылает на 11 получателей 240 тыс. (веер 11:1); плательщиков 1 [возвратный поток; аномалия для колена],False,3,0,1,11,57500.0,240000.0,2,12,4.173913043478261,11.0,7,0,1,0,50.41418112005248,0.00028880769232283976,0.0016894765484249702,0.0029057815328092595,0.00010972673620999486,False,,,0.1875,2.0,1.0,1,False,34,3.94,out_deg,True,,0.123,0.0298,0.0,0.0799,0.0119,0.0756,0.0333
100000003071649100,terminal,0.909,2,0.3495,"Получил 190 тыс. от 1 плательщ.; исходящих нет, хотя колено 3 обходилось — деньги остались",False,3,0,1,0,189500.0,0.0,1,0,0.0,0.0,9,0,1,0,239.10422930157372,0.00029533227777052824,0.0,3.220733583683774e-06,0.0,False,,observed,0.0,,1.0,0,False,0,0.86,log_in,False,,0.125,0.0577,0.0,0.1361,0.0307,0.0,0.0
100000002433697100,transit,0.556,7,0.2787,"Пропуск 85%: получил 130 тыс., отдал 110 тыс.; 1→1 контрагента; в ≤2 дн ушло 100% [сквозной пропуск ≤2дн]",False,3,0,1,1,130000.0,110000.0,1,1,0.8461538461538461,1.0,7,0,1,0,200.47592806115983,0.0002897824868469217,0.0,0.0029401739563140994,1.922024458454748e-05,False,,,1.0,0.0,1.0,0,False,0,2.11,log_out,False,,0.0834,0.0536,0.0,0.0799,0.0164,0.0287,0.0167
100000008612257100,peripheral,0.8,7,0.1336,"Вход 10 тыс. от 1, выход 0 на 0; пороги ролей не достигнуты",False,3,0,1,0,9500.0,0.0,1,0,0.0,0.0,7,0,1,0,36.09187365779095,0.00028786387694202796,0.0,0.0004659017954226318,0.0,False,,,0.0,,1.0,1,False,0,1.06,log_in,False,,0.02,0.0261,0.0,0.0799,0.0075,0.0,0.0
100000002736033100,peripheral,0.602,16,0.2176,"Вход 35 тыс. от 1, выход 11 тыс. на 1; пороги ролей не достигнуты",False,3,0,1,1,34530.0,11000.0,1,1,0.3185635679119606,1.0,7,0,1,0,294.68258864386274,0.0002951801714040789,0.0,1.8692187265548473e-05,1.922024458454748e-05,False,,,0.0,20.0,1.0,0,False,0,1.69,log_out,False,,0.015,0.0634,0.0,0.0799,0.0305,0.0287,0.0
100000008687990100,peripheral,0.788,9,0.0634,"Вход 18 тыс. от 1, выход 0 на 0; пороги ролей не достигнуты",False,3,1,1,0,17600.0,0.0,1,0,0.0,0.0,1,0,0,0,12.891670007985889,0.00028831626313090915,0.0,3.0588951023382876e-10,0.0,False,,,0.0,,1.0,0,False,0,0.66,log_in,False,,0.0197,0.015,0.0,0.0192,0.0095,0.0,0.0
100000008776310100,peripheral,0.77,9,0.0649,"Вход 19 тыс. от 1, выход 0 на 0; пороги ролей не достигнуты",False,3,1,1,0,19200.0,0.0,1,0,0.0,0.0,1,0,0,0,14.063640008711879,0.00028856598757760174,0.0,3.0588951023382876e-10,0.0,False,,,0.0,,1.0,0,False,0,0.61,log_in,False,,0.0193,0.0157,0.0,0.0192,0.0107,0.0,0.0
100000007267915100,peripheral,0.6,16,0.1748,"Вход 21 тыс. от 2, выход 10 тыс. на 1; пороги ролей не достигнуты [сквозной пропуск ≤2дн]",False,3,0,2,1,21000.0,10000.0,3,1,0.47619047619047616,0.5,7,0,2,0,39.827060893175634,0.00029139460697907583,0.00012843542843703006,0.0008761602734965341,1.6729898929614312e-06,False,,,1.0,2.0,1.0,2,False,0,1.67,log_out,False,,0.015,0.0277,0.0,0.0799,0.0219,0.0135,0.0167
100000004217419100,peripheral,0.313,1,0.3409,"Вход 118 тыс. от 2, выход 8 тыс. на 1; пороги ролей не достигнуты [сквозной пропуск ≤2дн]",False,3,0,2,1,118200.0,7700.0,3,1,0.06514382402707276,0.5,7,0,2,0,4194.555396121589,0.0005841829530235464,0.0,0.001617239562686933,1.9418391435934565e-05,False,,,1.0,0.0,1.0,1,False,0,1.63,in_deg,False,,0.0078,0.1128,0.0,0.0799,0.0875,0.0361,0.0167
100000002773323100,peripheral,0.151,2,0.271,"Вход 285 тыс. от 2, выход 1.2 млн на 1; пороги ролей не достигнуты",False,3,0,2,1,285000.0,1171644.0,2,2,4.111031578947369,0.5,8,0,2,0,102.96609045844522,0.00032549778860022544,0.0,7.528982554661002e-07,2.139985994980544e-05,False,,,0.0,15.5,2.0,0,False,0,2.54,log_out,False,,0.0038,0.0404,0.0,0.1253,0.0562,0.0453,0.0
100000002528544100,terminal,0.911,15,0.2534,"Получил 193 тыс. от 1 плательщ.; исходящих нет, хотя колено 3 обходилось — деньги остались",False,3,0,1,0,192912.0,0.0,1,0,0.0,0.0,1,0,0,0,422.31051683318367,0.0002993090025842554,0.0,7.936044019065454e-05,0.0,False,,observed,0.0,,1.0,0,False,0,0.87,log_in,False,,0.1253,0.0722,0.0,0.0192,0.0367,0.0,0.0
100000003760160100,terminal,0.866,7,0.2616,"Получил 104 тыс. от 1 плательщ.; исходящих нет, хотя колено 3 обходилось — деньги остались",False,3,0,1,0,104470.0,0.0,1,0,0.0,0.0,7,0,1,0,161.10554003499513,0.00028895508063281035,0.0,0.0029401739563140994,0.0,False,,observed,0.0,,1.0,0,False,0,0.48,log_in,False,,0.1191,0.0497,0.0,0.0799,0.0129,0.0,0.0
100000000640800100,peripheral,0.401,15,0.2741,"Вход 80 тыс. от 1, выход 518 тыс. на 4; пороги ролей не достигнуты",False,3,0,1,4,80000.0,518135.0,1,6,6.4766875,4.0,7,0,1,0,265.807734358554,0.00030324034248046286,1.7055499079683865e-07,0.0001302803722324665,0.000145174954828096,False,,,0.031096142897121405,13.0,1.0,0,False,0,2.39,log_out,False,,0.01,0.0611,0.0,0.0799,0.0422,0.0808,0.0
100000008238112100,terminal,0.91,7,0.2904,"Получил 190 тыс. от 1 плательщ.; исходящих нет, хотя колено 3 обходилось — деньги остались",False,3,0,1,0,190000.0,0.0,1,0,0.0,0.0,7,0,1,0,293.00327947400285,0.0002917270372913667,0.0,0.0029401739563140994,0.0,False,,observed,0.0,,1.0,0,False,0,0.86,log_in,False,,0.1251,0.0628,0.0,0.0799,0.0225,0.0,0.0
100000008751349100,peripheral,0.8,25,0.1379,"Вход 12 тыс. от 1, выход 0 на 0; пороги ролей не достигнуты",False,3,0,1,0,11630.0,0.0,1,0,0.0,0.0,7,0,1,0,39.38168779478183,0.00028848577638606985,0.0,2.8321519604650354e-232,0.0,False,,,0.0,,1.0,0,False,0,0.93,log_in,False,,0.02,0.0277,0.0,0.0799,0.0103,0.0,0.0
100000002963189100,peripheral,0.078,10,0.3386,"Вход 490 тыс. от 1, выход 5.2 млн на 7; пороги ролей не достигнуты [возвратный поток]",False,3,0,1,7,490000.0,5219000.0,3,15,10.651020408163266,7.0,7,0,1,0,1317.7114713227406,0.00042406859837372784,3.1769063887438765e-06,2.4413789354590045e-05,8.540784150822377e-05,False,,,0.0,4.0,1.0,0,False,1,2.81,log_out,False,,0.002,0.0953,0.0,0.0799,0.0723,0.0725,0.0167
100000008548853100,peripheral,0.8,9,0.0584,"Вход 14 тыс. от 1, выход 0 на 0; пороги ролей не достигнуты",False,3,1,1,0,14000.0,0.0,1,0,0.0,0.0,1,0,0,0,10.254737506352411,0.00028775438312585085,0.0,3.0588951023382876e-10,0.0,False,,,0.0,,1.0,0,False,0,0.81,log_in,False,,0.02,0.0119,0.0,0.0192,0.0072,0.0,0.0
100000003164661100,terminal,0.978,26,0.3875,"Получил 596 тыс. от 1 плательщ.; исходящих нет, хотя колено 3 обходилось — деньги остались",False,3,3,1,0,596200.0,0.0,3,0,0.0,0.0,1,0,0,0,17645.833333333332,0.0006007384807220605,0.0,0.0,0.0,False,,observed,0.0,,1.0,0,False,0,1.59,log_in,False,,0.1345,0.1456,0.0,0.0192,0.0883,0.0,0.0
100000000791285100,peripheral,0.05,25,0.3687,"Вход 1.1 млн от 1, выход 650 тыс. на 3; пороги ролей не достигнуты [сквозной пропуск ≤2дн; возвратный поток]",False,3,0,1,3,1120000.0,650000.0,2,3,0.5803571428571429,3.0,7,0,1,0,3792.5615073220683,0.0005664343010128592,2.1645154003328663e-06,2.8321519604650354e-232,3.883678287186913e-05,False,,,0.9538461538461539,0.0,1.0,0,False,1,2.43,log_out,False,,0.0013,0.1108,0.0,0.0799,0.0865,0.0568,0.0333
100000003192309100,peripheral,0.796,9,0.074,"Вход 17 тыс. от 1, выход 213 тыс. на 1; пороги ролей не достигнуты",False,3,1,1,1,17200.0,213000.0,1,1,12.383720930232558,1.0,1,0,0,0,12.59867750780439,0.000288253832019236,0.0,3.0588951023382876e-10,1.387027959709612e-06,False,,,0.0,16.0,1.0,0,False,0,2.23,log_out,False,,0.0199,0.0143,0.0,0.0192,0.0091,0.0115,0.0
100000002891765100,peripheral,0.468,10,0.1792,"Вход 56 тыс. от 1, выход 0 на 0; пороги ролей не достигнуты",False,3,0,1,0,55576.0,0.0,1,0,0.0,0.0,7,0,1,0,149.4553729188421,0.0003012779418250422,0.0,2.4413789354590045e-05,0.0,False,,,0.0,,1.0,0,False,0,0.07,log_in,False,,0.0117,0.0477,0.0,0.0799,0.0399,0.0,0.0
100000001740277100,peripheral,0.8,6,0.2501,"Вход 9 тыс. от 1, выход 5 тыс. на 1; пороги ролей не достигнуты [сквозной пропуск ≤2дн; возвратный поток]",False,3,0,1,1,8700.0,5000.0,1,1,0.5747126436781609,1.0,1,0,0,0,3819.2773560011246,0.0003696934153229427,8.203488390521243e-303,0.0,0.0,False,,,1.0,2.0,1.0,1,False,1,1.55,log_out,False,,0.02,0.1111,0.0,0.0192,0.0665,0.0,0.0333
100000002232266100,peripheral,0.544,1,0.2025,"Вход 45 тыс. от 1, выход 0 на 0; пороги ролей не достигнуты",False,3,0,1,0,45000.0,0.0,1,0,0.0,0.0,7,0,1,0,608.2574527528094,0.0002947249491298242,0.0,0.0016044117305492448,0.0,False,,,0.0,,1.0,0,False,0,0.06,log_in,False,,0.0136,0.0793,0.0,0.0799,0.0296,0.0,0.0
100000006701983100,peripheral,0.658,9,0.0719,"Вход 27 тыс. от 1, выход 0 на 0; пороги ролей не достигнуты",False,3,1,1,0,27000.0,0.0,1,0,0.0,0.0,1,0,0,0,19.77699376225108,0.000289783394255228,0.0,3.0588951023382876e-10,0.0,False,,,0.0,,1.0,0,False,0,0.39,log_in,False,,0.0165,0.0198,0.0,0.0192,0.0164,0.0,0.0
100000002871199100,peripheral,0.718,10,0.1547,"Вход 23 тыс. от 1, выход 0 на 0; пороги ролей не достигнуты",False,3,0,1,0,23186.0,0.0,1,0,0.0,0.0,7,0,1,0,62.35195545732462,0.00029212285516866057,0.0,2.4413789354590045e-05,0.0,False,,,0.0,,1.0,0,False,0,0.49,log_in,False,,0.018,0.0333,0.0,0.0799,0.0235,0.0,0.0
100000002757791100,peripheral,0.419,2,0.1728,"Вход 73 тыс. от 1, выход 0 на 0; пороги ролей не достигнуты",False,3,0,1,0,73050.0,0.0,1,0,0.0,0.0,1,0,0,0,1282.4381246646603,0.0003110385580772536,0.0,4.7270720423518116e-07,0.0,False,,,0.0,,1.0,0,False,0,0.25,log_in,False,,0.0105,0.095,0.0,0.0192,0.048,0.0,0.0
100000000572276100,peripheral,0.8,9,0.0692,"Вход 13 тыс. от 1, выход 35 тыс. на 1; пороги ролей не достигнуты",False,3,1,1,1,13075.0,34547.0,1,1,2.6422179732313578,1.0,1,0,0,0,9.577192349682699,0.00028761001118010675,0.0,3.0588951023382876e-10,1.387027959709612e-06,False,,,0.0,13.0,1.0,0,False,0,1.9,log_out,False,,0.02,0.0115,0.0,0.0192,0.0069,0.0115,0.0
100000001853812100,peripheral,0.428,1,0.2168,"Вход 70 тыс. от 1, выход 0 на 0; пороги ролей не достигнуты",False,3,0,1,0,70000.0,0.0,1,0,0.0,0.0,7,0,1,0,946.1782598377035,0.00029981142408123165,0.0,0.0016044117305492448,0.0,False,,,0.0,,1.0,0,False,0,0.22,log_in,False,,0.0107,0.0884,0.0,0.0799,0.0378,0.0,0.0
100000004726132100,peripheral,0.125,1,0.2692,"Вход 349 тыс. от 1, выход 24 тыс. на 1; пороги ролей не достигнуты",False,3,0,1,1,349000.0,24000.0,1,2,0.06876790830945559,1.0,7,0,1,0,2501.274890436806,0.00031651940059214493,0.0,0.0011319383959652314,1.922024458454748e-05,False,,,0.0,5.5,1.0,0,False,0,1.83,log_out,False,,0.0031,0.1053,0.0,0.0799,0.052,0.0287,0.0
100000001785161100,terminal,0.746,14,0.3198,"Получил 30 тыс. от 2 плательщ.; исходящих нет, хотя колено 3 обходилось — деньги остались",False,3,0,2,0,30000.0,0.0,2,0,0.0,0.0,7,0,2,0,613.7376163021778,0.0003312208709043081,0.0,4.536876004081133e-05,0.0,False,,observed,0.0,,1.0,0,False,0,1.63,in_deg,False,,0.1026,0.0794,0.0,0.0799,0.0579,0.0,0.0
100000002612809100,peripheral,0.634,31,0.2614,"Вход 30 тыс. от 1, выход 114 тыс. на 3; пороги ролей не достигнуты [возвратный поток]",False,3,0,1,3,30000.0,114000.0,2,4,3.8,3.0,1,0,0,0,7578.034682080908,0.00042829267239375297,3.051713961844856e-281,1.23619985386e-313,1.5851748110966993e-06,False,,,0.13157894736842105,4.0,1.0,0,False,1,2.11,log_out,False,,0.0158,0.1239,0.0,0.0192,0.0728,0.0129,0.0167
100000008769097100,peripheral,0.619,9,0.0744,"Вход 31 тыс. от 1, выход 0 на 0; пороги ролей не достигнуты",False,3,1,1,0,31100.0,0.0,1,0,0.0,0.0,1,0,0,0,22.780166889111428,0.0002904233131498777,0.0,3.0588951023382876e-10,0.0,False,,,0.0,,1.0,0,False,0,0.3,log_in,False,,0.0155,0.0214,0.0,0.0192,0.0183,0.0,0.0
100000004488265100,peripheral,0.578,1,0.1984,"Вход 39 тыс. от 1, выход 0 на 0; пороги ролей не достигнуты",False,3,0,1,0,38740.0,0.0,1,0,0.0,0.0,7,0,1,0,523.642082658752,0.0002934512958019918,0.0,0.0016044117305492448,0.0,False,,,0.0,,1.0,0,False,0,0.16,log_in,False,,0.0144,0.0772,0.0,0.0799,0.0268,0.0,0.0
100000002509598100,terminal,0.945,14,0.2474,"Получил 306 тыс. от 1 плательщ.; исходящих нет, хотя колено 3 обходилось — деньги остались",False,3,0,1,0,305550.0,0.0,1,0,0.0,0.0,2,0,1,0,98.00343063532645,0.00030012320541723873,0.0,3.794136183730392e-07,0.0,False,,observed,0.0,,1.0,0,False,0,1.16,log_in,False,,0.1299,0.0395,0.0,0.0397,0.0382,0.0,0.0
100000008706846100,peripheral,0.8,9,0.0586,"Вход 14 тыс. от 1, выход 0 на 0; пороги ролей не достигнуты",False,3,1,1,0,14200.0,0.0,1,0,0.0,0.0,1,0,0,0,10.40123375644316,0.00028778559868168743,0.0,3.0588951023382876e-10,0.0,False,,,0.0,,1.0,0,False,0,0.8,log_in,False,,0.02,0.0121,0.0,0.0192,0.0073,0.0,0.0
100000001280798100,peripheral,0.706,6,0.1781,"Вход 24 тыс. от 1, выход 0 на 0; пороги ролей не достигнуты",False,3,0,1,0,23785.0,0.0,1,0,0.0,0.0,7,0,1,0,184.40592351882114,0.0002944311629865574,0.0,6.407022137400362e-07,0.0,False,,,0.0,,1.0,0,False,0,0.47,log_in,False,,0.0176,0.0515,0.0,0.0799,0.029,0.0,0.0
100000006664478100,transit,0.578,6,0.3713,"Пропуск 109%: получил 55 тыс., отдал 60 тыс.; 1→2 контрагента; в ≤2 дн ушло 67%",False,3,0,1,2,55000.0,60000.0,3,2,1.0909090909090908,2.0,1,0,0,0,42682.9268292683,0.0006168426303113121,0.0,0.0,1.1888811083225246e-06,False,,,0.6666666666666666,7.0,1.0,0,False,0,2.0,log_out,False,,0.0867,0.1666,0.0,0.0192,0.0889,0.0098,0.0
100000003781406100,peripheral,0.544,13,0.4094,"Вход 45 тыс. от 1, выход 0 на 0; пороги ролей не достигнуты",False,3,0,1,0,45000.0,0.0,2,0,0.0,0.0,9,0,1,0,45000.0,0.0007228806641155315,0.0,0.0,0.0,False,,,0.0,,1.0,0,False,0,0.06,log_in,False,,0.0136,0.168,0.0,0.1361,0.0916,0.0,0.0
100000008708595100,peripheral,0.796,9,0.0625,"Вход 17 тыс. от 1, выход 0 на 0; пороги ролей не достигнуты",False,3,1,1,0,17200.0,0.0,1,0,0.0,0.0,1,0,0,0,12.59867750780439,0.000288253832019236,0.0,3.0588951023382876e-10,0.0,False,,,0.0,,1.0,0,False,0,0.68,log_in,False,,0.0199,0.0143,0.0,0.0192,0.0091,0.0,0.0
100000004611571100,peripheral,0.723,11,0.1221,"Вход 23 тыс. от 1, выход 0 на 0; пороги ролей не достигнуты",False,3,0,1,0,22550.0,0.0,1,0,0.0,0.0,7,0,1,0,19.771126682733623,0.00028683930947433656,0.0,0.0029057815328092595,0.0,False,,,0.0,,1.0,0,False,0,0.5,log_in,False,,0.0181,0.0197,0.0,0.0799,0.0044,0.0,0.0
100000008576243100,terminal,0.842,4,0.5042,"Получил 83 тыс. от 2 плательщ.; исходящих нет, хотя колено 3 обходилось — деньги остались",False,3,0,2,0,82920.0,0.0,4,0,0.0,0.0,8,0,2,0,40385.768024260244,0.0016515737888683508,0.0,9.244316510383576e-05,0.0,False,,observed,0.0,,2.0,2,False,0,1.63,in_deg,False,,0.1158,0.1655,0.0,0.1253,0.0977,0.0,0.0
100000008662216100,peripheral,0.666,9,0.0711,"Вход 26 тыс. от 1, выход 0 на 0; пороги ролей не достигнуты",False,3,1,1,0,26200.0,0.0,1,0,0.0,0.0,1,0,0,0,19.191008761888085,0.00028965853203188175,0.0,3.0588951023382876e-10,0.0,False,,,0.0,,1.0,0,False,0,0.41,log_in,False,,0.0167,0.0193,0.0,0.0192,0.0159,0.0,0.0
100000002681544100,terminal,0.9,4,0.3666,"Получил 166 тыс. от 2 плательщ.; исходящих нет, хотя колено 3 обходилось — деньги остались",False,3,0,2,0,166072.0,0.0,2,0,0.0,0.0,7,0,2,0,2306.036665471522,0.00033571724351569673,0.0,0.0017127236255675851,0.0,False,,observed,0.0,,2.0,0,False,0,1.63,in_deg,False,,0.1238,0.1037,0.0,0.0799,0.0592,0.0,0.0
100000007864477100,peripheral,0.4,4,0.2977,"Вход 76 тыс. от 2, выход 204 тыс. на 6; пороги ролей не достигнуты",False,3,0,2,6,76000.0,203500.0,2,10,2.6776315789473686,3.0,7,0,2,0,1247.1197893104204,0.0003047746949631922,0.0011108515055979985,0.0013712520011039738,7.54197319634361e-05,False,,,0.371007371007371,2.0,1.0,1,False,0,2.22,log_out,False,,0.01,0.0947,0.0,0.0799,0.0432,0.0698,0.0
100000004746397100,peripheral,0.196,7,0.2855,"Вход 220 тыс. от 1, выход 8 тыс. на 1; пороги ролей не достигнуты [возвратный поток]",False,3,0,1,1,219520.0,7500.0,1,1,0.03416545189504373,1.0,7,0,1,0,338.5267363691216,0.00029268375611003365,8.152356859635305e-05,0.0029401739563140994,0.0006677699345145905,False,,,0.0,,1.0,0,False,4,1.62,log_out,False,,0.0049,0.0673,0.0,0.0799,0.0251,0.0917,0.0167
100000003814002100,peripheral,0.634,7,0.1284,"Вход 30 тыс. от 1, выход 0 на 0; пороги ролей не достигнуты",False,3,0,1,0,30000.0,0.0,1,0,0.0,0.0,7,0,1,0,46.2636757064215,0.00028654156943951336,0.0,0.0029401739563140994,0.0,False,,,0.0,,1.0,0,False,0,0.32,log_in,False,,0.0158,0.0289,0.0,0.0799,0.0037,0.0,0.0
100000003962994100,peripheral,0.8,32,0.2793,"Вход 10 тыс. от 1, выход 0 на 0; пороги ролей не достигнуты",False,3,0,1,0,10000.0,0.0,1,0,0.0,0.0,7,0,1,0,2178.401529636711,0.00048122982573492164,0.0,1.23619985386e-313,0.0,False,,,0.0,,1.0,0,False,0,1.03,log_in,False,,0.02,0.103,0.0,0.0799,0.0763,0.0,0.0
100000003366471100,peripheral,0.132,1,0.3101,"Вход 330 тыс. от 2, выход 20 тыс. на 1; пороги ролей не достигнуты [сквозной пропуск ≤2дн]",False,3,0,2,1,329789.0,20000.0,5,1,0.0606448365470043,0.5,7,0,2,0,5012.562518417387,0.0003604911511540956,0.0,0.002742319115704567,1.922024458454748e-05,False,,,1.0,0.0,2.0,0,False,0,1.8,log_out,False,,0.0033,0.1167,0.0,0.0799,0.0648,0.0287,0.0167
100000003561031100,peripheral,0.8,1,0.1889,"Вход 13 тыс. от 1, выход 5 тыс. на 1; пороги ролей не достигнуты",False,3,0,1,1,13300.0,5000.0,1,1,0.37593984962406013,1.0,7,0,1,0,179.77386936916366,0.00028827529889143965,0.0,0.0016044117305492448,1.922024458454748e-05,False,,,0.0,,1.0,0,False,0,1.55,log_out,False,,0.02,0.051,0.0,0.0799,0.0093,0.0287,0.0
100000001690439100,peripheral,0.8,4,0.2587,"Вход 14 тыс. от 1, выход 0 на 0; пороги ролей не достигнуты",False,3,0,1,0,14200.0,0.0,1,0,0.0,0.0,7,0,1,0,696.5046872827305,0.00047706727238734376,0.0,9.315522664100047e-05,0.0,False,,,0.0,,1.0,0,False,0,0.8,log_in,False,,0.02,0.0827,0.0,0.0799,0.076,0.0,0.0
100000002954780100,terminal,0.882,2,0.3319,"Получил 133 тыс. от 1 плательщ.; исходящих нет, хотя колено 3 обходилось — деньги остались",False,3,0,1,0,133400.0,0.0,1,0,0.0,0.0,9,0,1,0,168.31928331836377,0.00029244202248115297,0.0,3.220733583683774e-06,0.0,False,,observed,0.0,,1.0,0,False,0,0.63,log_in,False,,0.1213,0.0501,0.0,0.1361,0.0244,0.0,0.0
100000008720668100,peripheral,0.8,9,0.0608,"Вход 16 тыс. от 1, выход 0 на 0; пороги ролей не достигнуты",False,3,1,1,0,16000.0,0.0,1,0,0.0,0.0,1,0,0,0,11.719700007259899,0.0002880665386842166,0.0,3.0588951023382876e-10,0.0,False,,,0.0,,1.0,0,False,0,0.72,log_in,False,,0.02,0.0134,0.0,0.0192,0.0082,0.0,0.0
100000002459164100,peripheral,0.754,16,0.2938,"Вход 20 тыс. от 1, выход 0 на 0; пороги ролей не достигнуты",False,3,0,1,0,20000.0,0.0,1,0,0.0,0.0,7,0,1,0,3910.1312627392235,0.0005418286835835176,0.0,0.0,0.0,False,,,0.0,,1.0,0,False,0,0.58,log_in,False,,0.0189,0.1113,0.0,0.0799,0.0836,0.0,0.0
100000005082652100,peripheral,0.634,28,0.2501,"Вход 30 тыс. от 1, выход 0 на 0; пороги ролей не достигнуты",False,3,0,1,0,30000.0,0.0,1,0,0.0,0.0,1,0,0,0,16216.216209898217,0.00040800365167801905,0.0,3.499089220843684e-08,0.0,False,,,0.0,,1.0,0,False,0,0.32,log_in,False,,0.0158,0.1437,0.0,0.0192,0.0714,0.0,0.0
100000005041905100,peripheral,0.8,9,0.065,"Вход 5 тыс. от 1, выход 1.1 млн на 1; пороги ролей не достигнуты [возвратный поток]",False,3,1,1,1,5000.0,1080351.0,1,5,216.0702,1.0,1,0,0,0,3.662406252268718,0.00028634968311320514,3.2713980939378665e-13,3.0588951023382876e-10,0.0,False,,,0.0,,1.0,1,False,1,2.52,log_out,False,,0.02,0.0062,0.0,0.0192,0.0029,0.0,0.0167
100000008653041100,peripheral,0.653,9,0.0724,"Вход 28 тыс. от 1, выход 0 на 0; пороги ролей не достигнуты",False,3,1,1,0,28000.0,0.0,1,0,0.0,0.0,1,0,0,0,20.509475012704822,0.00028993947203441087,0.0,3.0588951023382876e-10,0.0,False,,,0.0,,1.0,0,False,0,0.37,log_in,False,,0.0163,0.0201,0.0,0.0192,0.0167,0.0,0.0
100000008722417100,peripheral,0.131,7,0.2574,"Вход 332 тыс. от 1, выход 720 тыс. на 3; пороги ролей не достигнуты",False,3,0,1,3,331900.0,720000.0,1,6,2.16932811087677,3.0,7,0,1,0,511.8304655653765,0.0002963258990924791,1.57847465707e-313,0.0029401739563140994,5.7660733753642434e-05,False,,,0.3611111111111111,6.5,1.0,0,False,0,2.45,log_out,False,,0.0033,0.0771,0.0,0.0799,0.0325,0.0647,0.0
100000008625905100,peripheral,0.219,3,0.3136,"Вход 198 тыс. от 1, выход 635 тыс. на 2; пороги ролей не достигнуты",False,3,0,1,2,197800.0,635000.0,1,2,3.210313447927199,2.0,7,0,1,0,787.8463965981543,0.0005453128171044595,0.0,0.0,3.962937027741748e-05,False,,,0.0,,1.0,0,False,0,2.43,log_out,False,,0.0055,0.0855,0.0,0.0799,0.0838,0.0588,0.0
100000007487729100,peripheral,0.687,8,0.195,"Вход 25 тыс. от 1, выход 0 на 0; пороги ролей не достигнуты",False,3,0,1,0,25000.0,0.0,1,0,0.0,0.0,7,0,1,0,369.17907213846826,0.0002941149149674853,0.0,0.00016105425266535616,0.0,False,,,0.0,,1.0,0,False,0,0.44,log_in,False,,0.0172,0.0695,0.0,0.0799,0.0284,0.0,0.0
100000000838385100,peripheral,0.094,3,0.4299,"Вход 437 тыс. от 1, выход 178 тыс. на 2; пороги ролей не достигнуты [возвратный поток]",False,3,0,1,2,436900.0,177500.0,8,6,0.40627145799954223,2.0,7,0,1,0,122362.30477721497,0.0019211545642599105,6.3108052880698915e-257,0.0,2.1796153652579615e-05,False,,,0.6901408450704225,11.0,1.0,0,False,1,2.19,log_out,False,,0.0024,0.1857,0.0,0.0799,0.0985,0.0467,0.0167
100000004750321100,terminal,0.802,6,0.2898,"Получил 50 тыс. от 2 плательщ.; исходящих нет, хотя колено 3 обходилось — деньги остались",False,3,0,2,0,50185.0,0.0,2,0,0.0,0.0,7,0,2,0,172.40508516961555,0.00031253610038112624,0.0,0.00010970066037760073,0.0,False,,observed,0.0,,1.0,1,False,0,1.63,in_deg,False,,0.1103,0.0504,0.0,0.0799,0.0492,0.0,0.0
100000008664774100,peripheral,0.8,9,0.0613,"Вход 16 тыс. от 1, выход 0 на 0; пороги ролей не достигнуты",False,3,1,1,0,16300.0,0.0,1,0,0.0,0.0,1,0,0,0,11.939444382396022,0.0002881133620179714,0.0,3.0588951023382876e-10,0.0,False,,,0.0,,1.0,0,False,0,0.71,log_in,False,,0.02,0.0136,0.0,0.0192,0.0085,0.0,0.0
100000006274203100,coordinator,0.69,19,0.5958,"Сходятся деньги 9 seed, вход 3.4 млн; получает от 2 консолидаторов/координаторов [возвратный поток]",False,3,0,2,3,3417512.0,72000.0,41,3,0.02106795821053445,1.5,9,0,2,0,9111.179562050558,0.0006321051467844573,0.001906878127736985,0.0029636816739710176,3.734276532549144e-05,False,,,0.06944444444444445,0.0,1.0,0,False,1,2.71,log_in,False,получает от 2 консолидаторов/координаторов,0.1725,0.1282,0.0,0.1361,0.0894,0.0529,0.0167
100000002185328100,peripheral,0.6,17,0.3217,"Вход 15 тыс. от 1, выход 55 тыс. на 4; пороги ролей не достигнуты",False,3,0,1,4,15000.0,55000.0,1,4,3.6666666666666665,4.0,7,0,1,0,1360.0,0.0003518471698066024,1.3269215113888051e-254,0.0,6.162367078138419e-05,False,,,0.0,21.0,1.0,0,False,0,1.98,log_out,False,,0.015,0.0958,0.0,0.0799,0.063,0.0679,0.0
100000008254576100,peripheral,0.8,16,0.187,"Вход 8 тыс. от 1, выход 60 тыс. на 1; пороги ролей не достигнуты",False,3,0,1,1,8000.0,60000.0,1,1,7.5,1.0,7,0,1,0,36.83534164170228,0.00029167108817849144,0.0,2.3749511394193016e-243,1.9616538287321655e-05,False,,,0.0,,1.0,1,False,0,2.0,log_out,False,,0.02,0.0265,0.0,0.0799,0.0222,0.0383,0.0
100000001689968100,terminal,0.95,7,0.3546,"Получил 344 тыс. от 3 плательщ.; исходящих нет, хотя колено 3 обходилось — деньги остались",False,3,0,3,0,344333.75,0.0,3,0,0.0,0.0,7,0,3,0,721.2531151130536,0.00033914310918301173,0.0,0.004048891409284613,0.0,False,,observed,0.0,,1.0,0,False,0,3.26,in_deg,False,,0.1306,0.0837,0.0,0.0799,0.0603,0.0,0.0
100000002236528100,peripheral,0.438,4,0.224,"Вход 66 тыс. от 1, выход 0 на 0; пороги ролей не достигнуты",False,3,0,1,0,66000.0,0.0,1,0,0.0,0.0,7,0,1,0,922.9876797380285,0.0003072417833612642,0.0,0.00010831189501834011,0.0,False,,,0.0,,1.0,0,False,0,0.18,log_in,False,,0.011,0.0879,0.0,0.0799,0.0453,0.0,0.0
100000002670960100,terminal,0.968,14,0.2674,"Получил 480 тыс. от 1 плательщ.; исходящих нет, хотя колено 3 обходилось — деньги остались",False,3,0,1,0,480310.0,0.0,1,0,0.0,0.0,2,0,1,0,154.0567100914863,0.000308447347198626,0.0,3.794136183730392e-07,0.0,False,,observed,0.0,,1.0,0,False,0,1.45,log_in,False,,0.1331,0.0483,0.0,0.0397,0.0462,0.0,0.0
100000003557488100,peripheral,0.05,30,0.3575,"Вход 665 тыс. от 1, выход 138 тыс. на 2; пороги ролей не достигнуты [сквозной пропуск ≤2дн; возвратный поток]",False,3,0,1,2,664992.0,138000.0,3,4,0.20752129348924497,2.0,7,0,1,0,4927.595070263182,0.000580971814726147,2.7367980912499234e-295,4.747355765062003e-05,1.981468513870874e-05,False,,,0.855072463768116,1.5,1.0,0,False,1,2.15,log_out,False,,0.0013,0.115,0.0,0.0799,0.0873,0.0407,0.0333
100000003888197100,peripheral,0.393,7,0.1438,"Вход 83 тыс. от 1, выход 0 на 0; пороги ролей не достигнуты",False,3,0,1,0,83167.0,0.0,1,0,0.0,0.0,7,0,1,0,128.25370391586523,0.00028826466799751016,0.0,0.0029401739563140994,0.0,False,,,0.0,,1.0,0,False,0,0.33,log_in,False,,0.0098,0.0448,0.0,0.0799,0.0093,0.0,0.0
100000002799941100,terminal,0.979,19,0.3969,"Получил 600 тыс. от 1 плательщ.; исходящих нет, хотя колено 3 обходилось — деньги остались",False,3,0,1,0,600000.0,0.0,1,0,0.0,0.0,7,0,1,0,4450.90571823905,0.0003881784929365065,0.0,8.448073037865009e-05,0.0,False,,observed,0.0,,1.0,0,False,0,1.59,log_in,False,,0.1346,0.1136,0.0,0.0799,0.0687,0.0,0.0
100000001632325100,peripheral,0.387,9,0.0985,"Вход 86 тыс. от 1, выход 0 на 0; пороги ролей не достигнуты",False,3,1,1,0,85600.0,0.0,3,0,0.0,0.0,1,0,0,0,62.70039503884046,0.0002989295521153433,0.0,3.0588951023382876e-10,0.0,False,,,0.0,,1.0,0,False,0,0.35,log_in,False,,0.0097,0.0335,0.0,0.0192,0.036,0.0,0.0
100000008620570100,peripheral,0.277,8,0.3008,"Вход 145 тыс. от 2, выход 32 тыс. на 2; пороги ролей не достигнуты",False,3,0,2,2,145000.0,31800.0,2,2,0.2193103448275862,1.0,7,0,2,0,1727.285494607544,0.0003485384395879508,3.403175846705114e-06,0.0003810593564891844,3.308344750837977e-05,False,,,0.31446540880503143,0.0,1.0,0,False,0,1.88,log_out,False,,0.0069,0.0993,0.0,0.0799,0.0624,0.0523,0.0
100000005308954100,peripheral,0.433,3,0.3005,"Вход 69 тыс. от 1, выход 30 тыс. на 1; пороги ролей не достигнуты",False,3,0,1,1,69020.0,30000.0,1,1,0.43465662126919735,1.0,7,0,1,0,2346.3177141637425,0.00035945051532232814,0.0,1.0123575345997096e-05,1.981468513870874e-05,False,,,0.0,5.0,1.0,0,False,0,1.87,log_out,False,,0.0108,0.1044,0.0,0.0799,0.0646,0.0407,0.0
100000008468762100,terminal,0.902,2,0.3221,"Получил 170 тыс. от 2 плательщ.; исходящих нет, хотя колено 3 обходилось — деньги остались",False,3,0,2,0,170000.0,0.0,2,0,0.0,0.0,8,0,2,0,33.45063814407827,0.000310405073841,0.0,1.3211887603849947e-06,0.0,False,,observed,0.0,,2.0,0,False,0,1.63,in_deg,False,,0.124,0.0253,0.0,0.1253,0.0476,0.0,0.0
100000002305007100,peripheral,0.466,9,0.0876,"Вход 56 тыс. от 1, выход 0 на 0; пороги ролей не достигнуты",False,3,1,1,0,56000.0,0.0,1,0,0.0,0.0,1,0,0,0,41.018950025409644,0.0002943096498515308,0.0,3.0588951023382876e-10,0.0,False,,,0.0,,1.0,0,False,0,0.08,log_in,False,,0.0116,0.0279,0.0,0.0192,0.0288,0.0,0.0
100000008314863100,peripheral,0.8,8,0.3782,"Вход 12 тыс. от 1, выход 0 на 0; пороги ролей не достигнуты",False,3,0,1,0,12000.0,0.0,1,0,0.0,0.0,10,0,1,0,12000.0,0.0005170968391841085,0.0,0.0,0.0,False,,,0.0,,1.0,0,False,0,0.91,log_in,False,,0.02,0.1354,0.0,0.1441,0.0787,0.0,0.0
100000005709551100,peripheral,0.697,4,0.1907,"Вход 25 тыс. от 1, выход 0 на 0; пороги ролей не достигнуты",False,3,0,1,0,24560.0,0.0,1,0,0.0,0.0,7,0,1,0,297.9608134381712,0.0002946608436289569,0.0,0.00025946007686321234,0.0,False,,,0.0,,1.0,0,False,0,0.45,log_in,False,,0.0174,0.0638,0.0,0.0799,0.0295,0.0,0.0
100000008297199100,peripheral,0.556,1,0.2111,"Вход 42 тыс. от 1, выход 0 на 0; пороги ролей не достигнуты",False,3,0,1,0,42268.0,0.0,1,0,0.0,0.0,7,0,1,0,743.4413001544746,0.0002965958116631634,0.0,0.001137907385155322,0.0,False,,,0.0,,1.0,0,False,0,0.1,log_in,False,,0.0139,0.0842,0.0,0.0799,0.033,0.0,0.0
100000003271151100,terminal,0.879,1,0.3482,"Получил 127 тыс. от 1 плательщ.; исходящих нет, хотя колено 3 обходилось — деньги остались",False,3,0,1,0,127294.0,0.0,1,0,0.0,0.0,7,0,1,0,1720.6116486825804,0.00031146840391586903,0.0,0.0016044117305492448,0.0,False,,observed,0.0,,1.0,0,False,0,0.6,log_in,False,,0.1209,0.0991,0.0,0.0799,0.0483,0.0,0.0
100000007005380100,peripheral,0.8,4,0.1741,"Вход 9 тыс. от 1, выход 0 на 0; пороги ролей не достигнуты",False,3,0,1,0,9400.0,0.0,1,0,0.0,0.0,7,0,1,0,57.23236252963637,0.000303095707083968,0.0,0.00010694238652270059,0.0,False,,,0.0,,1.0,1,False,0,1.06,log_in,False,,0.02,0.0324,0.0,0.0799,0.0418,0.0,0.0
100000004451012100,peripheral,0.373,19,0.2757,"Вход 91 тыс. от 1, выход 66 тыс. на 3; пороги ролей не достигнуты",False,3,0,1,3,91245.0,65740.0,1,3,0.7204778344018851,3.0,7,0,1,0,676.8714871012035,0.0003011735881125156,1.57847465707e-313,8.448073037865009e-05,5.7660733753642434e-05,False,,,0.0,,1.0,0,False,0,2.01,log_out,False,,0.0093,0.082,0.0,0.0799,0.0398,0.0647,0.0
100000004779204100,peripheral,0.624,11,0.1531,"Вход 30 тыс. от 1, выход 20 тыс. на 1; пороги ролей не достигнуты",False,3,0,1,1,30450.0,20000.0,1,2,0.6568144499178982,1.0,7,0,1,0,26.69759678444518,0.0002872842372140555,0.0,0.0029057815328092595,1.922024458454748e-05,False,,,0.5,0.0,1.0,0,False,0,1.8,log_out,False,,0.0156,0.0231,0.0,0.0799,0.0057,0.0287,0.0
100000002793881100,terminal,0.985,2,0.4586,"Получил 786 тыс. от 3 плательщ.; исходящих нет, хотя колено 3 обходилось — деньги остались [3 плательщ. в 1 день]",False,3,0,3,0,785600.0,0.0,3,0,0.0,0.0,9,0,3,0,2201.451272069206,0.0003750831470797382,0.0,5.277513591195042e-06,0.0,False,,observed,0.0,,3.0,0,False,0,3.26,in_deg,False,,0.1354,0.1032,0.0,0.1361,0.0672,0.0,0.0167
100000008671129100,peripheral,0.666,9,0.0711,"Вход 26 тыс. от 1, выход 0 на 0; пороги ролей не достигнуты",False,3,1,1,0,26200.0,0.0,1,0,0.0,0.0,1,0,0,0,19.191008761888085,0.00028965853203188175,0.0,3.0588951023382876e-10,0.0,False,,,0.0,,1.0,0,False,0,0.41,log_in,False,,0.0167,0.0193,0.0,0.0192,0.0159,0.0,0.0
100000002095257100,peripheral,0.8,12,0.3119,"Вход 8 тыс. от 1, выход 0 на 0; пороги ролей не достигнуты",False,3,0,1,0,8500.0,0.0,1,0,0.0,0.0,8,0,1,0,1477.828004530287,0.0003967338202422219,0.0,1.0252342405126814e-06,0.0,False,,,0.0,,1.0,1,False,0,1.13,log_in,False,,0.02,0.0965,0.0,0.1253,0.0702,0.0,0.0
100000002194329100,peripheral,0.68,11,0.123,"Вход 25 тыс. от 1, выход 0 на 0; пороги ролей не достигнуты",False,3,0,1,0,25170.0,0.0,1,0,0.0,0.0,7,0,1,0,22.068259805073406,0.00028698686778801547,0.0,0.0029057815328092595,0.0,False,,,0.0,,1.0,0,False,0,0.43,log_in,False,,0.017,0.0211,0.0,0.0799,0.0049,0.0,0.0
100000001884825100,terminal,0.969,2,0.3922,"Получил 495 тыс. от 3 плательщ.; исходящих нет, хотя колено 3 обходилось — деньги остались",False,3,0,3,0,495000.0,0.0,3,0,0.0,0.0,8,0,3,0,438.677990637624,0.0003400964668098243,0.0,3.573322415596673e-06,0.0,False,,observed,0.0,,2.0,0,False,0,3.26,in_deg,False,,0.1332,0.0732,0.0,0.1253,0.0605,0.0,0.0
100000008692291100,transit,0.626,2,0.3997,"Пропуск 98%: получил 160 тыс., отдал 156 тыс.; 3→3 контрагента; в ≤2 дн ушло 13%",False,3,0,3,3,160000.0,156000.0,3,3,0.975,1.0,8,0,2,0,330.69592813727,0.000307852986577175,1.57847465707e-313,7.503270161294507e-06,6.419957984941633e-05,False,,,0.1346153846153846,2.0,2.0,0,False,0,3.26,in_deg,False,,0.0939,0.0665,0.0,0.1253,0.0459,0.0681,0.0
100000002697752100,terminal,0.91,1,0.3703,"Получил 191 тыс. от 2 плательщ.; исходящих нет, хотя колено 3 обходилось — деньги остались",False,3,0,2,0,190785.0,0.0,2,0,0.0,0.0,7,0,2,0,2947.1749158549546,0.00032958004304152585,0.0,0.002742319115704567,0.0,False,,observed,0.0,,1.0,0,False,0,1.63,in_deg,False,,0.1251,0.1079,0.0,0.0799,0.0574,0.0,0.0
100000007170072100,transit,0.918,15,0.4012,"Пропуск 100%: получил 100 тыс., отдал 100 тыс.; 1→2 контрагента; в ≤2 дн ушло 100% [сквозной пропуск ≤2дн]",False,3,0,1,2,100000.0,99500.0,1,9,0.995,2.0,7,0,1,0,332.25966794819254,0.0003076581045462558,0.0,0.0001302803722324665,3.844048916909496e-05,False,,,1.0,2.0,1.0,0,False,0,2.09,log_out,False,,0.1377,0.0667,0.0,0.0799,0.0457,0.0545,0.0167
100000002373144100,peripheral,0.535,1,0.205,"Вход 46 тыс. от 1, выход 11 тыс. на 1; пороги ролей не достигнуты",False,3,0,1,1,46468.0,10764.0,1,1,0.2316432813979513,1.0,7,0,1,0,333.0350762430301,0.00028969018116006086,0.0,0.0011319383959652314,1.922024458454748e-05,False,,,0.0,5.0,1.0,0,False,0,1.69,log_out,False,,0.0134,0.0669,0.0,0.0799,0.0161,0.0287,0.0
100000000287768100,peripheral,0.594,1,0.1654,"Вход 35 тыс. от 1, выход 0 на 0; пороги ролей не достигнуты",False,3,0,1,0,35168.0,0.0,1,0,0.0,0.0,7,0,1,0,252.04823881627965,0.0002886880716986401,0.0,0.0011319383959652314,0.0,False,,,0.0,,1.0,0,False,0,0.22,log_in,False,,0.0148,0.0593,0.0,0.0799,0.0113,0.0,0.0
100000004508696100,peripheral,0.7,32,0.3581,"Вход 7 тыс. от 1, выход 111 тыс. на 3; пороги ролей не достигнуты [сквозной пропуск ≤2дн; возвратный поток]",False,3,0,1,3,7000.0,111000.0,1,4,15.857142857142858,3.0,7,0,1,0,1524.8810707456978,0.0004225316662796324,1.1601484540645396e-302,1.23619985386e-313,3.923307657464331e-05,False,,,0.954954954954955,0.0,1.0,1,False,1,2.11,log_out,False,,0.0175,0.0971,0.0,0.0799,0.0722,0.058,0.0333
100000008688109100,peripheral,0.8,9,0.0571,"Вход 13 тыс. от 1, выход 0 на 0; пороги ролей не достигнуты",False,3,1,1,0,12800.0,0.0,1,0,0.0,0.0,1,0,0,0,9.37576000580792,0.0002875670897908314,0.0,3.0588951023382876e-10,0.0,False,,,0.0,,1.0,0,False,0,0.87,log_in,False,,0.02,0.0112,0.0,0.0192,0.0067,0.0,0.0
100000008724461100,peripheral,0.34,2,0.2727,"Вход 100 тыс. от 1, выход 130 тыс. на 1; пороги ролей не достигнуты [сквозной пропуск ≤2дн]",False,3,0,1,1,100111.0,130000.0,1,1,1.298558599954051,1.0,9,0,1,0,126.31643007709681,0.00029072698311701726,0.0,3.220733583683774e-06,2.2390594206740877e-05,False,,,1.0,0.0,1.0,0,False,0,2.14,log_out,False,,0.0085,0.0443,0.0,0.1361,0.0193,0.0477,0.0167
100000001714413100,terminal,0.932,7,0.3061,"Получил 250 тыс. от 1 плательщ.; исходящих нет, хотя колено 3 обходилось — деньги остались",False,3,0,1,0,250172.0,0.0,1,0,0.0,0.0,7,0,1,0,385.79587596089596,0.00029367716211375244,0.0,0.0029401739563140994,0.0,False,,observed,0.0,,1.0,0,False,0,1.03,log_in,False,,0.1282,0.0705,0.0,0.0799,0.0274,0.0,0.0
100000008672493100,peripheral,0.8,9,0.0584,"Вход 14 тыс. от 1, выход 0 на 0; пороги ролей не достигнуты",False,3,1,1,0,14000.0,0.0,1,0,0.0,0.0,1,0,0,0,10.254737506352411,0.00028775438312585085,0.0,3.0588951023382876e-10,0.0,False,,,0.0,,1.0,0,False,0,0.81,log_in,False,,0.02,0.0119,0.0,0.0192,0.0072,0.0,0.0
100000003241965100,peripheral,0.8,6,0.1631,"Вход 15 тыс. от 1, выход 0 на 0; пороги ролей не достигнуты",False,3,0,1,0,15000.0,0.0,1,0,0.0,0.0,7,0,1,0,116.29551619854182,0.0002911580279376608,0.0,6.407022137400362e-07,0.0,False,,,0.0,,1.0,0,False,0,0.77,log_in,False,,0.02,0.0424,0.0,0.0799,0.0207,0.0,0.0
100000002241986100,peripheral,0.155,7,0.2622,"Вход 280 тыс. от 1, выход 3.1 млн на 6; пороги ролей не достигнуты",False,3,0,1,6,280000.0,3077000.0,1,12,10.989285714285714,6.0,7,0,1,0,431.7943065932673,0.00029464386295803416,9.908246009166667e-256,0.0029401739563140994,0.00011532146750728487,False,,,0.0,,1.0,0,False,0,2.71,log_out,False,,0.0039,0.0727,0.0,0.0799,0.0294,0.0762,0.0
100000004140994100,peripheral,0.774,9,0.0644,"Вход 19 тыс. от 1, выход 0 на 0; пороги ролей не достигнуты",False,3,1,1,0,18650.0,0.0,1,0,0.0,0.0,1,0,0,0,13.660775320962319,0.00028848014479905114,0.0,3.0588951023382876e-10,0.0,False,,,0.0,,1.0,0,False,0,0.63,log_in,False,,0.0194,0.0156,0.0,0.0192,0.0102,0.0,0.0
100000008489922100,distributor,0.995,2,0.6473,Рассылает на 36 получателей 3.8 млн (веер 12:1); плательщиков 3 [возвратный поток; аномалия для колена],False,3,0,3,36,262010.0,3789900.0,5,41,14.464715087210411,12.0,8,0,3,0,3331.1652275099914,0.0005858952858663094,6.847779925443849e-05,3.846397730343789e-06,0.0008721882963004519,False,,,0.2690572310615056,4.0,2.0,0,False,6,12.88,out_deg,True,,0.199,0.1092,0.0,0.1253,0.0876,0.0928,0.0333
100000001252290100,peripheral,0.282,7,0.1885,"Вход 141 тыс. от 1, выход 5 тыс. на 1; пороги ролей не достигнуты",False,3,0,1,1,141005.0,5000.0,1,1,0.03545973547037339,1.0,7,0,1,0,217.44698643279878,0.000290139149807607,0.0,0.0029401739563140994,1.922024458454748e-05,False,,,0.0,,1.0,0,False,0,1.55,log_out,False,,0.007,0.0553,0.0,0.0799,0.0174,0.0287,0.0
100000008667799100,peripheral,0.605,9,0.0764,"Вход 34 тыс. от 1, выход 0 на 0; пороги ролей не достигнуты",False,3,1,1,0,34000.0,0.0,1,0,0.0,0.0,1,0,0,0,24.904362515427284,0.000290875938709508,0.0,3.0588951023382876e-10,0.0,False,,,0.0,,1.0,0,False,0,0.24,log_in,False,,0.0151,0.0223,0.0,0.0192,0.0198,0.0,0.0
100000008684951100,peripheral,0.796,9,0.0625,"Вход 17 тыс. от 1, выход 0 на 0; пороги ролей не достигнуты",False,3,1,1,0,17200.0,0.0,1,0,0.0,0.0,1,0,0,0,12.59867750780439,0.000288253832019236,0.0,3.0588951023382876e-10,0.0,False,,,0.0,,1.0,0,False,0,0.68,log_in,False,,0.0199,0.0143,0.0,0.0192,0.0091,0.0,0.0
100000006126743100,peripheral,0.471,7,0.1346,"Вход 55 тыс. от 1, выход 0 на 0; пороги ролей не достигнуты",False,3,0,1,0,55000.0,0.0,1,0,0.0,0.0,7,0,1,0,84.81673879510609,0.00028735179879136544,0.0,0.0029401739563140994,0.0,False,,,0.0,,1.0,0,False,0,0.07,log_in,False,,0.0118,0.037,0.0,0.0799,0.0059,0.0,0.0
100000003009900100,peripheral,0.8,6,0.1653,"Вход 16 тыс. от 1, выход 0 на 0; пороги ролей не достигнуты",False,3,0,1,0,15998.0,0.0,1,0,0.0,0.0,7,0,1,0,124.03304454295147,0.0002915298650211894,0.0,6.407022137400362e-07,0.0,False,,,0.0,,1.0,0,False,0,0.72,log_in,False,,0.02,0.0433,0.0,0.0799,0.0221,0.0,0.0
100000001745217100,peripheral,0.505,1,0.1784,"Вход 50 тыс. от 1, выход 0 на 0; пороги ролей не достигнуты",False,3,0,1,0,50000.0,0.0,1,0,0.0,0.0,7,0,1,0,358.3488381714622,0.0002900034068784448,0.0,0.0011319383959652314,0.0,False,,,0.0,,1.0,0,False,0,0.0,log_in,False,,0.0126,0.0687,0.0,0.0799,0.0171,0.0,0.0
100000002886166100,terminal,0.907,23,0.2746,"Получил 185 тыс. от 1 плательщ.; исходящих нет, хотя колено 3 обходилось — деньги остались",False,3,2,1,0,185000.0,0.0,3,0,0.0,0.0,1,0,0,0,474.24309593122405,0.0003245911501737051,0.0,3.403941910066223e-179,0.0,False,,observed,0.0,,1.0,0,False,0,0.84,log_in,False,,0.1247,0.0746,0.0,0.0192,0.056,0.0,0.0
100000002956779100,terminal,0.96,17,0.3326,"Получил 411 тыс. от 1 плательщ.; исходящих нет, хотя колено 3 обходилось — деньги остались",False,3,0,1,0,411000.0,0.0,1,0,0.0,0.0,1,0,0,0,3698.2117014885516,0.00040310724815078523,0.0,3.779950088199087e-06,0.0,False,,observed,0.0,,1.0,0,False,0,1.35,log_in,False,,0.132,0.1105,0.0,0.0192,0.0708,0.0,0.0
100000008568512100,terminal,0.914,7,0.2939,"Получил 200 тыс. от 1 плательщ.; исходящих нет, хотя колено 3 обходилось — деньги остались",False,3,0,1,0,199640.0,0.0,1,0,0.0,0.0,7,0,1,0,307.86934060099964,0.00029203946172944083,0.0,0.0029401739563140994,0.0,False,,observed,0.0,,1.0,0,False,0,0.89,log_in,False,,0.1257,0.065,0.0,0.0799,0.0233,0.0,0.0
100000008583360100,peripheral,0.32,6,0.261,"Вход 113 тыс. от 1, выход 170 тыс. на 1; пороги ролей не достигнуты",False,3,0,1,1,112843.0,170000.0,1,1,1.5065179054083992,1.0,7,0,1,0,874.8756622928037,0.0003276125928311374,0.0,6.407022137400362e-07,1.922024458454748e-05,False,,,0.0,5.0,1.0,0,False,0,2.19,log_out,False,,0.008,0.0875,0.0,0.0799,0.0569,0.0287,0.0
100000001130176100,peripheral,0.687,11,0.3065,"Вход 25 тыс. от 1, выход 0 на 0; пороги ролей не достигнуты",False,3,0,1,0,25000.0,0.0,2,0,0.0,0.0,7,0,1,0,7329.270112359265,0.0005580456003895466,0.0,0.0,0.0,False,,,0.0,,1.0,1,False,0,0.44,log_in,False,,0.0172,0.1234,0.0,0.0799,0.086,0.0,0.0
100000001145749100,peripheral,0.8,8,0.3707,"Вход 10 тыс. от 1, выход 0 на 0; пороги ролей не достигнуты",False,3,0,1,0,10000.0,0.0,1,0,0.0,0.0,10,0,1,0,10000.0,0.0004785089150229722,0.0,0.0,0.0,False,,,0.0,,1.0,0,False,0,1.03,log_in,False,,0.02,0.1304,0.0,0.1441,0.0762,0.0,0.0
100000005367445100,peripheral,0.8,13,0.4034,"Вход 5 тыс. от 1, выход 5 тыс. на 1; пороги ролей не достигнуты [сквозной пропуск ≤2дн; возвратный поток]",False,3,0,1,1,5000.0,5000.0,1,1,1.0,1.0,9,0,1,0,5000.0,0.0018429964605732618,9.847280311876347e-07,0.0,0.0,False,,,1.0,1.0,1.0,1,False,1,1.55,log_out,False,,0.02,0.1158,0.0,0.1361,0.0982,0.0,0.0333
100000003917461100,peripheral,0.8,13,0.4144,"Вход 10 тыс. от 1, выход 140 тыс. на 2; пороги ролей не достигнуты [возвратный поток]",False,3,0,1,2,10000.0,140000.0,1,5,14.0,2.0,9,0,1,0,9216.96475924946,0.0003991316698685015,1.5362965042255266e-289,1.23619985386e-313,2.0210978841482916e-05,False,,,0.07142857142857142,0.0,1.0,0,False,1,2.15,log_out,False,,0.02,0.1284,0.0,0.1361,0.0705,0.0427,0.0167
100000008200810100,terminal,0.966,14,0.2668,"Получил 475 тыс. от 1 плательщ.; исходящих нет, хотя колено 3 обходилось — деньги остались",False,3,0,1,0,475000.0,0.0,1,0,0.0,0.0,2,0,1,0,152.35355768869272,0.00030819442208498927,0.0,3.794136183730392e-07,0.0,False,,observed,0.0,,1.0,0,False,0,1.44,log_in,False,,0.1328,0.0481,0.0,0.0397,0.0461,0.0,0.0
100000002554175100,peripheral,0.696,6,0.1796,"Вход 25 тыс. от 1, выход 0 на 0; пороги ролей не достигнуты",False,3,0,1,0,24621.0,0.0,1,0,0.0,0.0,7,0,1,0,190.88746028828655,0.000294742641745906,0.0,6.407022137400362e-07,0.0,False,,,0.0,,1.0,0,False,0,0.45,log_in,False,,0.0174,0.0525,0.0,0.0799,0.0297,0.0,0.0
100000008751380100,terminal,0.95,2,0.3949,"Получил 346 тыс. от 2 плательщ.; исходящих нет, хотя колено 3 обходилось — деньги остались",False,3,0,2,0,345780.0,0.0,2,0,0.0,0.0,9,0,2,0,583.612082147512,0.0003127638118830456,0.0,1.9820618273495334e-06,0.0,False,,observed,0.0,,1.0,1,False,0,1.63,in_deg,False,,0.1306,0.0787,0.0,0.1361,0.0494,0.0,0.0
100000004071444100,peripheral,0.175,1,0.2582,"Вход 247 тыс. от 1, выход 100 тыс. на 1; пороги ролей не достигнуты",False,3,0,1,1,247350.0,100000.0,1,1,0.40428542551041036,1.0,7,0,1,0,1772.7517024342235,0.0003075048495520191,0.0,0.0011319383959652314,1.922024458454748e-05,False,,,0.0,,1.0,0,False,0,2.09,log_out,False,,0.0044,0.0997,0.0,0.0799,0.0455,0.0287,0.0
100000001141268100,peripheral,0.082,2,0.3743,"Вход 480 тыс. от 2, выход 10 тыс. на 1; пороги ролей не достигнуты [сквозной пропуск ≤2дн]",False,3,0,2,1,480000.0,10000.0,2,1,0.020833333333333332,0.5,9,0,2,0,2570.9426277808852,0.00036486256771000946,0.0,4.395581128345429e-07,2.2390594206740877e-05,False,,,1.0,1.0,2.0,0,False,0,1.67,log_out,False,,0.002,0.1061,0.0,0.1361,0.0656,0.0477,0.0167
100000002645993100,peripheral,0.5,4,0.254,"Вход 50 тыс. от 2, выход 87 тыс. на 5; пороги ролей не достигнуты [сквозной пропуск ≤2дн; возвратный поток]",False,3,0,2,5,49650.0,86980.0,4,9,1.7518630412890233,2.5,7,0,2,0,46.186032731235954,0.0002933085935851203,0.0005629113569170797,0.0035485971903571416,9.387624077821862e-05,False,,,1.0,0.0,2.0,0,False,18,2.06,log_out,False,,0.0125,0.0288,0.0,0.0799,0.0265,0.073,0.0333
100000002546921100,peripheral,0.754,10,0.1512,"Вход 20 тыс. от 1, выход 0 на 0; пороги ролей не достигнуты",False,3,0,1,0,20000.0,0.0,1,0,0.0,0.0,7,0,1,0,53.78414168664247,0.0002912223270400026,0.0,2.4413789354590045e-05,0.0,False,,,0.0,,1.0,0,False,0,0.58,log_in,False,,0.0189,0.0314,0.0,0.0799,0.021,0.0,0.0
100000008753897100,peripheral,0.699,9,0.0692,"Вход 24 тыс. от 1, выход 0 на 0; пороги ролей не достигнуты",False,3,1,1,0,24050.0,0.0,1,0,0.0,0.0,1,0,0,0,17.616174073412534,0.00028932296480663856,0.0,3.0588951023382876e-10,0.0,False,,,0.0,,1.0,0,False,0,0.46,log_in,False,,0.0175,0.018,0.0,0.0192,0.0144,0.0,0.0
100000000870121100,peripheral,0.8,21,0.2016,"Вход 12 тыс. от 1, выход 0 на 0; пороги ролей не достигнуты",False,3,0,1,0,12000.0,0.0,1,0,0.0,0.0,7,0,1,0,166.42718484752464,0.00031567480064350023,0.0,4.259945964858586e-08,0.0,False,,,0.0,,1.0,0,False,0,0.91,log_in,False,,0.02,0.05,0.0,0.0799,0.0517,0.0,0.0
100000003171006100,terminal,0.968,2,0.4043,"Получил 485 тыс. от 2 плательщ.; исходящих нет, хотя колено 3 обходилось — деньги остались",False,3,0,2,0,485000.0,0.0,2,0,0.0,0.0,9,0,2,0,495.19984910575755,0.0003349679442942915,0.0,4.496881556178737e-06,0.0,False,,observed,0.0,,2.0,0,False,0,1.63,in_deg,False,,0.1331,0.0761,0.0,0.1361,0.059,0.0,0.0
100000001690558100,terminal,0.984,19,0.405,"Получил 740 тыс. от 1 плательщ.; исходящих нет, хотя колено 3 обходилось — деньги остались",False,3,0,1,0,740000.0,0.0,1,0,0.0,0.0,7,0,1,0,5489.450385828161,0.00041212063930432354,0.0,8.448073037865009e-05,0.0,False,,observed,0.0,,1.0,0,False,0,1.73,log_in,False,,0.1353,0.118,0.0,0.0799,0.0717,0.0,0.0
100000008667795100,peripheral,0.605,9,0.0764,"Вход 34 тыс. от 1, выход 0 на 0; пороги ролей не достигнуты",False,3,1,1,0,34000.0,0.0,1,0,0.0,0.0,1,0,0,0,24.904362515427284,0.000290875938709508,0.0,3.0588951023382876e-10,0.0,False,,,0.0,,1.0,0,False,0,0.24,log_in,False,,0.0151,0.0223,0.0,0.0192,0.0198,0.0,0.0
100000005674387100,peripheral,0.666,9,0.0711,"Вход 26 тыс. от 1, выход 0 на 0; пороги ролей не достигнуты",False,3,1,1,0,26200.0,0.0,1,0,0.0,0.0,1,0,0,0,19.191008761888085,0.00028965853203188175,0.0,3.0588951023382876e-10,0.0,False,,,0.0,,1.0,0,False,0,0.41,log_in,False,,0.0167,0.0193,0.0,0.0192,0.0159,0.0,0.0
100000003636627100,peripheral,0.405,18,0.3883,"Вход 77 тыс. от 1, выход 10 тыс. на 1; пороги ролей не достигнуты [дробление у порога: 6 перев.; возвратный поток]",False,3,0,1,1,77000.0,10000.0,8,1,0.12987012987012986,1.0,7,0,1,0,42279.79412784341,0.0019763124102948008,1.2423235033245027e-05,0.0,0.0,False,,,0.0,3.0,1.0,6,True,1,1.67,log_out,False,,0.0101,0.1662,0.0,0.0799,0.0986,0.0,0.0333
100000001275752100,terminal,0.894,2,0.3383,"Получил 152 тыс. от 1 плательщ.; исходящих нет, хотя колено 3 обходилось — деньги остались",False,3,0,1,0,151500.0,0.0,1,0,0.0,0.0,9,0,1,0,191.15720706695734,0.00029337452908966797,0.0,3.220733583683774e-06,0.0,False,,observed,0.0,,1.0,0,False,0,0.71,log_in,False,,0.1229,0.0526,0.0,0.1361,0.0266,0.0,0.0
100000002459240100,terminal,0.892,7,0.2776,"Получил 150 тыс. от 1 плательщ.; исходящих нет, хотя колено 3 обходилось — деньги остались",False,3,0,1,0,150000.0,0.0,1,0,0.0,0.0,7,0,1,0,231.3183785321075,0.00029043067032840335,0.0,0.0029401739563140994,0.0,False,,observed,0.0,,1.0,0,False,0,0.71,log_in,False,,0.1226,0.0566,0.0,0.0799,0.0184,0.0,0.0
100000002644285100,terminal,0.971,14,0.2694,"Получил 500 тыс. от 1 плательщ.; исходящих нет, хотя колено 3 обходилось — деньги остались",False,3,0,1,0,500000.0,0.0,1,0,0.0,0.0,2,0,1,0,160.3721659880976,0.00030938521828855235,0.0,3.794136183730392e-07,0.0,False,,observed,0.0,,1.0,0,False,0,1.48,log_in,False,,0.1335,0.0493,0.0,0.0397,0.0469,0.0,0.0
100000005186109100,peripheral,0.8,3,0.3042,"Вход 5 тыс. от 1, выход 0 на 0; пороги ролей не достигнуты",False,3,0,1,0,5000.0,0.0,1,0,0.0,0.0,7,0,1,0,5000.0,0.0006059178330672808,0.0,0.0,0.0,False,,,0.0,,1.0,1,False,0,1.47,log_in,False,,0.02,0.1158,0.0,0.0799,0.0884,0.0,0.0
100000005317181100,peripheral,0.281,1,0.2761,"Вход 141 тыс. от 1, выход 14 тыс. на 1; пороги ролей не достигнуты",False,3,0,1,1,141250.0,14500.0,1,1,0.10265486725663717,1.0,7,0,1,0,2484.410988142792,0.000322417396545991,0.0,0.001137907385155322,1.922024458454748e-05,False,,,0.0,,1.0,0,False,0,1.74,log_out,False,,0.007,0.1052,0.0,0.0799,0.0553,0.0287,0.0
100000003001661100,peripheral,0.324,22,0.3674,"Вход 110 тыс. от 1, выход 440 тыс. на 5; пороги ролей не достигнуты [возвратный поток]",False,3,0,1,5,110000.0,439500.0,1,8,3.9954545454545456,5.0,7,0,1,0,2638.956824984908,0.0005464870342921869,1.6305487648622814e-09,2.91876993847384e-271,8.322167758257671e-05,False,,,0.0,8.5,1.0,0,False,1,2.36,log_out,False,,0.0081,0.1063,0.0,0.0799,0.0841,0.0723,0.0167
100000000288317100,peripheral,0.348,8,0.3,"Вход 100 тыс. от 2, выход 54 тыс. на 3; пороги ролей не достигнуты",False,3,0,2,3,100000.0,53500.0,2,3,0.535,1.5,7,0,2,0,1414.199758446725,0.0003128334856204945,1.57847465707e-313,0.001765465983214601,5.8255174307803695e-05,False,,,0.308411214953271,2.5,1.0,0,False,0,1.98,log_out,False,,0.0087,0.0962,0.0,0.0799,0.0495,0.0657,0.0
100000004368189100,peripheral,0.112,14,0.1612,"Вход 385 тыс. от 1, выход 28 тыс. на 2; пороги ролей не достигнуты [сквозной пропуск ≤2дн]",False,3,0,1,2,384600.0,28200.0,1,2,0.07332293291731669,2.0,2,0,1,0,123.35827007804468,0.0003038885030129052,0.0,3.794136183730392e-07,2.774055919419224e-06,False,,,0.7695035460992907,1.0,1.0,0,False,0,1.86,log_out,False,,0.0028,0.0432,0.0,0.0397,0.0428,0.0159,0.0167
100000004493586100,peripheral,0.8,1,0.1202,"Вход 8 тыс. от 1, выход 0 на 0; пороги ролей не достигнуты",False,3,0,1,0,7500.0,0.0,1,0,0.0,0.0,7,0,1,0,7.997807376858972,0.00028863973665071367,0.0,0.0006428156575478821,0.0,False,,,0.0,,1.0,1,False,0,1.21,log_in,False,,0.02,0.0092,0.0,0.0799,0.0111,0.0,0.0
100000004114962100,terminal,0.899,7,0.3673,"Получил 165 тыс. от 2 плательщ.; исходящих нет, хотя колено 3 обходилось — деньги остались",False,3,0,2,0,165000.0,0.0,2,0,0.0,0.0,7,0,2,0,428.3410221753259,0.0007112908662345295,0.0,0.0029636816739710176,0.0,False,,observed,0.0,,1.0,0,False,0,1.63,in_deg,False,,0.1236,0.0724,0.0,0.0799,0.0913,0.0,0.0
100000008088082100,peripheral,0.577,4,0.2364,"Вход 39 тыс. от 1, выход 50 тыс. на 1; пороги ролей не достигнуты",False,3,0,1,1,39138.0,50000.0,1,1,1.2775307884920026,1.0,7,0,1,0,474.8204526198349,0.00030005728529521367,0.0,0.00025946007686321234,1.922024458454748e-05,False,,,0.0,20.0,1.0,0,False,0,1.96,log_out,False,,0.0144,0.0752,0.0,0.0799,0.0382,0.0287,0.0
100000008595687100,peripheral,0.445,3,0.3364,"Вход 64 тыс. от 1, выход 10 тыс. на 1; пороги ролей не достигнуты [сквозной пропуск ≤2дн; возвратный поток]",False,3,0,1,1,64395.0,10400.0,1,1,0.161503222299868,1.0,7,0,1,0,671.870724120608,0.00030485762729909343,5.316399347773137e-06,5.2569834314297354e-05,0.00030108414068267934,False,,,1.0,1.0,1.0,0,False,3,1.68,log_out,False,,0.0111,0.0816,0.0,0.0799,0.0434,0.087,0.0333
100000001248999100,peripheral,0.715,16,0.145,"Вход 23 тыс. от 1, выход 0 на 0; пороги ролей не достигнуты",False,3,0,1,0,23425.0,0.0,1,0,0.0,0.0,7,0,1,0,62.10461069867369,0.0002892563668937372,0.0,0.000233344615948652,0.0,False,,,0.0,,1.0,0,False,0,0.48,log_in,False,,0.0179,0.0331,0.0,0.0799,0.0141,0.0,0.0
100000002736316100,terminal,0.935,1,0.3704,"Получил 267 тыс. от 3 плательщ.; исходящих нет, хотя колено 3 обходилось — деньги остались",False,3,0,3,0,266921.0,0.0,3,0,0.0,0.0,7,0,3,0,1205.6373458770295,0.00038382327241415735,0.0,0.002506687464960339,0.0,False,,observed,0.0,,2.0,0,False,0,3.26,in_deg,False,,0.1286,0.0937,0.0,0.0799,0.0681,0.0,0.0
100000008596924100,terminal,0.861,18,0.3202,"Получил 100 тыс. от 1 плательщ.; исходящих нет, хотя колено 3 обходилось — деньги остались",False,3,0,1,0,100000.0,0.0,1,0,0.0,0.0,1,0,0,0,3789.5747395369135,0.0004160204242994224,0.0,1.23619985386e-313,0.0,False,,observed,0.0,,1.0,0,False,0,0.45,log_in,False,,0.1184,0.1107,0.0,0.0192,0.0718,0.0,0.0
100000008598972100,terminal,0.876,15,0.2287,"Получил 120 тыс. от 1 плательщ.; исходящих нет, хотя колено 3 обходилось — деньги остались",False,3,0,1,0,120000.0,0.0,1,0,0.0,0.0,1,0,0,0,262.6962657583874,0.00029411601502281744,0.0,7.936044019065454e-05,0.0,False,,observed,0.0,,1.0,0,False,0,0.56,log_in,False,,0.1205,0.0606,0.0,0.0192,0.0284,0.0,0.0
100000002769809100,terminal,0.873,19,0.3633,"Получил 113 тыс. от 1 плательщ.; исходящих нет, хотя колено 3 обходилось — деньги остались",False,3,0,1,0,113422.0,0.0,1,0,0.0,0.0,7,0,1,0,1351.881821428219,0.00037774425946329753,0.0,0.0,0.0,False,,observed,0.0,,1.0,0,False,0,0.53,log_in,False,,0.12,0.0957,0.0,0.0799,0.0676,0.0,0.0
100000003089553100,terminal,0.892,2,0.329,"Получил 150 тыс. от 1 плательщ.; исходящих нет, хотя колено 3 обходилось — деньги остались",False,3,0,1,0,150000.0,0.0,1,0,0.0,0.0,8,0,1,0,78.61691568875864,0.0003070919971826514,0.0,2.612568276300329e-07,0.0,False,,observed,0.0,,1.0,0,False,0,0.71,log_in,False,,0.1226,0.0359,0.0,0.1253,0.0452,0.0,0.0
100000002343825100,peripheral,0.124,2,0.3168,"Вход 350 тыс. от 3, выход 90 тыс. на 2; пороги ролей не достигнуты",False,3,0,3,2,350000.0,89800.0,4,2,0.25657142857142856,0.6666666666666666,8,0,3,0,353.9025728676903,0.00033359725354762797,0.0,3.617463219639337e-06,4.279971989961088e-05,False,,,0.5567928730512249,3.0,2.0,0,False,0,3.26,in_deg,False,,0.0031,0.0685,0.0,0.1253,0.0587,0.0612,0.0
100000002015633100,peripheral,0.363,7,0.1472,"Вход 95 тыс. от 1, выход 0 на 0; пороги ролей не достигнуты",False,3,0,1,0,94970.0,0.0,1,0,0.0,0.0,7,0,1,0,146.455376061295,0.0002886471934791066,0.0,0.0029401739563140994,0.0,False,,,0.0,,1.0,0,False,0,0.41,log_in,False,,0.0091,0.0471,0.0,0.0799,0.0112,0.0,0.0
100000002906470100,terminal,0.88,19,0.3355,"Получил 130 тыс. от 1 плательщ.; исходящих нет, хотя колено 3 обходилось — деньги остались",False,3,0,1,0,130000.0,0.0,1,0,0.0,0.0,7,0,1,0,964.3629056184607,0.00030780128727312094,0.0,8.448073037865009e-05,0.0,False,,observed,0.0,,1.0,0,False,0,0.62,log_in,False,,0.121,0.0888,0.0,0.0799,0.0458,0.0,0.0
100000005628518100,peripheral,0.405,19,0.2471,"Вход 77 тыс. от 1, выход 0 на 0; пороги ролей не достигнуты",False,3,0,1,0,77000.0,0.0,3,0,0.0,0.0,7,0,1,0,492.3356643356644,0.0005329929869212512,0.0,0.0,0.0,False,,,0.0,,1.0,0,False,0,0.28,log_in,False,,0.0101,0.0758,0.0,0.0799,0.0812,0.0,0.0
100000002958139100,terminal,0.919,2,0.3484,"Получил 210 тыс. от 1 плательщ.; исходящих нет, хотя колено 3 обходилось — деньги остались",False,3,0,1,0,209500.0,0.0,2,0,0.0,0.0,8,0,1,0,244.28491051774324,0.00030027317473638757,0.0,1.966214550791006e-06,0.0,False,,observed,0.0,,1.0,0,False,0,0.92,log_in,False,,0.1264,0.0583,0.0,0.1253,0.0384,0.0,0.0
100000008754747100,peripheral,0.539,9,0.083,"Вход 46 тыс. от 1, выход 0 на 0; пороги ролей не достигнуты",False,3,1,1,0,45500.0,0.0,1,0,0.0,0.0,1,0,0,0,33.32789689564534,0.0002926708331701108,0.0,3.0588951023382876e-10,0.0,False,,,0.0,,1.0,0,False,0,0.06,log_in,False,,0.0135,0.0252,0.0,0.0192,0.025,0.0,0.0
100000008776720100,peripheral,0.669,9,0.0703,"Вход 26 тыс. от 1, выход 0 на 0; пороги ролей не достигнуты",False,3,1,1,0,26150.0,0.0,1,0,0.0,0.0,1,0,0,0,19.154384699365398,0.0002896507281429226,0.0,3.0588951023382876e-10,0.0,False,,,0.0,,1.0,0,False,0,0.41,log_in,False,,0.0167,0.0187,0.0,0.0192,0.0157,0.0,0.0
100000008576528100,peripheral,0.653,7,0.128,"Вход 28 тыс. от 1, выход 0 на 0; пороги ролей не достигнуты",False,3,0,1,0,28000.0,0.0,1,0,0.0,0.0,7,0,1,0,43.179430659326734,0.0002864767510913652,0.0,0.0029401739563140994,0.0,False,,,0.0,,1.0,0,False,0,0.37,log_in,False,,0.0163,0.0284,0.0,0.0799,0.0034,0.0,0.0
100000004603109100,peripheral,0.05,13,0.374,"Вход 2.7 млн от 3, выход 400 тыс. на 2; пороги ролей не достигнуты [сквозной пропуск ≤2дн; возвратный поток]",False,3,0,3,2,2730000.0,400000.0,8,2,0.14652014652014653,0.6666666666666666,2,0,3,0,266263.474782838,0.0031783652796316926,5.703687675028197e-248,4.809448994478409e-248,6.93513979854806e-07,False,,,1.0,0.0,2.0,0,False,6,3.26,in_deg,False,,0.0013,0.1937,0.0,0.0397,0.0999,0.0062,0.0333
100000008721637100,peripheral,0.7,6,0.2519,"Вход 24 тыс. от 1, выход 127 тыс. на 2; пороги ролей не достигнуты",False,3,0,1,2,24041.0,127000.0,1,2,5.282642152988644,2.0,7,0,1,0,324.95816492511756,0.0002904606519895623,2.1725552992725714e-05,0.0016044117305492448,7.331450401719378e-05,False,,,0.09448818897637795,0.0,1.0,0,False,0,2.13,log_out,False,,0.0175,0.0663,0.0,0.0799,0.0185,0.0696,0.0
100000004491749100,peripheral,0.505,18,0.1951,"Вход 50 тыс. от 1, выход 0 на 0; пороги ролей не достигнуты",False,3,0,1,0,50000.0,0.0,1,0,0.0,0.0,1,0,0,0,1894.7873697684568,0.0003507948592583566,0.0,1.23619985386e-313,0.0,False,,,0.0,,1.0,0,False,0,0.0,log_in,False,,0.0126,0.1005,0.0,0.0192,0.0627,0.0,0.0
100000005171642100,transit,0.932,18,0.4903,"Пропуск 98%: получил 697 тыс., отдал 684 тыс.; 2→1 контрагента; в ≤2 дн ушло 96% [сквозной пропуск ≤2дн; возвратный поток]",False,3,0,2,1,696800.0,683600.0,5,4,0.9810562571756601,0.5,1,0,0,0,334734.3473524815,0.0027671822247582792,1.2626060455070011e-05,8.085030393836755e-298,3.962937027741748e-07,False,,,0.96255119953189,2.0,1.0,2,False,2,2.44,log_out,False,,0.1398,0.1953,0.0,0.0192,0.0996,0.0031,0.0333
100000008682426100,peripheral,0.754,10,0.1512,"Вход 20 тыс. от 1, выход 0 на 0; пороги ролей не достигнуты",False,3,0,1,0,20000.0,0.0,1,0,0.0,0.0,7,0,1,0,53.78414168664247,0.0002912223270400026,0.0,2.4413789354590045e-05,0.0,False,,,0.0,,1.0,0,False,0,0.58,log_in,False,,0.0189,0.0314,0.0,0.0799,0.021,0.0,0.0
100000006209210100,terminal,0.924,4,0.3805,"Получил 229 тыс. от 1 плательщ.; исходящих нет, хотя колено 3 обходилось — деньги остались",False,3,0,1,0,229111.0,0.0,1,0,0.0,0.0,7,0,1,0,3204.0398529160525,0.0003608027133122132,0.0,0.00010831189501834011,0.0,False,,observed,0.0,,1.0,0,False,0,0.98,log_in,False,,0.1271,0.1087,0.0,0.0799,0.0648,0.0,0.0
100000003888527100,peripheral,0.634,7,0.2595,"Вход 30 тыс. от 1, выход 0 на 0; пороги ролей не достигнуты",False,3,0,1,0,30000.0,0.0,1,0,0.0,0.0,7,0,1,0,1550.6038607274038,0.0003666748083508476,0.0,2.4284365594566553e-05,0.0,False,,,0.0,,1.0,0,False,0,0.32,log_in,False,,0.0158,0.0976,0.0,0.0799,0.0661,0.0,0.0
100000008490127100,peripheral,0.095,7,0.2768,"Вход 432 тыс. от 1, выход 923 тыс. на 6; пороги ролей не достигнуты",False,3,0,1,6,431755.0,923000.0,2,9,2.137786476126507,6.0,7,0,1,0,665.8191101542005,0.00029956211716964667,9.908246009166667e-256,0.0029401739563140994,0.00011532146750728487,False,,,0.0,,1.0,0,False,0,2.49,log_out,False,,0.0024,0.0811,0.0,0.0799,0.0372,0.0762,0.0
100000004336228100,peripheral,0.489,1,0.2068,"Вход 51 тыс. от 1, выход 0 на 0; пороги ролей не достигнуты",False,3,0,1,0,51407.0,0.0,2,0,0.0,0.0,7,0,1,0,694.8597971925261,0.0002960285109303709,0.0,0.0016044117305492448,0.0,False,,,0.0,,1.0,0,False,0,0.02,log_in,False,,0.0122,0.0826,0.0,0.0799,0.0321,0.0,0.0
100000006844004100,peripheral,0.738,4,0.2738,"Вход 21 тыс. от 1, выход 0 на 0; пороги ролей не достигнуты",False,3,0,1,0,20600.0,0.0,1,0,0.0,0.0,7,0,1,0,1082.3605590397742,0.0005454417164852393,0.0,0.0,0.0,False,,,0.0,,1.0,0,False,0,0.56,log_in,False,,0.0184,0.0915,0.0,0.0799,0.0839,0.0,0.0
100000001688676100,terminal,0.882,19,0.3365,"Получил 134 тыс. от 1 плательщ.; исходящих нет, хотя колено 3 обходилось — деньги остались",False,3,0,1,0,133700.0,0.0,1,0,0.0,0.0,7,0,1,0,991.8101575476015,0.0003084340439985561,0.0,8.448073037865009e-05,0.0,False,,observed,0.0,,1.0,0,False,0,0.63,log_in,False,,0.1213,0.0891,0.0,0.0799,0.0462,0.0,0.0
100000008712036100,peripheral,0.735,9,0.0663,"Вход 21 тыс. от 1, выход 0 на 0; пороги ролей не достигнуты",False,3,1,1,0,21000.0,0.0,1,0,0.0,0.0,1,0,0,0,15.382106259528618,0.00028884692758013086,0.0,3.0588951023382876e-10,0.0,False,,,0.0,,1.0,0,False,0,0.55,log_in,False,,0.0184,0.0163,0.0,0.0192,0.0124,0.0,0.0
100000004697956100,peripheral,0.8,18,0.2435,"Вход 10 тыс. от 1, выход 10 тыс. на 1; пороги ролей не достигнуты [возвратный поток]",False,3,0,1,1,10000.0,10000.0,1,1,1.0,1.0,1,0,0,0,4083.690712116251,0.0004681160760661781,1.2421621001173871e-05,1.23619985386e-313,0.0,False,,,0.0,3.0,1.0,0,False,1,1.67,log_out,False,,0.02,0.1122,0.0,0.0192,0.0753,0.0,0.0167
100000004921657100,peripheral,0.8,8,0.3717,"Вход 8 тыс. от 1, выход 22 тыс. на 1; пороги ролей не достигнуты [сквозной пропуск ≤2дн]",False,3,0,1,1,8300.0,22190.0,1,1,2.6734939759036145,1.0,10,0,1,0,8300.0,0.00036129622421142676,0.0,0.0,0.0,False,,,1.0,0.0,1.0,1,False,0,1.82,log_out,False,,0.02,0.126,0.0,0.1441,0.0649,0.0,0.0167
100000000408846100,peripheral,0.563,25,0.1711,"Вход 40 тыс. от 1, выход 0 на 0; пороги ролей не достигнуты",False,3,0,1,0,40500.0,0.0,1,0,0.0,0.0,7,0,1,0,137.14173307727123,0.0002957255734808806,0.0,2.8321519604650354e-232,0.0,False,,,0.0,,1.0,0,False,0,0.13,log_in,False,,0.0141,0.0456,0.0,0.0799,0.0315,0.0,0.0
100000003406094100,peripheral,0.428,3,0.3828,"Вход 70 тыс. от 1, выход 47 тыс. на 3; пороги ролей не достигнуты [возвратный поток]",False,3,0,1,3,70000.0,47000.0,4,3,0.6714285714285714,3.0,7,0,1,0,8327.44359905022,0.000778150781378675,1.1351904598221208e-06,0.0,3.883678287186913e-05,False,,,0.14893617021276595,8.0,1.0,0,False,1,1.95,log_out,False,,0.0107,0.1262,0.0,0.0799,0.0924,0.0568,0.0167
100000008695566100,peripheral,0.607,9,0.076,"Вход 34 тыс. от 1, выход 0 на 0; пороги ролей не достигнуты",False,3,1,1,0,33700.0,0.0,1,0,0.0,0.0,1,0,0,0,24.68461814029116,0.0002908291153757531,0.0,3.0588951023382876e-10,0.0,False,,,0.0,,1.0,0,False,0,0.25,log_in,False,,0.0152,0.022,0.0,0.0192,0.0196,0.0,0.0
100000005974542100,peripheral,0.366,27,0.3313,"Вход 94 тыс. от 1, выход 0 на 0; пороги ролей не достигнуты",False,3,0,1,0,94500.0,0.0,3,0,0.0,0.0,7,0,1,0,40886.198461997206,0.0004830472191227783,0.0,3.197873561503488e-06,0.0,False,,,0.0,,1.0,1,False,0,0.41,log_in,False,,0.0092,0.1657,0.0,0.0799,0.0764,0.0,0.0
100000001887715100,peripheral,0.05,2,0.3528,"Вход 1.3 млн от 3, выход 750 тыс. на 1; пороги ролей не достигнуты [сквозной пропуск ≤2дн; 3 плательщ. в 1 день]",False,3,0,3,1,1331500.0,750000.0,4,1,0.5632745024408562,0.3333333333333333,9,0,3,0,113.73894148026137,0.0007309294553868685,0.0,1.3426258245089674e-06,2.2588741058127966e-05,False,,,1.0,0.0,3.0,0,False,0,3.26,in_deg,False,,0.0013,0.0421,0.0,0.1361,0.0918,0.0482,0.0333
100000002472632100,peripheral,0.071,24,0.352,"Вход 502 тыс. от 2, выход 20 тыс. на 1; пороги ролей не достигнуты",False,3,0,2,1,502400.0,20000.0,3,1,0.03980891719745223,0.5,7,0,2,0,10479.615424579059,0.000985619333290868,0.0,2.5213387659106686e-06,2.0012831990095827e-05,False,,,0.0,,1.0,0,False,0,1.8,log_out,False,,0.0018,0.133,0.0,0.0799,0.0951,0.0422,0.0
100000004629688100,peripheral,0.8,3,0.2462,"Вход 5 тыс. от 1, выход 15 тыс. на 1; пороги ролей не достигнуты [возвратный поток]",False,3,0,1,1,5000.0,15000.0,1,2,3.0,1.0,7,0,1,0,265.17939684967166,0.00038797258449924294,1.5429536631932864e-05,9.023756758629543e-290,0.0,False,,,0.0,3.0,1.0,1,False,1,1.75,log_out,False,,0.02,0.0609,0.0,0.0799,0.0687,0.0,0.0167
100000002459832100,terminal,0.988,15,0.3889,"Получил 881 тыс. от 2 плательщ.; исходящих нет, хотя колено 3 обходилось — деньги остались",False,3,0,2,0,880606.0,0.0,2,0,0.0,0.0,7,0,1,0,2267.8042378188634,0.0003931880367042986,0.0,0.00020964081242312105,0.0,False,,observed,0.0,,1.0,0,False,0,1.84,log_in,False,,0.1358,0.1034,0.0,0.0799,0.0697,0.0,0.0
100000006100920100,terminal,0.861,1,0.2957,"Получил 100 тыс. от 1 плательщ.; исходящих нет, хотя колено 3 обходилось — деньги остались",False,3,0,1,0,100000.0,0.0,1,0,0.0,0.0,7,0,1,0,106.63743169145297,0.00032650852666292734,0.0,0.0006428156575478821,0.0,False,,observed,0.0,,1.0,0,False,0,0.45,log_in,False,,0.1184,0.0409,0.0,0.0799,0.0565,0.0,0.0
100000001439416100,peripheral,0.8,4,0.3252,"Вход 10 тыс. от 1, выход 165 тыс. на 2; пороги ролей не достигнуты [возвратный поток]",False,3,0,1,2,10000.0,165000.0,1,3,16.5,2.0,7,0,1,0,2805.083078522659,0.00034089967599193374,0.00010279294288180193,2.350941696846872e-06,1.981468513870874e-05,False,,,0.0,18.0,1.0,0,False,1,2.18,log_out,False,,0.02,0.1071,0.0,0.0799,0.0608,0.0407,0.0167
100000002121357100,peripheral,0.168,2,0.2711,"Вход 255 тыс. от 2, выход 113 тыс. на 1; пороги ролей не достигнуты",False,3,0,2,1,255300.0,113000.0,2,1,0.4426165295730513,0.5,8,0,2,0,94.98644281668695,0.00032627377480928593,0.0,5.922167199407372e-07,2.159800680119253e-05,False,,,0.0,,1.0,0,False,0,2.11,log_out,False,,0.0042,0.039,0.0,0.1253,0.0565,0.0462,0.0
100000002970466100,peripheral,0.716,11,0.1769,"Вход 23 тыс. от 1, выход 93 тыс. на 2; пороги ролей не достигнуты",False,3,0,1,2,23317.0,93000.0,1,3,3.9885062400823434,2.0,7,0,1,0,20.44360802045676,0.0002868825068890663,0.0,0.0029057815328092595,3.844048916909496e-05,False,,,0.43010752688172044,3.0,1.0,0,False,0,2.08,log_out,False,,0.0179,0.02,0.0,0.0799,0.0045,0.0545,0.0
100000002581346100,terminal,0.9,7,0.2837,"Получил 166 тыс. от 1 плательщ.; исходящих нет, хотя колено 3 обходилось — деньги остались",False,3,0,1,0,166400.0,0.0,1,0,0.0,0.0,7,0,1,0,256.6091879182846,0.00029096218078321833,0.0,0.0029401739563140994,0.0,False,,observed,0.0,,1.0,0,False,0,0.77,log_in,False,,0.1238,0.0599,0.0,0.0799,0.0201,0.0,0.0
100000008738658100,peripheral,0.643,9,0.0741,"Вход 30 тыс. от 1, выход 0 на 0; пороги ролей не достигнуты",False,3,1,1,0,29920.0,0.0,1,0,0.0,0.0,1,0,0,0,21.91583901357601,0.0002902391413704419,0.0,3.0588951023382876e-10,0.0,False,,,0.0,,1.0,0,False,0,0.32,log_in,False,,0.0161,0.0209,0.0,0.0192,0.0178,0.0,0.0
100000005910114100,distributor,0.688,4,0.5258,Рассылает на 19 получателей 1.5 млн (веер 6:1); плательщиков 3 [возвратный поток; аномалия для колена],False,3,0,3,19,326144.0,1469993.0,3,56,4.507190075549451,6.333333333333333,7,0,3,0,3677.3691695296116,0.0003616504127742257,0.0049211322676943735,0.004303148994827794,0.005842206056572956,False,,,0.42215711231277975,1.0,1.0,0,False,255,6.8,out_deg,True,,0.1376,0.1104,0.0,0.0799,0.065,0.0995,0.0333
100000001046626100,terminal,0.892,7,0.2776,"Получил 150 тыс. от 1 плательщ.; исходящих нет, хотя колено 3 обходилось — деньги остались",False,3,0,1,0,150000.0,0.0,1,0,0.0,0.0,7,0,1,0,231.3183785321075,0.00029043067032840335,0.0,0.0029401739563140994,0.0,False,,observed,0.0,,1.0,0,False,0,0.71,log_in,False,,0.1226,0.0566,0.0,0.0799,0.0184,0.0,0.0
100000006492770100,peripheral,0.16,11,0.2256,"Вход 269 тыс. от 1, выход 20 тыс. на 1; пороги ролей не достигнуты [сквозной пропуск ≤2дн]",False,3,0,1,1,269000.0,20000.0,1,1,0.07434944237918216,1.0,7,0,1,0,235.85069080511508,0.0003007193653545543,0.0,0.0029057815328092595,1.922024458454748e-05,False,,,1.0,1.0,1.0,0,False,0,1.8,log_out,False,,0.004,0.0572,0.0,0.0799,0.0391,0.0287,0.0167
100000001674850100,terminal,0.927,2,0.3353,"Получил 237 тыс. от 2 плательщ.; исходящих нет, хотя колено 3 обходилось — деньги остались",False,3,0,2,0,237000.0,0.0,2,0,0.0,0.0,8,0,2,0,56.41687480774954,0.0003140936423748864,0.0,2.4578559786270733e-06,0.0,False,,observed,0.0,,2.0,0,False,0,1.63,in_deg,False,,0.1275,0.032,0.0,0.1253,0.0505,0.0,0.0
100000000860514100,peripheral,0.8,24,0.2575,"Вход 12 тыс. от 1, выход 50 тыс. на 1; пороги ролей не достигнуты",False,3,0,1,1,12000.0,50000.0,1,1,4.166666666666667,1.0,7,0,1,0,399.6024793090346,0.0003062893737864735,0.0,2.5006816366679155e-06,2.0012831990095827e-05,False,,,0.0,11.0,1.0,0,False,0,1.96,log_out,False,,0.02,0.0709,0.0,0.0799,0.0445,0.0422,0.0
100000003650146100,peripheral,0.8,3,0.1958,"Вход 14 тыс. от 1, выход 0 на 0; пороги ролей не достигнуты",False,3,0,1,0,14400.0,0.0,1,0,0.0,0.0,7,0,1,0,237.95576526067381,0.00030012735117663754,0.0,2.447514911523943e-05,0.0,False,,,0.0,,1.0,0,False,0,0.79,log_in,False,,0.02,0.0576,0.0,0.0799,0.0383,0.0,0.0
100000001227106100,terminal,0.898,7,0.2828,"Получил 165 тыс. от 1 плательщ.; исходящих нет, хотя колено 3 обходилось — деньги остались",False,3,0,1,0,164765.0,0.0,1,0,0.0,0.0,7,0,1,0,254.0878175922846,0.00029090919178360717,0.0,0.0029401739563140994,0.0,False,,observed,0.0,,1.0,0,False,0,0.77,log_in,False,,0.1235,0.0595,0.0,0.0799,0.0199,0.0,0.0
100000003647799100,terminal,0.861,7,0.2587,"Получил 100 тыс. от 1 плательщ.; исходящих нет, хотя колено 3 обходилось — деньги остались",False,3,0,1,0,100000.0,0.0,1,0,0.0,0.0,7,0,1,0,154.21225235473833,0.00028881021162469923,0.0,0.0029401739563140994,0.0,False,,observed,0.0,,1.0,0,False,0,0.45,log_in,False,,0.1184,0.0485,0.0,0.0799,0.0119,0.0,0.0
100000008293431100,peripheral,0.5,1,0.2189,"Вход 15 тыс. от 1, выход 297 тыс. на 5; пороги ролей не достигнуты [возвратный поток]",False,3,0,1,5,15000.0,297000.0,1,7,19.8,5.0,7,0,1,0,107.50465145143866,0.00028689952801563704,0.0003669221882755216,0.0011319383959652314,5.6870616875245766e-05,False,,,0.0,,1.0,0,False,1,2.29,log_out,False,,0.0125,0.0411,0.0,0.0799,0.0048,0.0639,0.0167
100000002975287100,peripheral,0.8,7,0.1459,"Вход 15 тыс. от 1, выход 0 на 0; пороги ролей не достигнуты",False,3,0,1,0,15000.0,0.0,1,0,0.0,0.0,7,0,1,0,56.98716893335413,0.00028919231957213884,0.0,0.0004659017954226318,0.0,False,,,0.0,,1.0,0,False,0,0.77,log_in,False,,0.02,0.0322,0.0,0.0799,0.0137,0.0,0.0
100000008507703100,peripheral,0.65,9,0.0731,"Вход 28 тыс. от 1, выход 0 на 0; пороги ролей не достигнуты",False,3,1,1,0,28500.0,0.0,1,0,0.0,0.0,1,0,0,0,20.875715637931695,0.00029001751092400227,0.0,3.0588951023382876e-10,0.0,False,,,0.0,,1.0,0,False,0,0.36,log_in,False,,0.0162,0.0204,0.0,0.0192,0.0172,0.0,0.0
100000001733687100,terminal,0.943,2,0.3678,"Получил 300 тыс. от 1 плательщ.; исходящих нет, хотя колено 3 обходилось — деньги остались",False,3,0,1,0,300000.0,0.0,1,0,0.0,0.0,8,0,1,0,349.81132771037215,0.0003066249703782886,0.0,1.966214550791006e-06,0.0,False,,observed,0.0,,1.0,0,False,0,1.15,log_in,False,,0.1297,0.0681,0.0,0.1253,0.0448,0.0,0.0
100000004552204100,peripheral,0.723,4,0.4195,"Вход 22 тыс. от 1, выход 10 тыс. на 2; пороги ролей не достигнуты [возвратный поток]",False,3,0,1,2,22500.0,10000.0,2,2,0.4444444444444444,2.0,8,0,1,0,7232.224285607339,0.0008646978335399401,2.8716835089801863e-241,0.0,2.0210978841482916e-05,False,,,0.0,8.0,1.0,1,False,1,1.67,log_out,False,,0.0181,0.123,0.0,0.1253,0.0937,0.0427,0.0167
100000008223756100,terminal,0.948,15,0.3652,"Получил 332 тыс. от 2 плательщ.; исходящих нет, хотя колено 3 обходилось — деньги остались",False,3,0,2,0,331682.0,0.0,2,0,0.0,0.0,7,0,2,0,1064.1058230654396,0.00035628112116330586,0.0,0.003036061905041726,0.0,False,,observed,0.0,,1.0,0,False,0,1.63,in_deg,False,,0.1304,0.0912,0.0,0.0799,0.0637,0.0,0.0
100000002956769100,terminal,0.987,2,0.451,"Получил 840 тыс. от 3 плательщ.; исходящих нет, хотя колено 3 обходилось — деньги остались [3 плательщ. в 1 день]",False,3,0,3,0,840000.0,0.0,3,0,0.0,0.0,9,0,3,0,1228.7763438556633,0.00038478275617858006,0.0,3.2631504932165773e-06,0.0,False,,observed,0.0,,3.0,0,False,0,3.26,in_deg,False,,0.1357,0.0942,0.0,0.1361,0.0683,0.0,0.0167
100000008555233100,terminal,0.963,2,0.4385,"Получил 441 тыс. от 1 плательщ.; исходящих нет, хотя колено 3 обходилось — деньги остались",False,3,0,1,0,440600.0,0.0,1,0,0.0,0.0,9,0,1,0,2394.2908645645275,0.0003634087205622213,0.0,8.364541908749024e-08,0.0,False,,observed,0.0,,1.0,0,False,0,1.4,log_in,False,,0.1324,0.1047,0.0,0.1361,0.0653,0.0,0.0
100000002346166100,peripheral,0.8,9,0.05,"Вход 6 тыс. от 1, выход 0 на 0; пороги ролей не достигнуты",False,3,1,1,0,6000.0,0.0,1,0,0.0,0.0,1,0,0,0,4.394887502722462,0.00028650576089238805,0.0,3.0588951023382876e-10,0.0,False,,,0.0,,1.0,1,False,0,1.35,log_in,False,,0.02,0.0072,0.0,0.0192,0.0036,0.0,0.0
100000000878006100,peripheral,0.529,7,0.1333,"Вход 47 тыс. от 1, выход 0 на 0; пороги ролей не достигнуты",False,3,0,1,0,47003.0,0.0,1,0,0.0,0.0,7,0,1,0,72.48438497429765,0.000287092622626295,0.0,0.0029401739563140994,0.0,False,,,0.0,,1.0,0,False,0,0.04,log_in,False,,0.0132,0.0351,0.0,0.0799,0.0051,0.0,0.0
100000004997515100,peripheral,0.107,2,0.3893,"Вход 395 тыс. от 4, выход 54 тыс. на 4; пороги ролей не достигнуты [аномалия для колена]",False,3,0,4,4,395000.0,54500.0,4,4,0.1379746835443038,1.0,9,0,3,0,1526.1577964642597,0.0003566158833194684,1.5362965042255266e-289,2.331062061286473e-06,8.956237682696351e-05,False,,,0.0,6.5,1.0,0,False,0,4.88,in_deg,True,,0.0027,0.0974,0.0,0.1361,0.0638,0.0726,0.0167
100000007653003100,terminal,0.861,16,0.2992,"Получил 100 тыс. от 1 плательщ.; исходящих нет, хотя колено 3 обходилось — деньги остались",False,3,0,1,0,100000.0,0.0,1,0,0.0,0.0,7,0,1,0,265.1210702184576,0.0003013091989193027,0.0,0.000233344615948652,0.0,False,,observed,0.0,,1.0,0,False,0,0.45,log_in,False,,0.1184,0.0608,0.0,0.0799,0.04,0.0,0.0
100000000661131100,peripheral,0.8,9,0.0599,"Вход 16 тыс. от 1, выход 0 на 0; пороги ролей не достигнуты",False,3,1,1,0,15600.0,0.0,1,0,0.0,0.0,1,0,0,0,11.426707507078401,0.00028800410757254345,0.0,3.0588951023382876e-10,0.0,False,,,0.0,,1.0,0,False,0,0.74,log_in,False,,0.02,0.0128,0.0,0.0192,0.0078,0.0,0.0
100000003880331100,distributor,0.761,8,0.4693,Рассылает на 16 получателей 3.9 млн (веер 16:1); плательщиков 1 [возвратный поток; аномалия для колена],False,3,0,1,16,100000.0,3904908.0,1,31,39.04908,16.0,7,0,1,0,332.25966794819254,0.0003076581045462558,0.006098820271464862,0.0001302803722324665,0.0006596540844331799,False,,,0.4467150058336842,1.0,1.0,0,False,21,5.72,out_deg,True,,0.1522,0.0667,0.0,0.0799,0.0457,0.0915,0.0333
100000003204491100,peripheral,0.285,1,0.2571,"Вход 140 тыс. от 1, выход 100 тыс. на 1; пороги ролей не достигнуты [сквозной пропуск ≤2дн]",False,3,0,1,1,140000.0,100000.0,1,2,0.7142857142857143,1.0,7,0,1,0,1003.3767468800941,0.00029798480966852173,0.0,0.0011319383959652314,1.922024458454748e-05,False,,,1.0,0.0,1.0,0,False,0,2.09,log_out,False,,0.0071,0.0897,0.0,0.0799,0.035,0.0287,0.0167
100000008463968100,peripheral,0.8,9,0.0531,"Вход 10 тыс. от 1, выход 0 на 0; пороги ролей не достигнуты",False,3,1,1,0,10000.0,0.0,1,0,0.0,0.0,1,0,0,0,7.324812504537436,0.00028713007200911945,0.0,3.0588951023382876e-10,0.0,False,,,0.0,,1.0,0,False,0,1.03,log_in,False,,0.02,0.0087,0.0,0.0192,0.0052,0.0,0.0
100000002712416100,terminal,0.874,2,0.3674,"Получил 117 тыс. от 2 плательщ.; исходящих нет, хотя колено 3 обходилось — деньги остались",False,3,0,2,0,116800.0,0.0,2,0,0.0,0.0,9,0,2,0,371.4062330326085,0.0003026575194807802,0.0,2.9815304566938772e-06,0.0,False,,observed,0.0,,1.0,0,False,0,1.63,in_deg,False,,0.1202,0.0697,0.0,0.1361,0.0414,0.0,0.0
100000008754997100,peripheral,0.781,9,0.0642,"Вход 18 тыс. от 1, выход 0 на 0; пороги ролей не достигнуты",False,3,1,1,0,18000.0,0.0,1,0,0.0,0.0,1,0,0,0,13.184662508167387,0.0002883786942425823,0.0,3.0588951023382876e-10,0.0,False,,,0.0,,1.0,0,False,0,0.65,log_in,False,,0.0195,0.0154,0.0,0.0192,0.01,0.0,0.0
100000008011573100,peripheral,0.8,7,0.1459,"Вход 15 тыс. от 1, выход 0 на 0; пороги ролей не достигнуты",False,3,0,1,0,15000.0,0.0,1,0,0.0,0.0,7,0,1,0,56.98716893335413,0.00028919231957213884,0.0,0.0004659017954226318,0.0,False,,,0.0,,1.0,0,False,0,0.77,log_in,False,,0.02,0.0322,0.0,0.0799,0.0137,0.0,0.0
100000003178549100,peripheral,0.172,16,0.3542,"Вход 250 тыс. от 2, выход 89 тыс. на 4; пороги ролей не достигнуты [возвратный поток]",False,3,0,2,4,250000.0,89080.0,2,4,0.35632,2.0,7,0,2,0,2332.8349946434237,0.00035215781948056465,0.0015225878263756562,0.0016231039178147932,0.000272122020152055,False,,,0.0,,1.0,0,False,11,2.07,log_out,False,,0.0043,0.1041,0.0,0.0799,0.0631,0.0861,0.0167
100000000534581100,peripheral,0.467,1,0.24,"Вход 56 тыс. от 2, выход 40 тыс. на 1; пороги ролей не достигнуты",False,3,0,2,1,55960.0,40000.0,2,1,0.7147962830593281,0.5,7,0,2,0,743.9546570572898,0.0002984533219886514,0.0,0.0018638718074124572,1.922024458454748e-05,False,,,0.0,5.0,1.0,1,False,0,1.92,log_out,False,,0.0117,0.0844,0.0,0.0799,0.0353,0.0287,0.0
100000007138613100,coordinator,0.629,11,0.4613,"Сходятся деньги 7 seed, вход 1.0 млн; получает от 2 консолидаторов/координаторов",False,3,0,3,2,1002000.0,179000.0,3,2,0.17864271457085829,0.6666666666666666,7,0,3,0,2330.2507079688135,0.0003541752272666083,0.0,0.006007009741788715,3.883678287186913e-05,False,,,0.0,,1.0,0,False,0,3.26,in_deg,False,получает от 2 консолидаторов/координаторов,0.1572,0.1039,0.0,0.0799,0.0633,0.0568,0.0
100000002380341100,peripheral,0.463,1,0.1708,"Вход 58 тыс. от 1, выход 0 на 0; пороги ролей не достигнуты",False,3,0,1,0,57566.4,0.0,1,0,0.0,0.0,7,0,1,0,61.38733047722858,0.0003091365365238758,0.0,0.0006428156575478821,0.0,False,,,0.0,,1.0,0,False,0,0.09,log_in,False,,0.0116,0.0328,0.0,0.0799,0.0465,0.0,0.0
100000008309514100,peripheral,0.796,9,0.0625,"Вход 17 тыс. от 1, выход 0 на 0; пороги ролей не достигнуты",False,3,1,1,0,17200.0,0.0,1,0,0.0,0.0,1,0,0,0,12.59867750780439,0.000288253832019236,0.0,3.0588951023382876e-10,0.0,False,,,0.0,,1.0,0,False,0,0.68,log_in,False,,0.0199,0.0143,0.0,0.0192,0.0091,0.0,0.0
100000003134474100,terminal,0.874,7,0.2654,"Получил 116 тыс. от 1 плательщ.; исходящих нет, хотя колено 3 обходилось — деньги остались",False,3,0,1,0,116000.0,0.0,1,0,0.0,0.0,7,0,1,0,178.88621273149647,0.0002893287584098846,0.0,0.0029401739563140994,0.0,False,,observed,0.0,,1.0,0,False,0,0.54,log_in,False,,0.1202,0.0508,0.0,0.0799,0.0145,0.0,0.0
100000002373386100,peripheral,0.703,9,0.0691,"Вход 24 тыс. от 1, выход 0 на 0; пороги ролей не достигнуты",False,3,1,1,0,24000.0,0.0,1,0,0.0,0.0,1,0,0,0,17.579550010889847,0.0002893151609176794,0.0,3.0588951023382876e-10,0.0,False,,,0.0,,1.0,0,False,0,0.47,log_in,False,,0.0176,0.018,0.0,0.0192,0.0143,0.0,0.0
100000008684767100,peripheral,0.619,9,0.0744,"Вход 31 тыс. от 1, выход 0 на 0; пороги ролей не достигнуты",False,3,1,1,0,31100.0,0.0,1,0,0.0,0.0,1,0,0,0,22.780166889111428,0.0002904233131498777,0.0,3.0588951023382876e-10,0.0,False,,,0.0,,1.0,0,False,0,0.3,log_in,False,,0.0155,0.0214,0.0,0.0192,0.0183,0.0,0.0
100000008332511100,terminal,0.861,6,0.5218,"Получил 100 тыс. от 1 плательщ.; исходящих нет, хотя колено 3 обходилось — деньги остались",False,3,0,1,0,100000.0,0.0,1,0,0.0,0.0,9,0,1,0,50000.0,0.0011127776746800726,0.0,0.0,0.0,False,,observed,0.0,,1.0,0,False,0,0.45,log_in,False,,0.1184,0.1715,0.0,0.1361,0.0958,0.0,0.0
100000005754335100,peripheral,0.551,7,0.2683,"Вход 44 тыс. от 1, выход 0 на 0; пороги ролей не достигнуты",False,3,0,1,0,44037.0,0.0,1,0,0.0,0.0,7,0,1,0,2276.131407161756,0.00040462407841393883,0.0,2.4284365594566553e-05,0.0,False,,,0.0,,1.0,0,False,0,0.08,log_in,False,,0.0138,0.1035,0.0,0.0799,0.071,0.0,0.0
100000008547295100,peripheral,0.8,18,0.2625,"Вход 15 тыс. от 1, выход 0 на 0; пороги ролей не достигнуты",False,3,0,1,0,15000.0,0.0,1,0,0.0,0.0,1,0,0,0,12599.975241926784,0.0005629711569533369,0.0,1.23619985386e-313,0.0,False,,,0.0,,1.0,0,False,0,0.77,log_in,False,,0.02,0.1369,0.0,0.0192,0.0864,0.0,0.0
100000001875167100,terminal,0.989,7,0.3664,"Получил 1.0 млн от 1 плательщ.; исходящих нет, хотя колено 3 обходилось — деньги остались",False,3,0,1,0,1000000.0,0.0,2,0,0.0,0.0,7,0,1,0,1542.1225235473833,0.0003179784682913741,0.0,0.0029401739563140994,0.0,False,,observed,0.0,,1.0,0,False,0,1.92,log_in,False,,0.136,0.0976,0.0,0.0799,0.0529,0.0,0.0
100000004670388100,peripheral,0.257,1,0.3294,"Вход 160 тыс. от 1, выход 720 тыс. на 2; пороги ролей не достигнуты [возвратный поток]",False,3,0,1,2,160354.0,720000.0,1,4,4.490065729573319,2.0,7,0,1,0,3455.693639243155,0.0005140172616899977,0.0,0.0,1.9616538287321655e-05,False,,,0.5277777777777778,2.5,1.0,0,False,1,2.45,log_out,False,,0.0064,0.1096,0.0,0.0799,0.0785,0.0383,0.0167
100000004097972100,peripheral,0.312,1,0.2967,"Вход 119 тыс. от 1, выход 10 тыс. на 2; пороги ролей не достигнуты",False,3,0,1,2,118878.0,10000.0,1,2,0.0841198539679335,2.0,7,0,1,0,2090.915465121691,0.0003165811788801667,0.0,0.001137907385155322,3.844048916909496e-05,False,,,0.5,7.5,1.0,0,False,0,1.67,log_out,False,,0.0078,0.1024,0.0,0.0799,0.0521,0.0545,0.0
100000000481716100,peripheral,0.8,10,0.2652,"Вход 8 тыс. от 1, выход 0 на 0; пороги ролей не достигнуты",False,3,0,1,0,8000.0,0.0,1,0,0.0,0.0,7,0,1,0,1551.1058645523062,0.0003771539261882796,0.0,2.2795668875118483e-08,0.0,False,,,0.0,,1.0,1,False,0,1.17,log_in,False,,0.02,0.0977,0.0,0.0799,0.0675,0.0,0.0
100000005089460100,peripheral,0.8,9,0.0563,"Вход 12 тыс. от 1, выход 0 на 0; пороги ролей не достигнуты",False,3,1,1,0,12300.0,0.0,1,0,0.0,0.0,1,0,0,0,9.009519380581047,0.00028748905090124,0.0,3.0588951023382876e-10,0.0,False,,,0.0,,1.0,0,False,0,0.89,log_in,False,,0.02,0.0107,0.0,0.0192,0.0064,0.0,0.0
100000003105929100,peripheral,0.096,7,0.2291,"Вход 430 тыс. от 1, выход 156 тыс. на 1; пороги ролей не достигнуты",False,3,0,1,1,429567.0,156354.0,2,1,0.3639804733603838,1.0,7,0,1,0,662.4449460726788,0.0002994912058967726,0.0,0.0029401739563140994,1.922024458454748e-05,False,,,0.0,,1.0,0,False,0,2.17,log_out,False,,0.0024,0.0809,0.0,0.0799,0.0371,0.0287,0.0
100000008379273100,peripheral,0.59,6,0.2783,"Вход 36 тыс. от 2, выход 38 тыс. на 4; пороги ролей не достигнуты",False,3,0,2,4,36000.0,38000.0,2,4,1.0555555555555556,2.0,7,0,2,0,186.2384823860819,0.0002990171904496492,0.00011632381631665593,3.3989760686401816e-06,0.0017005148871402581,False,,,0.0,3.0,1.0,0,False,0,1.91,log_out,False,,0.0148,0.0519,0.0,0.0799,0.0362,0.0955,0.0
100000005357705100,peripheral,0.485,1,0.2779,"Вход 53 тыс. от 1, выход 387 тыс. на 4; пороги ролей не достигнуты",False,3,0,1,4,52595.0,387080.0,1,5,7.35963494628767,4.0,7,0,1,0,710.9177939452003,0.0002962702202200618,1.5362965042255266e-289,0.0016044117305492448,7.688097833818992e-05,False,,,0.2724630567324584,0.0,1.0,0,False,0,2.34,log_out,False,,0.0121,0.0832,0.0,0.0799,0.0324,0.0702,0.0
100000003111305100,terminal,0.972,2,0.4553,"Получил 509 тыс. от 4 плательщ.; исходящих нет, хотя колено 3 обходилось — деньги остались [аномалия для колена]",False,3,0,4,0,509338.0,0.0,4,0,0.0,0.0,8,0,3,0,3292.065505955021,0.00040360180953618035,0.0,2.6654285959156256e-05,0.0,False,,observed,0.0,,2.0,0,False,0,4.88,in_deg,True,,0.1337,0.1089,0.0,0.1253,0.0709,0.0,0.0167
100000008503177100,peripheral,0.607,1,0.1937,"Вход 34 тыс. от 1, выход 0 на 0; пороги ролей не достигнуты",False,3,0,1,0,33951.0,0.0,1,0,0.0,0.0,7,0,1,0,458.9099728535696,0.0002924769306603002,0.0,0.0016044117305492448,0.0,False,,,0.0,,1.0,0,False,0,0.24,log_in,False,,0.0152,0.0741,0.0,0.0799,0.0245,0.0,0.0
100000000955529100,peripheral,0.658,8,0.199,"Вход 27 тыс. от 1, выход 64 тыс. на 1; пороги ролей не достигнуты",False,3,0,1,1,27000.0,63500.0,1,1,2.3518518518518516,1.0,7,0,1,0,209.33192915737527,0.0002956290149139567,0.00019785421761571372,6.407022137400362e-07,3.368496473580486e-06,False,,,0.0,7.0,1.0,0,False,0,2.01,log_out,False,,0.0165,0.0543,0.0,0.0799,0.0314,0.0169,0.0
100000008695689100,peripheral,0.666,9,0.0711,"Вход 26 тыс. от 1, выход 0 на 0; пороги ролей не достигнуты",False,3,1,1,0,26200.0,0.0,1,0,0.0,0.0,1,0,0,0,19.191008761888085,0.00028965853203188175,0.0,3.0588951023382876e-10,0.0,False,,,0.0,,1.0,0,False,0,0.41,log_in,False,,0.0167,0.0193,0.0,0.0192,0.0159,0.0,0.0
100000004184158100,terminal,0.918,1,0.3452,"Получил 204 тыс. от 1 плательщ.; исходящих нет, хотя колено 3 обходилось — деньги остались",False,3,0,1,0,203805.0,0.0,1,0,0.0,0.0,7,0,1,0,1460.665699270697,0.0003036431808354202,0.0,0.0011319383959652314,0.0,False,,observed,0.0,,1.0,0,False,0,0.9,log_in,False,,0.1262,0.0964,0.0,0.0799,0.0426,0.0,0.0
100000005475379100,peripheral,0.329,4,0.3857,"Вход 108 тыс. от 1, выход 81 тыс. на 3; пороги ролей не достигнуты",False,3,0,1,3,108370.0,81000.0,1,3,0.7474393282273692,3.0,8,0,1,0,3910.581972661329,0.0004216387717503735,1.57847465707e-313,4.0375996552677394e-05,6.538846095773885e-05,False,,,0.0,9.0,1.0,0,False,0,2.05,log_out,False,,0.0082,0.1115,0.0,0.1253,0.0721,0.0686,0.0
100000003093299100,peripheral,0.8,11,0.1183,"Вход 15 тыс. от 1, выход 0 на 0; пороги ролей не достигнуты",False,3,0,1,0,15000.0,0.0,1,0,0.0,0.0,7,0,1,0,13.151525509578908,0.00028641409372308623,0.0,0.0029057815328092595,0.0,False,,,0.0,,1.0,0,False,0,0.77,log_in,False,,0.02,0.0152,0.0,0.0799,0.0032,0.0,0.0
100000008767027100,peripheral,0.8,2,0.1817,"Вход 5 тыс. от 1, выход 0 на 0; пороги ролей не достигнуты",False,3,0,1,0,5000.0,0.0,1,0,0.0,0.0,9,0,1,0,26.356579252557093,0.00028633291495751956,0.0,3.5591269374705266e-07,0.0,False,,,0.0,,1.0,1,False,0,1.47,log_in,False,,0.02,0.0228,0.0,0.1361,0.0028,0.0,0.0
100000004539443100,terminal,0.82,8,0.5218,"Получил 62 тыс. от 2 плательщ.; исходящих нет, хотя колено 3 обходилось — деньги остались",False,3,0,2,0,61990.0,0.0,2,0,0.0,0.0,10,0,2,0,48100.0,0.0009561831780302799,0.0,0.0,0.0,False,,observed,0.0,,2.0,0,False,0,1.63,in_deg,False,,0.1128,0.1702,0.0,0.1441,0.0948,0.0,0.0
100000007863304100,peripheral,0.687,7,0.1274,"Вход 25 тыс. от 1, выход 0 на 0; пороги ролей не достигнуты",False,3,0,1,0,25000.0,0.0,1,0,0.0,0.0,7,0,1,0,38.55306308868458,0.000286379523569143,0.0,0.0029401739563140994,0.0,False,,,0.0,,1.0,0,False,0,0.44,log_in,False,,0.0172,0.0272,0.0,0.0799,0.003,0.0,0.0
100000004959752100,peripheral,0.725,15,0.3899,"Вход 22 тыс. от 1, выход 0 на 0; пороги ролей не достигнуты",False,3,0,1,0,22200.0,0.0,1,0,0.0,0.0,11,0,1,0,10000.0,0.0007848703238285036,0.0,0.0,0.0,False,,,0.0,,1.0,0,False,0,0.51,log_in,False,,0.0181,0.1304,0.0,0.1488,0.0926,0.0,0.0
100000002214664100,peripheral,0.8,9,0.0793,"Вход 8 тыс. от 1, выход 77 тыс. на 1; пороги ролей не достигнуты [сквозной пропуск ≤2дн]",False,3,1,1,1,7950.0,76950.0,1,2,9.679245283018869,1.0,1,0,0,0,5.823225941107262,0.0002868101125617946,0.0,3.0588951023382876e-10,1.387027959709612e-06,False,,,1.0,0.0,1.0,1,False,0,2.04,log_out,False,,0.02,0.0077,0.0,0.0192,0.0042,0.0115,0.0167
100000008192264100,transit,0.526,7,0.283,"Пропуск 115%: получил 163 тыс., отдал 188 тыс.; 1→1 контрагента; в ≤2 дн ушло 87% [сквозной пропуск ≤2дн]",False,3,0,1,1,162810.0,187910.0,1,2,1.1541674344327744,1.0,7,0,1,0,251.07296805874947,0.00029084583184829237,0.0,0.0029401739563140994,1.922024458454748e-05,False,,,0.8749933478793039,0.0,1.0,0,False,0,2.2,log_out,False,,0.0789,0.0592,0.0,0.0799,0.0196,0.0287,0.0167
100000000942301100,peripheral,0.462,1,0.2204,"Вход 58 тыс. от 1, выход 0 на 0; пороги ролей не достигнуты",False,3,0,1,0,57580.0,0.0,2,0,0.0,0.0,7,0,1,0,1012.7602456443325,0.000300590276391355,0.0,0.001137907385155322,0.0,False,,,0.0,,1.0,0,False,0,0.09,log_in,False,,0.0116,0.0899,0.0,0.0799,0.0389,0.0,0.0
100000002578653100,peripheral,0.754,4,0.2295,"Вход 20 тыс. от 1, выход 0 на 0; пороги ролей не достигнуты",False,3,0,1,0,20000.0,0.0,1,0,0.0,0.0,7,0,1,0,693.870100321282,0.0003113100744475735,0.0,0.0,0.0,False,,,0.0,,1.0,0,False,0,0.58,log_in,False,,0.0189,0.0825,0.0,0.0799,0.0482,0.0,0.0
100000002511581100,peripheral,0.788,9,0.0634,"Вход 18 тыс. от 1, выход 0 на 0; пороги ролей не достигнуты",False,3,1,1,0,17600.0,0.0,1,0,0.0,0.0,1,0,0,0,12.891670007985889,0.00028831626313090915,0.0,3.0588951023382876e-10,0.0,False,,,0.0,,1.0,0,False,0,0.66,log_in,False,,0.0197,0.015,0.0,0.0192,0.0095,0.0,0.0
100000005610717100,peripheral,0.08,1,0.3173,"Вход 484 тыс. от 4, выход 265 тыс. на 1; пороги ролей не достигнуты [сквозной пропуск ≤2дн; аномалия для колена]",False,3,0,4,1,484500.0,265200.0,6,7,0.5473684210526316,0.25,7,0,4,0,3968.841917662802,0.00034454483671221423,0.0,0.008115801270243911,1.922024458454748e-05,False,,,0.8378582202111614,0.0,1.0,0,False,0,4.88,in_deg,True,,0.002,0.1118,0.0,0.0799,0.0615,0.0287,0.0333
100000005704413100,distributor,0.979,6,0.6083,Рассылает на 32 получателей 1.4 млн (веер 11:1); плательщиков 3 [возвратный поток; аномалия для колена],False,3,0,3,32,97834.67,1363593.0,4,35,13.9377278014021,10.666666666666666,7,0,3,0,4240.087781895925,0.0005996888032985918,0.00014800832457958856,2.3762159558190916e-06,0.002562756260543509,False,,,0.44522449147216214,3.0,2.0,1,False,3,11.45,out_deg,True,,0.1958,0.1131,0.0,0.0799,0.0882,0.098,0.0333
100000000976943100,transit,0.154,4,0.3676,"Пропуск 120%: получил 70 тыс., отдал 84 тыс.; 1→1 контрагента; в ≤2 дн ушло 13%",False,3,0,1,1,70000.0,84000.0,1,3,1.2,1.0,8,0,1,0,2525.9826343664577,0.00037346136238482604,0.0,4.0375996552677394e-05,2.1796153652579615e-05,False,,,0.13095238095238096,6.0,1.0,0,False,0,2.06,log_out,False,,0.0231,0.1057,0.0,0.1253,0.0668,0.0467,0.0
100000008708061100,peripheral,0.8,9,0.0522,"Вход 9 тыс. от 1, выход 0 на 0; пороги ролей не достигнуты",False,3,1,1,0,8650.0,0.0,1,0,0.0,0.0,1,0,0,0,6.335962816424883,0.0002869193670072226,0.0,3.0588951023382876e-10,0.0,False,,,0.0,,1.0,1,False,0,1.12,log_in,False,,0.02,0.0082,0.0,0.0192,0.0048,0.0,0.0
100000003986141100,peripheral,0.8,7,0.1243,"Вход 5 тыс. от 1, выход 0 на 0; пороги ролей не достигнуты",False,3,0,1,0,5286.32,0.0,1,0,0.0,0.0,7,0,1,0,20.08349405838457,0.0002868461256435469,0.0,0.0004659017954226318,0.0,False,,,0.0,,1.0,1,False,0,1.43,log_in,False,,0.02,0.0199,0.0,0.0799,0.0044,0.0,0.0
100000005037490100,peripheral,0.8,21,0.2624,"Вход 15 тыс. от 1, выход 30 тыс. на 2; пороги ролей не достигнуты [возвратный поток]",False,3,0,1,2,15000.0,30000.0,1,3,2.0,2.0,7,0,1,0,208.0339810594058,0.0003232011772500526,0.0002228539887985703,4.259945964858586e-08,1.9418391435934565e-05,False,,,0.4666666666666667,0.0,1.0,0,False,1,1.87,log_out,False,,0.02,0.0542,0.0,0.0799,0.0554,0.0361,0.0167
100000004257714100,peripheral,0.486,9,0.0859,"Вход 52 тыс. от 1, выход 0 на 0; пороги ролей не достигнуты",False,3,1,1,0,52220.0,0.0,1,0,0.0,0.0,1,0,0,0,38.25017089869449,0.0002937196758462196,0.0,3.0588951023382876e-10,0.0,False,,,0.0,,1.0,0,False,0,0.03,log_in,False,,0.0122,0.0269,0.0,0.0192,0.0275,0.0,0.0
100000000569479100,terminal,0.946,8,0.3943,"Получил 320 тыс. от 1 плательщ.; исходящих нет, хотя колено 3 обходилось — деньги остались",False,3,0,1,0,320000.0,0.0,1,0,0.0,0.0,7,0,1,0,4725.4921233723935,0.0003949532398197791,0.0,0.00016105425266535616,0.0,False,,observed,0.0,,1.0,0,False,0,1.19,log_in,False,,0.1301,0.1143,0.0,0.0799,0.07,0.0,0.0
100000007303047100,peripheral,0.485,9,0.0861,"Вход 52 тыс. от 1, выход 0 на 0; пороги ролей не достигнуты",False,3,1,1,0,52250.0,0.0,1,0,0.0,0.0,1,0,0,0,38.272145336208105,0.00029372435817959507,0.0,3.0588951023382876e-10,0.0,False,,,0.0,,1.0,0,False,0,0.03,log_in,False,,0.0121,0.027,0.0,0.0192,0.0277,0.0,0.0
100000008708743100,peripheral,0.8,9,0.0597,"Вход 16 тыс. от 1, выход 0 на 0; пороги ролей не достигнуты",False,3,1,1,0,15550.0,0.0,1,0,0.0,0.0,1,0,0,0,11.390083444555714,0.0002879963036835843,0.0,3.0588951023382876e-10,0.0,False,,,0.0,,1.0,0,False,0,0.74,log_in,False,,0.02,0.0127,0.0,0.0192,0.0077,0.0,0.0
100000008745863100,peripheral,0.721,9,0.0678,"Вход 23 тыс. от 1, выход 0 на 0; пороги ролей не достигнуты",False,3,1,1,0,22900.0,0.0,1,0,0.0,0.0,1,0,0,0,16.77382063539073,0.00028914347536057827,0.0,3.0588951023382876e-10,0.0,False,,,0.0,,1.0,0,False,0,0.5,log_in,False,,0.018,0.0172,0.0,0.0192,0.0133,0.0,0.0
100000005048668100,peripheral,0.2,4,0.241,"Вход 17 тыс. от 2, выход 159 тыс. на 8; пороги ролей не достигнуты [возвратный поток]",False,3,0,2,8,16668.0,159400.0,2,11,9.563234941204703,4.0,7,0,2,0,87.77268789834102,0.00028854810674879374,0.0016072690208662867,0.003165241609672472,0.0006542869684636799,False,,,0.30050188205771644,3.0,1.0,1,False,45,2.86,out_deg,False,,0.005,0.0374,0.0,0.0799,0.0106,0.0913,0.0167
100000006522972100,peripheral,0.8,4,0.1748,"Вход 10 тыс. от 1, выход 0 на 0; пороги ролей не достигнуты",False,3,0,1,0,9515.0,0.0,1,0,0.0,0.0,7,0,1,0,57.93254568824362,0.00030331012596478374,0.0,0.00010694238652270059,0.0,False,,,0.0,,1.0,1,False,0,1.06,log_in,False,,0.02,0.0325,0.0,0.0799,0.0423,0.0,0.0
100000008759857100,peripheral,0.8,2,0.202,"Вход 5 тыс. от 1, выход 994 тыс. на 2; пороги ролей не достигнуты",False,3,0,1,2,5000.0,994000.0,1,3,198.8,2.0,9,0,1,0,26.356579252557093,0.00028633291495751956,2.237312910230632e-06,3.5591269374705266e-07,7.299981620149681e-06,False,,,0.0,4.0,1.0,1,False,0,2.51,log_out,False,,0.02,0.0228,0.0,0.1361,0.0028,0.0203,0.0
100000005342513100,peripheral,0.184,5,0.2896,"Вход 235 тыс. от 1, выход 30 тыс. на 1; пороги ролей не достигнуты [сквозной пропуск ≤2дн; возвратный поток]",False,3,1,1,1,235000.0,30000.0,2,1,0.1276595744680851,1.0,1,0,0,0,12582.200311337836,0.0010816512996714893,3.300043693840602e-13,6.672317100962129e-15,0.0,False,,,1.0,0.0,1.0,0,False,1,1.87,log_out,False,,0.0046,0.1368,0.0,0.0192,0.0956,0.0,0.0333
100000004750897100,peripheral,0.8,3,0.2543,"Вход 10 тыс. от 1, выход 0 на 0; пороги ролей не достигнуты",False,3,0,1,0,10000.0,0.0,1,0,0.0,0.0,7,0,1,0,530.3587936993433,0.000490375874781195,0.0,9.023756758629543e-290,0.0,False,,,0.0,,1.0,0,False,0,1.03,log_in,False,,0.02,0.0773,0.0,0.0799,0.077,0.0,0.0
100000001140785100,terminal,0.92,2,0.336,"Получил 215 тыс. от 2 плательщ.; исходящих нет, хотя колено 3 обходилось — деньги остались",False,3,0,2,0,215000.0,0.0,2,0,0.0,0.0,8,0,2,0,61.12196876478051,0.00031534667818847384,0.0,7.528982554661002e-07,0.0,False,,observed,0.0,,2.0,0,False,0,1.63,in_deg,False,,0.1265,0.0326,0.0,0.1253,0.0516,0.0,0.0
100000002821425100,terminal,0.937,14,0.2418,"Получил 275 тыс. от 1 плательщ.; исходящих нет, хотя колено 3 обходилось — деньги остались",False,3,0,1,0,275000.0,0.0,1,0,0.0,0.0,2,0,1,0,88.20469129345368,0.00029866805245648467,0.0,3.794136183730392e-07,0.0,False,,observed,0.0,,1.0,0,False,0,1.1,log_in,False,,0.1288,0.0376,0.0,0.0397,0.0356,0.0,0.0
100000003221510100,peripheral,0.703,11,0.1775,"Вход 24 тыс. от 1, выход 120 тыс. на 2; пороги ролей не достигнуты",False,3,0,1,2,24000.0,120000.0,1,3,5.0,2.0,7,0,1,0,21.042440815326252,0.00028692097342656345,0.0,0.0029057815328092595,3.844048916909496e-05,False,,,0.0,,1.0,0,False,0,2.12,log_out,False,,0.0176,0.0206,0.0,0.0799,0.0048,0.0545,0.0
100000003031003100,terminal,0.939,2,0.3611,"Получил 280 тыс. от 3 плательщ.; исходящих нет, хотя колено 3 обходилось — деньги остались",False,3,0,3,0,280090.0,0.0,3,0,0.0,0.0,9,0,3,0,148.63685934868226,0.00031149881059583785,0.0,6.190924410425947e-06,0.0,False,,observed,0.0,,2.0,0,False,0,3.26,in_deg,False,,0.1291,0.0475,0.0,0.1361,0.0484,0.0,0.0
100000003060187100,peripheral,0.369,19,0.2118,"Вход 93 тыс. от 1, выход 0 на 0; пороги ролей не достигнуты",False,3,0,1,0,93046.0,0.0,1,0,0.0,0.0,7,0,1,0,690.2316224321177,0.0003014815867240045,0.0,8.448073037865009e-05,0.0,False,,,0.0,,1.0,0,False,0,0.4,log_in,False,,0.0092,0.0824,0.0,0.0799,0.0402,0.0,0.0
100000008718811100,peripheral,0.417,9,0.0945,"Вход 73 тыс. от 1, выход 0 на 0; пороги ролей не достигнуты",False,3,1,1,0,73300.0,0.0,1,0,0.0,0.0,1,0,0,0,53.690875658259415,0.0002970097954313942,0.0,3.0588951023382876e-10,0.0,False,,,0.0,,1.0,0,False,0,0.25,log_in,False,,0.0104,0.0312,0.0,0.0192,0.0336,0.0,0.0
100000008043184100,peripheral,0.494,16,0.1648,"Вход 51 тыс. от 1, выход 0 на 0; пороги ролей не достигнуты",False,3,0,1,0,50564.0,0.0,1,0,0.0,0.0,7,0,1,0,134.05581794526088,0.00029352801963081616,0.0,0.000233344615948652,0.0,False,,,0.0,,1.0,0,False,0,0.01,log_in,False,,0.0124,0.0455,0.0,0.0799,0.027,0.0,0.0
100000002530224100,terminal,0.873,2,0.3245,"Получил 113 тыс. от 1 плательщ.; исходящих нет, хотя колено 3 обходилось — деньги остались",False,3,0,1,0,113000.0,0.0,1,0,0.0,0.0,9,0,1,0,142.57930296083288,0.00029139102055774377,0.0,3.220733583683774e-06,0.0,False,,observed,0.0,,1.0,0,False,0,0.53,log_in,False,,0.12,0.0465,0.0,0.1361,0.0218,0.0,0.0
100000008754608100,peripheral,0.8,9,0.0563,"Вход 12 тыс. от 1, выход 0 на 0; пороги ролей не достигнуты",False,3,1,1,0,12300.0,0.0,1,0,0.0,0.0,1,0,0,0,9.009519380581047,0.00028748905090124,0.0,3.0588951023382876e-10,0.0,False,,,0.0,,1.0,0,False,0,0.89,log_in,False,,0.02,0.0107,0.0,0.0192,0.0064,0.0,0.0
100000006989232100,peripheral,0.725,1,0.1536,"Вход 22 тыс. от 1, выход 0 на 0; пороги ролей не достигнуты",False,3,0,1,0,22194.0,0.0,1,0,0.0,0.0,7,0,1,0,159.06388228754864,0.00028753750814532387,0.0,0.0011319383959652314,0.0,False,,,0.0,,1.0,0,False,0,0.52,log_in,False,,0.0181,0.049,0.0,0.0799,0.0065,0.0,0.0
100000006532229100,terminal,0.867,2,0.3151,"Получил 105 тыс. от 1 плательщ.; исходящих нет, хотя колено 3 обходилось — деньги остались",False,3,0,1,0,105000.0,0.0,1,0,0.0,0.0,8,0,1,0,55.031840982131044,0.0003006351862930432,0.0,2.612568276300329e-07,0.0,False,,observed,0.0,,1.0,0,False,0,0.48,log_in,False,,0.1192,0.0316,0.0,0.1253,0.039,0.0,0.0
100000005661829100,peripheral,0.581,19,0.2117,"Вход 38 тыс. от 1, выход 40 тыс. на 2; пороги ролей не достигнуты [сквозной пропуск ≤2дн]",False,3,0,1,2,37790.0,40362.0,1,4,1.0680603334215402,2.0,7,0,1,0,280.3328784870895,0.0002920319635832895,0.00011522832699485975,8.448073037865009e-05,2.229209894062771e-06,False,,,0.837173579109063,0.0,1.0,0,False,0,1.93,log_out,False,,0.0145,0.062,0.0,0.0799,0.0232,0.0154,0.0167
100000004553349100,peripheral,0.8,4,0.1673,"Вход 8 тыс. от 1, выход 0 на 0; пороги ролей не достигнуты",False,3,0,1,0,7755.0,0.0,1,0,0.0,0.0,7,0,1,0,47.21669908695001,0.0003000285848322995,0.0,0.00010694238652270059,0.0,False,,,0.0,,1.0,1,False,0,1.19,log_in,False,,0.02,0.0293,0.0,0.0799,0.038,0.0,0.0
100000002945626100,terminal,0.977,2,0.42,"Получил 584 тыс. от 3 плательщ.; исходящих нет, хотя колено 3 обходилось — деньги остались",False,3,0,3,0,584000.0,0.0,3,0,0.0,0.0,9,0,3,0,1008.5955299553034,0.0003377644362503449,0.0,4.852794249925789e-06,0.0,False,,observed,0.0,,2.0,0,False,0,3.26,in_deg,False,,0.1343,0.0898,0.0,0.1361,0.0597,0.0,0.0
100000008775471100,terminal,0.977,2,0.3696,"Получил 580 тыс. от 1 плательщ.; исходящих нет, хотя колено 3 обходилось — деньги остались",False,3,0,1,0,580000.0,0.0,2,0,0.0,0.0,8,0,1,0,137.93562815007635,0.00035837580082273557,0.0,1.2902817864242934e-06,0.0,False,,observed,0.0,,1.0,0,False,0,1.57,log_in,False,,0.1343,0.0457,0.0,0.1253,0.0643,0.0,0.0
100000000404740100,peripheral,0.412,24,0.2574,Обрыв выгрузки (колено 4): получил 25 тыс. от 1; P(ушли дальше)=0.28 — нужен 5-й уровень,False,4,0,1,0,25000.0,0.0,1,0,0.0,0.0,7,0,1,0,666.0041321817243,0.0005579900727464834,0.0,0.0,0.0,True,0.2773719077397384,,0.0,,1.0,0,False,0,0.18,log_in,False,,0.0103,0.0812,0.0,0.0799,0.086,0.0,0.0
100000004268036100,peripheral,0.48,20,0.0425,Обрыв выгрузки (колено 4): получил 6 тыс. от 1; P(ушли дальше)=0.31 — нужен 5-й уровень,False,4,0,1,0,5500.0,0.0,1,0,0.0,0.0,1,0,0,0,0.2661171785036705,0.00028851261710781384,0.0,3.6873817911951947e-06,0.0,True,0.3101799883178063,,0.0,,1.0,1,False,0,1.11,log_in,False,,0.012,0.0007,0.0,0.0192,0.0105,0.0,0.0
100000001256409100,peripheral,0.48,15,0.1969,Обрыв выгрузки (колено 4): получил 8 тыс. от 1; P(ушли дальше)=0.30 — нужен 5-й уровень,False,4,0,1,0,8000.0,0.0,1,0,0.0,0.0,1,0,0,0,670.7730232585625,0.0005471647850140195,0.0,0.0,0.0,True,0.30168881416176185,,0.0,,1.0,1,False,0,0.88,log_in,False,,0.012,0.0815,0.0,0.0192,0.0842,0.0,0.0
100000005360814100,peripheral,0.167,15,0.2025,Обрыв выгрузки (колено 4): получил 144 тыс. от 1; P(ушли дальше)=0.50 — нужен 5-й уровень,False,4,0,1,0,144000.0,0.0,3,0,0.0,0.0,7,0,1,0,128.9949767700957,0.0004336887325641272,0.0,1.7212113966392227e-06,0.0,True,0.5031564669389041,,0.0,,1.0,0,False,0,0.9,log_in,False,,0.0042,0.045,0.0,0.0799,0.0734,0.0,0.0
100000002369454100,peripheral,0.412,1,0.2621,Обрыв выгрузки (колено 4): получил 25 тыс. от 1; P(ушли дальше)=0.28 — нужен 5-й уровень,False,4,0,1,0,25000.0,0.0,1,0,0.0,0.0,7,0,1,0,1701.2014774969075,0.00042888184355224774,0.0,0.0,0.0,True,0.2775497338502331,,0.0,,1.0,0,False,0,0.18,log_in,False,,0.0103,0.099,0.0,0.0799,0.0729,0.0,0.0
100000004272302100,peripheral,0.48,4,0.1248,Обрыв выгрузки (колено 4): получил 10 тыс. от 1; P(ушли дальше)=0.30 — нужен 5-й уровень,False,4,0,1,0,10000.0,0.0,1,0,0.0,0.0,7,0,1,0,34.92889539806208,0.00028773614997434693,0.0,1.23619985386e-313,0.0,True,0.2973334105665187,,0.0,,1.0,0,False,0,0.75,log_in,False,,0.012,0.0257,0.0,0.0799,0.0072,0.0,0.0
100000008727982100,peripheral,0.381,18,0.2203,Обрыв выгрузки (колено 4): получил 30 тыс. от 1; P(ушли дальше)=0.34 — нужен 5-й уровень,False,4,0,1,0,30000.0,0.0,2,0,0.0,0.0,1,0,0,0,4281.984047012381,0.0005138489258762212,0.0,3.088206810369692e-298,0.0,True,0.33584753934849,,0.0,,1.0,0,False,0,0.07,log_in,False,,0.0095,0.1131,0.0,0.0192,0.0784,0.0,0.0
100000000600707100,peripheral,0.229,31,0.2307,Обрыв выгрузки (колено 4): получил 89 тыс. от 1; P(ушли дальше)=0.39 — нужен 5-й уровень,False,4,0,1,0,89000.0,0.0,2,0,0.0,0.0,1,0,0,0,5916.184971098253,0.0005701602511841814,0.0,1.6242871664535976e-281,0.0,True,0.39071413128519317,,0.0,,1.0,0,False,0,0.6,log_in,False,,0.0057,0.1189,0.0,0.0192,0.0867,0.0,0.0
100000004500781100,peripheral,0.249,10,0.2655,Обрыв выгрузки (колено 4): получил 74 тыс. от 1; P(ушли дальше)=0.56 — нужен 5-й уровень,False,4,0,1,0,74000.0,0.0,5,0,0.0,0.0,7,0,1,0,962.3125581726607,0.0006807503625850068,0.0,0.0,0.0,True,0.563533295096546,,0.0,,1.0,0,False,0,0.49,log_in,False,,0.0062,0.0886,0.0,0.0799,0.0907,0.0,0.0
100000008703533100,peripheral,0.248,2,0.1651,Обрыв выгрузки (колено 4): получил 75 тыс. от 1; P(ушли дальше)=0.26 — нужен 5-й уровень,False,4,0,1,0,75000.0,0.0,1,0,0.0,0.0,8,0,1,0,0.6367500525491689,0.00029552677799059583,0.0,4.916414278360674e-07,0.0,True,0.2550713814918832,,0.0,,1.0,0,False,0,0.5,log_in,False,,0.0062,0.0025,0.0,0.1253,0.0311,0.0,0.0
100000004549591100,peripheral,0.311,32,0.2437,Обрыв выгрузки (колено 4): получил 49 тыс. от 1; P(ушли дальше)=0.26 — нужен 5-й уровень,False,4,0,1,0,49000.0,0.0,1,0,0.0,0.0,7,0,1,0,673.1456978967495,0.000444321168333405,0.0,7.983534595344914e-303,0.0,True,0.2634816401359834,,0.0,,1.0,0,False,0,0.23,log_in,False,,0.0078,0.0817,0.0,0.0799,0.0742,0.0,0.0
100000002700161100,peripheral,0.346,8,0.362,Обрыв выгрузки (колено 4): получил 39 тыс. от 1; P(ушли дальше)=0.27 — нужен 5-й уровень,False,4,0,1,0,39000.0,0.0,1,0,0.0,0.0,10,0,1,0,4782.608695652174,0.0009026643078152162,0.0,0.0,0.0,True,0.2681139959264806,,0.0,,1.0,0,False,0,0.09,log_in,False,,0.0086,0.1147,0.0,0.1441,0.0946,0.0,0.0
100000003134550100,terminal,0.45,2,0.2263,"Колено 4, исходящие не выгружались; модель по 1–3 коленам: P(ушли дальше)=0.25; получил 100 тыс.",False,4,0,1,0,100000.0,0.0,1,0,0.0,0.0,8,0,1,0,0.8490000700655587,0.0002988459392483642,0.0,4.916414278360674e-07,0.0,True,0.24933459112106712,estimated,0.0,,1.0,0,False,0,0.67,log_in,False,,0.0619,0.0033,0.0,0.1253,0.0359,0.0,0.0
100000001957974100,terminal,0.469,10,0.2429,"Колено 4, исходящие не выгружались; модель по 1–3 коленам: P(ушли дальше)=0.22; получил 500 тыс.",False,4,0,1,0,500000.0,0.0,1,0,0.0,0.0,7,0,1,0,126.2417581263403,0.00032013746769043517,0.0,5.9204628229038967e-08,0.0,True,0.2188025762596679,estimated,0.0,,1.0,0,False,0,1.67,log_in,False,,0.0645,0.0442,0.0,0.0799,0.0543,0.0,0.0
100000001246806100,terminal,0.454,2,0.324,"Колено 4, исходящие не выгружались; модель по 1–3 коленам: P(ушли дальше)=0.24; получил 130 тыс.",False,4,0,1,0,130000.0,0.0,1,0,0.0,0.0,9,0,1,0,126.31643007702509,0.0005329767614424807,0.0,0.0,0.0,True,0.24405197982271928,estimated,0.0,,1.0,0,False,0,0.84,log_in,False,,0.0624,0.0442,0.0,0.1361,0.0812,0.0,0.0
100000003622955100,peripheral,0.48,4,0.3992,Обрыв выгрузки (колено 4): получил 15 тыс. от 1; P(ушли дальше)=0.29 — нужен 5-й уровень,False,4,0,1,0,15000.0,0.0,1,0,0.0,0.0,11,0,1,0,15000.0,0.001334263775828019,0.0,0.0,0.0,True,0.2891569738929627,,0.0,,1.0,0,False,0,0.5,log_in,False,,0.012,0.1415,0.0,0.1488,0.0969,0.0,0.0
100000003692843100,terminal,0.391,3,0.2978,"Колено 4, исходящие не выгружались; модель по 1–3 коленам: P(ушли дальше)=0.35; получил 510 тыс.",False,4,0,1,0,510000.0,0.0,2,0,0.0,0.0,7,0,1,0,751.3059102350745,0.0005294957412060607,0.0,0.0,0.0,True,0.3484168464725895,estimated,0.0,,1.0,0,False,0,1.68,log_in,False,,0.0538,0.0847,0.0,0.0799,0.0794,0.0,0.0
100000008629504100,peripheral,0.452,1,0.1406,Обрыв выгрузки (колено 4): получил 20 тыс. от 1; P(ушли дальше)=0.28 — нужен 5-й уровень,False,4,0,1,0,20000.0,0.0,1,0,0.0,0.0,7,0,1,0,7.239370468080288,0.00030201034173378495,0.0,6.837938890112211e-06,0.0,True,0.28231558215089136,,0.0,,1.0,0,False,0,0.32,log_in,False,,0.0113,0.0086,0.0,0.0799,0.0407,0.0,0.0
100000005621418100,peripheral,0.381,25,0.1859,Обрыв выгрузки (колено 4): получил 30 тыс. от 1; P(ушли дальше)=0.27 — нужен 5-й уровень,False,4,0,1,0,30000.0,0.0,1,0,0.0,0.0,7,0,1,0,175.04130033794164,0.00030782638639647333,0.0,4.0337773258533445e-08,0.0,True,0.27416980609917757,,0.0,,1.0,0,False,0,0.07,log_in,False,,0.0095,0.0506,0.0,0.0799,0.0459,0.0,0.0
100000004167082100,peripheral,0.48,4,0.207,Обрыв выгрузки (колено 4): получил 13 тыс. от 1; P(ушли дальше)=0.29 — нужен 5-й уровень,False,4,0,1,0,13300.0,0.0,1,0,0.0,0.0,7,0,1,0,143.2144977178637,0.00038491480925942914,0.0,3.088206810369692e-298,0.0,True,0.2917589804064695,,0.0,,1.0,0,False,0,0.57,log_in,False,,0.012,0.0467,0.0,0.0799,0.0683,0.0,0.0
100000004379306100,peripheral,0.48,1,0.2343,Обрыв выгрузки (колено 4): получил 15 тыс. от 1; P(ушли дальше)=0.29 — нужен 5-й уровень,False,4,0,1,0,15000.0,0.0,1,0,0.0,0.0,7,0,1,0,270.33664566366974,0.0005320511103436067,0.0,0.0,0.0,True,0.2886558454821797,,0.0,,1.0,0,False,0,0.5,log_in,False,,0.012,0.0615,0.0,0.0799,0.0809,0.0,0.0
100000004856746100,peripheral,0.452,22,0.1907,Обрыв выгрузки (колено 4): получил 20 тыс. от 1; P(ушли дальше)=0.28 — нужен 5-й уровень,False,4,0,1,0,20000.0,0.0,1,0,0.0,0.0,7,0,1,0,268.717242677128,0.0003000473060624518,0.0,1.4683800802737826e-07,0.0,True,0.28164211354873003,,0.0,,1.0,0,False,0,0.32,log_in,False,,0.0113,0.0614,0.0,0.0799,0.0381,0.0,0.0
100000004891562100,terminal,0.451,20,0.1494,"Колено 4, исходящие не выгружались; модель по 1–3 коленам: P(ушли дальше)=0.25; получил 103 тыс.",False,4,0,1,0,103400.0,0.0,1,0,0.0,0.0,1,0,0,0,5.003002955869006,0.0003409037645591223,0.0,3.6873817911951947e-06,0.0,True,0.24909283847128083,estimated,0.0,,1.0,0,False,0,0.7,log_in,False,,0.062,0.0073,0.0,0.0192,0.0608,0.0,0.0
100000007042175100,peripheral,0.274,11,0.2288,Обрыв выгрузки (колено 4): получил 60 тыс. от 1; P(ушли дальше)=0.26 — нужен 5-й уровень,False,4,0,1,0,60000.0,0.0,1,0,0.0,0.0,7,0,1,0,258.7422790694134,0.0005340058628254453,0.0,0.0,0.0,True,0.2596753275614117,,0.0,,1.0,0,False,0,0.36,log_in,False,,0.0069,0.0602,0.0,0.0799,0.0818,0.0,0.0
100000002670463100,peripheral,0.37,20,0.0739,Обрыв выгрузки (колено 4): получил 32 тыс. от 1; P(ушли дальше)=0.27 — нужен 5-й уровень,False,4,0,1,0,31500.0,0.0,1,0,0.0,0.0,1,0,0,0,1.52412565870284,0.0003024265071357405,0.0,3.6873817911951947e-06,0.0,True,0.27236006793630585,,0.0,,1.0,0,False,0,0.04,log_in,False,,0.0092,0.0044,0.0,0.0192,0.0411,0.0,0.0
100000005567828100,peripheral,0.22,6,0.2028,Обрыв выгрузки (колено 4): получил 94 тыс. от 1; P(ушли дальше)=0.25 — нужен 5-й уровень,False,4,0,1,0,94000.0,0.0,1,0,0.0,0.0,7,0,1,0,292.29267933922864,0.0003207562214579207,0.0,2.758273854900145e-06,0.0,True,0.2500112817636676,,0.0,,1.0,0,False,0,0.64,log_in,False,,0.0055,0.0627,0.0,0.0799,0.0546,0.0,0.0
100000004200745100,peripheral,0.18,13,0.3559,Обрыв выгрузки (колено 4): получил 130 тыс. от 1; P(ушли дальше)=0.62 — нужен 5-й уровень,False,4,0,1,0,130000.0,0.0,4,0,0.0,0.0,9,0,1,0,8558.610133015825,0.0006010148962169087,0.0,9.023756758629543e-290,0.0,True,0.6163464577636769,,0.0,,1.0,0,False,0,0.84,log_in,False,,0.0045,0.1269,0.0,0.1361,0.0883,0.0,0.0
100000003989033100,peripheral,0.069,14,0.1676,Обрыв выгрузки (колено 4): получил 373 тыс. от 1; P(ушли дальше)=0.97 — нужен 5-й уровень,False,4,0,1,0,373400.0,0.0,13,0,0.0,0.0,1,0,0,0,246.19520130840988,0.0005989171063455111,0.0,0.0,0.0,True,0.9717543676942804,,0.0,,1.0,1,False,0,1.49,log_in,False,,0.0017,0.0585,0.0,0.0192,0.0882,0.0,0.0
100000005146665100,peripheral,0.48,10,0.0971,Обрыв выгрузки (колено 4): получил 6 тыс. от 1; P(ушли дальше)=0.31 — нужен 5-й уровень,False,4,0,1,0,5500.0,0.0,1,0,0.0,0.0,7,0,1,0,0.5238872684310857,0.00028645375249411193,0.0,1.23619985386e-313,0.0,True,0.3103223516454607,,0.0,,1.0,1,False,0,1.11,log_in,False,,0.012,0.0018,0.0,0.0799,0.0033,0.0,0.0
100000003096787100,peripheral,0.48,6,0.1446,Обрыв выгрузки (колено 4): получил 16 тыс. от 1; P(ушли дальше)=0.29 — нужен 5-й уровень,False,4,0,1,0,16400.0,0.0,1,0,0.0,0.0,7,0,1,0,50.995744054929254,0.00029170829003374117,0.0,2.758273854900145e-06,0.0,True,0.28673650912076354,,0.0,,1.0,0,False,0,0.44,log_in,False,,0.012,0.0302,0.0,0.0799,0.0224,0.0,0.0
100000003074515100,terminal,0.451,2,0.2624,"Колено 4, исходящие не выгружались; модель по 1–3 коленам: P(ушли дальше)=0.25; получил 105 тыс.",False,4,0,1,0,105000.0,0.0,1,0,0.0,0.0,8,0,1,0,92.29065381343601,0.00029938285450538176,0.0,1.276147972494963e-06,0.0,True,0.2485428888008358,estimated,0.0,,1.0,0,False,0,0.7,log_in,False,,0.062,0.0383,0.0,0.1253,0.0369,0.0,0.0
100000004377043100,peripheral,0.48,22,0.2177,Обрыв выгрузки (колено 4): получил 6 тыс. от 1; P(ушли дальше)=0.31 — нужен 5-й уровень,False,4,0,1,0,5700.0,0.0,1,0,0.0,0.0,7,0,1,0,260.1546261930006,0.0003635495256865643,0.0,2.4980708508529283e-257,0.0,True,0.30952062776183475,,0.0,,1.0,1,False,0,1.09,log_in,False,,0.012,0.0604,0.0,0.0799,0.0653,0.0,0.0
100000008680061100,peripheral,0.336,4,0.2192,Обрыв выгрузки (колено 4): получил 41 тыс. от 1; P(ушли дальше)=0.41 — нужен 5-й уровень,False,4,0,1,0,41300.0,0.0,2,0,0.0,0.0,7,0,1,0,705.3764689642499,0.0003106855908070421,0.0,4.837478286409815e-05,0.0,True,0.41123801459322673,,0.0,,1.0,0,False,0,0.13,log_in,False,,0.0084,0.083,0.0,0.0799,0.0479,0.0,0.0
100000008471634100,peripheral,0.452,24,0.32,Обрыв выгрузки (колено 4): получил 20 тыс. от 1; P(ушли дальше)=0.28 — нужен 5-й уровень,False,4,0,1,0,20000.0,0.0,1,0,0.0,0.0,7,0,1,0,10479.615424579055,0.0011246149928916334,0.0,0.0,0.0,True,0.2825852429636668,,0.0,,1.0,0,False,0,0.32,log_in,False,,0.0113,0.1329,0.0,0.0799,0.0958,0.0,0.0
100000002119762100,peripheral,0.243,7,0.1962,Обрыв выгрузки (колено 4): получил 77 тыс. от 1; P(ушли дальше)=0.58 — нужен 5-й уровень,False,4,0,1,0,77000.0,0.0,6,0,0.0,0.0,7,0,1,0,52.43216579653928,0.0005295245957280118,0.0,0.0,0.0,True,0.5769565784204533,,0.0,,1.0,3,False,0,0.51,log_in,False,,0.0061,0.0307,0.0,0.0799,0.0794,0.0,0.0
100000008628818100,peripheral,0.321,6,0.1764,Обрыв выгрузки (колено 4): получил 46 тыс. от 1; P(ушли дальше)=0.26 — нужен 5-й уровень,False,4,0,1,0,46310.0,0.0,1,0,0.0,0.0,7,0,1,0,144.00078702340085,0.00030290447081849904,0.0,2.758273854900145e-06,0.0,True,0.26428829686005245,,0.0,,1.0,0,False,0,0.2,log_in,False,,0.008,0.0468,0.0,0.0799,0.0416,0.0,0.0
100000007510567100,peripheral,0.293,6,0.1805,Обрыв выгрузки (колено 4): получил 52 тыс. от 1; P(ушли дальше)=0.26 — нужен 5-й уровень,False,4,0,1,0,52000.0,0.0,1,0,0.0,0.0,7,0,1,0,161.69382261319032,0.00030503440290359675,0.0,2.758273854900145e-06,0.0,True,0.2625734315578023,,0.0,,1.0,0,False,0,0.27,log_in,False,,0.0073,0.0498,0.0,0.0799,0.0435,0.0,0.0
100000004780327100,peripheral,0.48,20,0.0564,Обрыв выгрузки (колено 4): получил 12 тыс. от 1; P(ушли дальше)=0.29 — нужен 5-й уровень,False,4,0,1,0,12000.0,0.0,1,0,0.0,0.0,1,0,0,0,0.580619298553463,0.00029199108961479553,0.0,3.6873817911951947e-06,0.0,True,0.29293731107069354,,0.0,,1.0,0,False,0,0.63,log_in,False,,0.012,0.0022,0.0,0.0192,0.023,0.0,0.0
100000008376785100,peripheral,0.111,7,0.2145,Обрыв выгрузки (колено 4): получил 234 тыс. от 1; P(ушли дальше)=0.37 — нужен 5-й уровень,False,4,0,1,0,234250.0,0.0,2,0,0.0,0.0,7,0,1,0,179.96569848400392,0.0005318070054641103,0.0,0.0,0.0,True,0.3669213311820314,,0.0,,1.0,0,False,0,1.2,log_in,False,,0.0028,0.051,0.0,0.0799,0.0807,0.0,0.0
100000005745873100,terminal,0.46,11,0.1991,"Колено 4, исходящие не выгружались; модель по 1–3 коленам: P(ушли дальше)=0.23; получил 223 тыс.",False,4,0,1,0,223000.0,0.0,1,0,0.0,0.0,7,0,1,0,1.0645262076474133,0.0003163211975392906,0.0,3.8798761239758137e-256,0.0,True,0.23399192183041007,estimated,0.0,,1.0,0,False,0,1.17,log_in,False,,0.0633,0.0039,0.0,0.0799,0.052,0.0,0.0
100000002594214100,terminal,0.476,7,0.2576,"Колено 4, исходящие не выгружались; модель по 1–3 коленам: P(ушли дальше)=0.21; получил 1.0 млн",False,4,0,1,0,1000000.0,0.0,1,0,0.0,0.0,7,0,1,0,140.32964139087917,0.00036705924336221985,0.0,3.8798761239758137e-256,0.0,True,0.20687515168836765,estimated,0.0,,1.0,0,False,0,2.09,log_in,False,,0.0655,0.0461,0.0,0.0799,0.0661,0.0,0.0
100000001299323100,terminal,0.452,2,0.2643,"Колено 4, исходящие не выгружались; модель по 1–3 коленам: P(ушли дальше)=0.25; получил 109 тыс.",False,4,0,1,0,109000.0,0.0,1,0,0.0,0.0,8,0,1,0,95.80648824442405,0.0002999090853734995,0.0,1.276147972494963e-06,0.0,True,0.2471911245867707,estimated,0.0,,1.0,0,False,0,0.73,log_in,False,,0.0622,0.0391,0.0,0.1253,0.0379,0.0,0.0
100000003838587100,peripheral,0.48,10,0.241,Обрыв выгрузки (колено 4): получил 6 тыс. от 1; P(ушли дальше)=0.31 — нужен 5-й уровень,False,4,0,1,0,6000.0,0.0,1,0,0.0,0.0,7,0,1,0,295.81277927653343,0.0005550324069085224,0.0,0.0,0.0,True,0.308465896780106,,0.0,,1.0,1,False,0,1.06,log_in,False,,0.012,0.0636,0.0,0.0799,0.0855,0.0,0.0
100000000673915100,peripheral,0.444,7,0.102,Обрыв выгрузки (колено 4): получил 20 тыс. от 1; P(ушли дальше)=0.28 — нужен 5-й уровень,False,4,0,1,0,20200.0,0.0,1,0,0.0,0.0,7,0,1,0,1.2594262719330775,0.0002875765133018172,0.0,2.3749511394193016e-243,0.0,True,0.28219384298867023,,0.0,,1.0,0,False,0,0.31,log_in,False,,0.0111,0.0042,0.0,0.0799,0.0068,0.0,0.0
100000003061115100,peripheral,0.326,1,0.2418,Обрыв выгрузки (колено 4): получил 45 тыс. от 1; P(ушли дальше)=0.27 — нужен 5-й уровень,False,4,0,1,0,45000.0,0.0,1,0,0.0,0.0,7,0,1,0,421.0395060811547,0.0005339039923107205,0.0,0.0,0.0,True,0.26565233627422336,,0.0,,1.0,0,False,0,0.18,log_in,False,,0.0082,0.072,0.0,0.0799,0.0817,0.0,0.0
100000004326224100,peripheral,0.274,7,0.2371,Обрыв выгрузки (колено 4): получил 60 тыс. от 1; P(ушли дальше)=0.26 — нужен 5-й уровень,False,4,0,1,0,60000.0,0.0,1,0,0.0,0.0,7,0,1,0,351.55767166579585,0.0005348779091078309,0.0,0.0,0.0,True,0.260059190436585,,0.0,,1.0,0,False,0,0.36,log_in,False,,0.0069,0.0684,0.0,0.0799,0.0819,0.0,0.0
100000004988240100,peripheral,0.452,11,0.1927,Обрыв выгрузки (колено 4): получил 20 тыс. от 1; P(ушли дальше)=0.28 — нужен 5-й уровень,False,4,0,1,0,20000.0,0.0,1,0,0.0,0.0,7,0,1,0,24.521457696772043,0.0005299271891403068,0.0,0.0,0.0,True,0.2820909840923358,,0.0,,1.0,0,False,0,0.32,log_in,False,,0.0113,0.0218,0.0,0.0799,0.0796,0.0,0.0
100000008525136100,peripheral,0.48,4,0.1284,Обрыв выгрузки (колено 4): получил 14 тыс. от 1; P(ушли дальше)=0.29 — нужен 5-й уровень,False,4,0,1,0,14100.0,0.0,1,0,0.0,0.0,7,0,1,0,35.27289265337344,0.0002885216550484359,0.0,9.170991232447734e-05,0.0,True,0.29008255904896063,,0.0,,1.0,0,False,0,0.53,log_in,False,,0.012,0.0259,0.0,0.0799,0.0105,0.0,0.0
100000001991973100,peripheral,0.443,20,0.0674,Обрыв выгрузки (колено 4): получил 21 тыс. от 1; P(ушли дальше)=0.28 — нужен 5-й уровень,False,4,0,1,0,20800.0,0.0,1,0,0.0,0.0,1,0,0,0,1.0064067841593356,0.00029670040623963227,0.0,3.6873817911951947e-06,0.0,True,0.2811235538628367,,0.0,,1.0,0,False,0,0.29,log_in,False,,0.0111,0.0038,0.0,0.0192,0.0332,0.0,0.0
100000004569637100,peripheral,0.48,1,0.2781,Обрыв выгрузки (колено 4): получил 6 тыс. от 1; P(ушли дальше)=0.31 — нужен 5-й уровень,False,4,0,1,0,5500.0,0.0,1,0,0.0,0.0,7,0,1,0,1917.322108872728,0.0005531603067223192,0.0,0.0,0.0,True,0.3099902264742132,,0.0,,1.0,1,False,0,1.11,log_in,False,,0.012,0.1008,0.0,0.0799,0.0853,0.0,0.0
100000008675322100,peripheral,0.077,7,0.1565,Обрыв выгрузки (колено 4): получил 340 тыс. от 1; P(ушли дальше)=0.59 — нужен 5-й уровень,False,4,0,1,0,340000.0,0.0,4,0,0.0,0.0,7,0,1,0,21.198263983031996,0.0003193541698974364,0.0,2.3749511394193016e-243,0.0,True,0.5926507499907453,,0.0,,1.0,0,False,0,1.43,log_in,False,,0.0019,0.0209,0.0,0.0799,0.0538,0.0,0.0
100000004235471100,terminal,0.457,7,0.2499,"Колено 4, исходящие не выгружались; модель по 1–3 коленам: P(ушли дальше)=0.24; получил 180 тыс.",False,4,0,1,0,180000.0,0.0,1,0,0.0,0.0,7,0,1,0,127.95761638140725,0.00034861353029746133,0.0,1.23619985386e-313,0.0,True,0.2378453314535802,estimated,0.0,,1.0,0,False,0,1.04,log_in,False,,0.0628,0.0447,0.0,0.0799,0.0625,0.0,0.0
100000003194831100,peripheral,0.48,14,0.0573,Обрыв выгрузки (колено 4): получил 6 тыс. от 1; P(ушли дальше)=0.31 — нужен 5-й уровень,False,4,0,1,0,6265.0,0.0,1,0,0.0,0.0,1,0,0,0,4.130725592386685,0.00029082672336293444,0.0,0.0,0.0,True,0.30721589682894174,,0.0,,1.0,1,False,0,1.03,log_in,False,,0.012,0.0065,0.0,0.0192,0.0195,0.0,0.0
100000008588665100,peripheral,0.412,1,0.2482,Обрыв выгрузки (колено 4): получил 25 тыс. от 1; P(ушли дальше)=0.28 — нужен 5-й уровень,False,4,0,1,0,25000.0,0.0,1,0,0.0,0.0,7,0,1,0,1256.3393113195837,0.0003524909066556901,0.0,5.04730745361861e-07,0.0,True,0.2780836332091165,,0.0,,1.0,0,False,0,0.18,log_in,False,,0.0103,0.0948,0.0,0.0799,0.0631,0.0,0.0
100000003230329100,terminal,0.452,2,0.2647,"Колено 4, исходящие не выгружались; модель по 1–3 коленам: P(ушли дальше)=0.25; получил 110 тыс.",False,4,0,1,0,110000.0,0.0,1,0,0.0,0.0,8,0,1,0,96.68544685217105,0.00030004064309052897,0.0,1.276147972494963e-06,0.0,True,0.24734289365868278,estimated,0.0,,1.0,0,False,0,0.73,log_in,False,,0.0622,0.0393,0.0,0.1253,0.0381,0.0,0.0
100000002217806100,peripheral,0.283,32,0.2469,Обрыв выгрузки (колено 4): получил 55 тыс. от 1; P(ушли дальше)=0.40 — нужен 5-й уровень,False,4,0,1,0,55000.0,0.0,2,0,0.0,0.0,7,0,1,0,755.5717017208412,0.0004637601733272149,0.0,7.983534595344914e-303,0.0,True,0.4033911031458708,,0.0,,1.0,1,False,0,0.31,log_in,False,,0.0071,0.0849,0.0,0.0799,0.075,0.0,0.0
100000004041294100,peripheral,0.472,24,0.1478,Обрыв выгрузки (колено 4): получил 18 тыс. от 1; P(ушли дальше)=0.35 — нужен 5-й уровень,False,4,0,1,0,17800.0,0.0,2,0,0.0,0.0,7,0,1,0,15.982303407933527,0.0003008542855735774,0.0,2.0657129242753332e-08,0.0,True,0.34907979849987264,,0.0,,1.0,1,False,0,0.39,log_in,False,,0.0118,0.0167,0.0,0.0799,0.0394,0.0,0.0
100000008583971100,peripheral,0.295,1,0.1787,Обрыв выгрузки (колено 4): получил 51 тыс. от 2; P(ушли дальше)=0.47 — нужен 5-й уровень [аномалия для колена],False,4,0,2,0,51000.0,0.0,2,0,0.0,0.0,7,0,2,0,16.789390904160957,0.00032971602313587925,0.0,3.832291789534168e-05,0.0,True,0.47181265775613435,,0.0,,1.0,0,False,0,4.88,in_deg,True,,0.0074,0.0173,0.0,0.0799,0.0574,0.0,0.0167
100000008251939100,peripheral,0.33,6,0.1749,Обрыв выгрузки (колено 4): получил 44 тыс. от 1; P(ушли дальше)=0.27 — нужен 5-й уровень,False,4,0,1,0,44360.0,0.0,1,0,0.0,0.0,7,0,1,0,137.9372686754062,0.00030217452924276257,0.0,2.758273854900145e-06,0.0,True,0.2658591890204902,,0.0,,1.0,0,False,0,0.17,log_in,False,,0.0082,0.0458,0.0,0.0799,0.0409,0.0,0.0
100000004049912100,peripheral,0.48,19,0.1882,Обрыв выгрузки (колено 4): получил 10 тыс. от 1; P(ушли дальше)=0.30 — нужен 5-й уровень,False,4,0,1,0,10000.0,0.0,1,0,0.0,0.0,7,0,1,0,102.96189338320708,0.0003245564257590689,0.0,1.23619985386e-313,0.0,True,0.2977505522237623,,0.0,,1.0,0,False,0,0.75,log_in,False,,0.012,0.0403,0.0,0.0799,0.056,0.0,0.0
100000002227960100,peripheral,0.48,17,0.1786,Обрыв выгрузки (колено 4): получил 10 тыс. от 1; P(ушли дальше)=0.30 — нужен 5-й уровень,False,4,0,1,0,10000.0,0.0,1,0,0.0,0.0,7,0,1,0,160.94674556213016,0.00029943768321597685,0.0,2.3749511394193016e-243,0.0,True,0.2976578249486643,,0.0,,1.0,0,False,0,0.75,log_in,False,,0.012,0.0495,0.0,0.0799,0.0371,0.0,0.0
100000008677368100,peripheral,0.48,4,0.2354,Обрыв выгрузки (колено 4): получил 14 тыс. от 1; P(ушли дальше)=0.29 — нужен 5-й уровень,False,4,0,1,0,13500.0,0.0,1,0,0.0,0.0,7,0,1,0,272.2533961990271,0.0005340288694748735,0.0,0.0,0.0,True,0.29084042123217435,,0.0,,1.0,0,False,0,0.56,log_in,False,,0.012,0.0617,0.0,0.0799,0.0818,0.0,0.0
100000008631800100,peripheral,0.48,20,0.058,Обрыв выгрузки (колено 4): получил 13 тыс. от 1; P(ушли дальше)=0.29 — нужен 5-й уровень,False,4,0,1,0,12850.0,0.0,1,0,0.0,0.0,1,0,0,0,0.6217464988676665,0.00029244596678878543,0.0,3.6873817911951947e-06,0.0,True,0.29126855318765316,,0.0,,1.0,0,False,0,0.59,log_in,False,,0.012,0.0024,0.0,0.0192,0.0244,0.0,0.0
100000003220685100,terminal,0.447,7,0.3005,"Колено 4, исходящие не выгружались; модель по 1–3 коленам: P(ушли дальше)=0.25; получил 1.3 млн",False,4,0,1,0,1306000.0,0.0,2,0,0.0,0.0,7,0,1,0,503.58782063790835,0.0005375987236644607,0.0,0.0,0.0,True,0.25456964347862815,estimated,0.0,,1.0,0,False,0,2.26,log_in,False,,0.0615,0.0766,0.0,0.0799,0.0825,0.0,0.0
100000003072205100,peripheral,0.153,2,0.2162,Обрыв выгрузки (колено 4): получил 163 тыс. от 2; P(ушли дальше)=0.36 — нужен 5-й уровень [аномалия для колена],False,4,0,2,0,163000.0,0.0,2,0,0.0,0.0,8,0,2,0,16.458571851207886,0.0003189739255881062,0.0,3.618668662714056e-07,0.0,True,0.35748935050110986,,0.0,,2.0,0,False,0,4.88,in_deg,True,,0.0038,0.017,0.0,0.1253,0.0535,0.0,0.0167
100000001202637100,peripheral,0.48,6,0.316,Обрыв выгрузки (колено 4): получил 10 тыс. от 1; P(ушли дальше)=0.30 — нужен 5-й уровень,False,4,0,1,0,10000.0,0.0,1,0,0.0,0.0,9,0,1,0,715.655277816163,0.0005487659443752247,0.0,0.0,0.0,True,0.29756511431487215,,0.0,,1.0,0,False,0,0.75,log_in,False,,0.012,0.0834,0.0,0.1361,0.0846,0.0,0.0
100000002835874100,peripheral,0.276,2,0.189,Обрыв выгрузки (колено 4): получил 59 тыс. от 1; P(ушли дальше)=0.26 — нужен 5-й уровень,False,4,0,1,0,58700.0,0.0,1,0,0.0,0.0,8,0,1,0,51.59487027474947,0.00029329173220691884,0.0,1.276147972494963e-06,0.0,True,0.25998958598055144,,0.0,,1.0,0,False,0,0.35,log_in,False,,0.0069,0.0305,0.0,0.1253,0.0264,0.0,0.0
100000002707106100,peripheral,0.48,10,0.1019,Обрыв выгрузки (колено 4): получил 15 тыс. от 1; P(ушли дальше)=0.44 — нужен 5-й уровень,False,4,0,1,0,15000.0,0.0,2,0,0.0,0.0,7,0,1,0,3.787252743790209,0.00028660633942148524,0.0,5.9204628229038967e-08,0.0,True,0.43691867988634286,,0.0,,1.0,1,False,0,0.5,log_in,False,,0.012,0.0063,0.0,0.0799,0.0037,0.0,0.0
100000008343415100,terminal,0.394,15,0.288,"Колено 4, исходящие не выгружались; модель по 1–3 коленам: P(ушли дальше)=0.34; получил 100 тыс.",False,4,0,1,0,100000.0,0.0,3,0,0.0,0.0,7,0,1,0,657.1566323627081,0.0004339920196479948,0.0,0.0,0.0,True,0.3427373067565643,estimated,0.0,,1.0,0,False,0,0.67,log_in,False,,0.0542,0.0804,0.0,0.0799,0.0735,0.0,0.0
100000004981068100,peripheral,0.48,8,0.2376,Обрыв выгрузки (колено 4): получил 10 тыс. от 1; P(ушли дальше)=0.30 — нужен 5-й уровень,False,4,0,1,0,10000.0,0.0,1,0,0.0,0.0,7,0,1,0,543.1715390288591,0.0003788472368268382,0.0,6.342137165769189e-08,0.0,True,0.29756511431487215,,0.0,,1.0,0,False,0,0.75,log_in,False,,0.012,0.0779,0.0,0.0799,0.0677,0.0,0.0
100000004241142100,peripheral,0.394,11,0.1934,Обрыв выгрузки (колено 4): получил 27 тыс. от 1; P(ушли дальше)=0.28 — нужен 5-й уровень,False,4,0,1,0,27102.0,0.0,1,0,0.0,0.0,7,0,1,0,28.284547529242925,0.0005301329725055737,0.0,0.0,0.0,True,0.27611962027620907,,0.0,,1.0,0,False,0,0.13,log_in,False,,0.0099,0.0238,0.0,0.0799,0.0797,0.0,0.0
100000008190411100,peripheral,0.131,29,0.1838,Обрыв выгрузки (колено 4): получил 198 тыс. от 1; P(ушли дальше)=0.93 — нужен 5-й уровень [дробление у порога: 7 перев.],False,4,0,1,0,198450.0,0.0,12,0,0.0,0.0,7,0,1,0,9.661380793730551,0.0004241348636842565,0.0,1.4075358594693281e-08,0.0,True,0.9260447563755123,,0.0,,1.0,7,True,0,1.1,log_in,False,,0.0033,0.0116,0.0,0.0799,0.0723,0.0,0.0167
100000008699083100,terminal,0.461,2,0.237,"Колено 4, исходящие не выгружались; модель по 1–3 коленам: P(ушли дальше)=0.23; получил 238 тыс.",False,4,0,1,0,238500.0,0.0,1,0,0.0,0.0,8,0,1,0,0.9971316081397237,0.00030640170893457883,0.0,2.1191697184202844e-07,0.0,True,0.23213655384844942,estimated,0.0,,1.0,0,False,0,1.21,log_in,False,,0.0634,0.0037,0.0,0.1253,0.0446,0.0,0.0
100000008136608100,terminal,0.456,6,0.3165,"Колено 4, исходящие не выгружались; модель по 1–3 коленам: P(ушли дальше)=0.24; получил 170 тыс.",False,4,0,1,0,170000.0,0.0,1,0,0.0,0.0,7,0,1,0,874.8756622928034,0.0005643778935793362,0.0,0.0,0.0,True,0.23933815049755183,estimated,0.0,,1.0,0,False,0,1.0,log_in,False,,0.0627,0.0874,0.0,0.0799,0.0865,0.0,0.0
100000008695157100,peripheral,0.058,15,0.2143,Обрыв выгрузки (колено 4): получил 426 тыс. от 1; P(ушли дальше)=0.47 — нужен 5-й уровень,False,4,0,1,0,425546.0,0.0,3,0,0.0,0.0,7,0,1,0,218.3087763571855,0.0004975174254247276,0.0,3.1784521125680773e-09,0.0,True,0.47402562282320687,,0.0,,1.0,0,False,0,1.57,log_in,False,,0.0015,0.0555,0.0,0.0799,0.0774,0.0,0.0
100000000369781100,peripheral,0.48,7,0.2283,Обрыв выгрузки (колено 4): получил 5 тыс. от 1; P(ушли дальше)=0.31 — нужен 5-й уровень,False,4,0,1,0,5000.0,0.0,1,0,0.0,0.0,7,0,1,0,217.4469864159124,0.0005324777910582564,0.0,0.0,0.0,True,0.3132776713391915,,0.0,,1.0,1,False,0,1.17,log_in,False,,0.012,0.0552,0.0,0.0799,0.0811,0.0,0.0
100000003133045100,peripheral,0.261,29,0.1509,Обрыв выгрузки (колено 4): получил 68 тыс. от 1; P(ушли дальше)=0.26 — нужен 5-й уровень,False,4,0,1,0,68000.0,0.0,1,0,0.0,0.0,7,0,1,0,3.310526046730549,0.00033304955989506193,0.0,1.4075358594693281e-08,0.0,True,0.2573694471985165,,0.0,,1.0,0,False,0,0.44,log_in,False,,0.0065,0.0059,0.0,0.0799,0.0585,0.0,0.0
100000002474570100,peripheral,0.48,20,0.046,Обрыв выгрузки (колено 4): получил 7 тыс. от 1; P(ушли дальше)=0.31 — нужен 5-й уровень,False,4,0,1,0,6750.0,0.0,1,0,0.0,0.0,1,0,0,0,0.3265983554363229,0.0002891815541283873,0.0,3.6873817911951947e-06,0.0,True,0.3055998819065659,,0.0,,1.0,1,False,0,0.99,log_in,False,,0.012,0.0012,0.0,0.0192,0.0136,0.0,0.0
100000002514975100,peripheral,0.471,25,0.1996,Обрыв выгрузки (колено 4): получил 18 тыс. от 1; P(ушли дальше)=0.28 — нужен 5-й уровень,False,4,0,1,0,17920.0,0.0,1,0,0.0,0.0,7,0,1,0,38.94147976268195,0.0005310425183631422,0.0,0.0,0.0,True,0.284250659252119,,0.0,,1.0,0,False,0,0.39,log_in,False,,0.0118,0.0274,0.0,0.0799,0.0804,0.0,0.0
100000001089055100,peripheral,0.48,16,0.217,Обрыв выгрузки (колено 4): получил 13 тыс. от 1; P(ушли дальше)=0.29 — нужен 5-й уровень,False,4,0,1,0,13000.0,0.0,1,0,0.0,0.0,7,0,1,0,340.445160868794,0.00032930768290614026,0.0,2.8374851247119553e-05,0.0,True,0.2918414098048744,,0.0,,1.0,0,False,0,0.58,log_in,False,,0.012,0.0677,0.0,0.0799,0.0573,0.0,0.0
100000000608031100,peripheral,0.381,16,0.2253,Обрыв выгрузки (колено 4): получил 30 тыс. от 1; P(ушли дальше)=0.27 — нужен 5-й уровень,False,4,0,1,0,30000.0,0.0,1,0,0.0,0.0,7,0,1,0,198.84080263413802,0.0005386366709608574,0.0,0.0,0.0,True,0.2734202468473798,,0.0,,1.0,0,False,0,0.07,log_in,False,,0.0095,0.0531,0.0,0.0799,0.0827,0.0,0.0
100000002659103100,terminal,0.456,4,0.2705,"Колено 4, исходящие не выгружались; модель по 1–3 коленам: P(ушли дальше)=0.24; получил 165 тыс.",False,4,0,1,0,165000.0,0.0,1,0,0.0,0.0,7,0,1,0,308.28818327893566,0.00034971052425683584,0.0,7.661109122360097e-07,0.0,True,0.2400304460834035,estimated,0.0,,1.0,0,False,0,0.98,log_in,False,,0.0627,0.0652,0.0,0.0799,0.0627,0.0,0.0
100000000733940100,terminal,0.397,30,0.2777,"Колено 4, исходящие не выгружались; модель по 1–3 коленам: P(ушли дальше)=0.34; получил 752 тыс.",False,4,0,1,0,752000.0,0.0,2,0,0.0,0.0,7,0,1,0,417.27553660089836,0.0004111852101832481,0.0,0.0,0.0,True,0.33902225875518766,estimated,0.0,,1.0,0,False,0,1.92,log_in,False,,0.0546,0.0717,0.0,0.0799,0.0715,0.0,0.0
100000001537524100,terminal,0.455,2,0.2259,"Колено 4, исходящие не выгружались; модель по 1–3 коленам: P(ушли дальше)=0.24; получил 150 тыс.",False,4,0,1,0,150000.0,0.0,1,0,0.0,0.0,8,0,1,0,0.6271267975721533,0.0002986714418382267,0.0,2.1191697184202844e-07,0.0,True,0.24092620279608812,estimated,0.0,,1.0,0,False,0,0.92,log_in,False,,0.0626,0.0024,0.0,0.1253,0.0357,0.0,0.0
100000002971593100,peripheral,0.31,7,0.2075,Обрыв выгрузки (колено 4): получил 49 тыс. от 1; P(ушли дальше)=0.26 — нужен 5-й уровень,False,4,0,1,0,49050.0,0.0,1,0,0.0,0.0,7,0,1,0,100.23796402279568,0.000530380154395715,0.0,0.0,0.0,True,0.264236159926267,,0.0,,1.0,0,False,0,0.24,log_in,False,,0.0078,0.0399,0.0,0.0799,0.0799,0.0,0.0
100000006918814100,peripheral,0.452,4,0.1415,Обрыв выгрузки (колено 4): получил 20 тыс. от 1; P(ушли дальше)=0.43 — нужен 5-й уровень,False,4,0,1,0,20000.0,0.0,2,0,0.0,0.0,7,0,1,0,4.9490612567278225,0.0003043279710896785,0.0,5.078517869942799e-05,0.0,True,0.42863806060993687,,0.0,,1.0,0,False,0,0.32,log_in,False,,0.0113,0.0073,0.0,0.0799,0.043,0.0,0.0
100000007381662100,peripheral,0.48,8,0.1307,Обрыв выгрузки (колено 4): получил 11 тыс. от 1; P(ушли дальше)=0.29 — нужен 5-й уровень,False,4,0,1,0,11000.0,0.0,1,0,0.0,0.0,7,0,1,0,2.310649968000381,0.0002968339281028911,0.0,3.148497900522947e-05,0.0,True,0.29450988063784306,,0.0,,1.0,0,False,0,0.69,log_in,False,,0.012,0.0053,0.0,0.0799,0.0334,0.0,0.0
100000003199390100,terminal,0.461,7,0.2623,"Колено 4, исходящие не выгружались; модель по 1–3 коленам: P(ушли дальше)=0.23; получил 260 тыс.",False,4,0,1,0,260000.0,0.0,1,0,0.0,0.0,7,0,1,0,184.82766810647715,0.0003766331907775371,0.0,1.23619985386e-313,0.0,True,0.23107666977050156,estimated,0.0,,1.0,0,False,0,1.26,log_in,False,,0.0634,0.0516,0.0,0.0799,0.0674,0.0,0.0
100000007749747100,peripheral,0.303,2,0.26,Обрыв выгрузки (колено 4): получил 50 тыс. от 1; P(ушли дальше)=0.26 — нужен 5-й уровень,False,4,0,1,0,50000.0,0.0,1,0,0.0,0.0,8,0,1,0,197.05043031610376,0.000443621967101852,0.0,0.0,0.0,True,0.2633283420406132,,0.0,,1.0,0,False,0,0.25,log_in,False,,0.0076,0.0529,0.0,0.1253,0.0742,0.0,0.0
100000003447411100,peripheral,0.083,8,0.1486,Обрыв выгрузки (колено 4): получил 302 тыс. от 1; P(ушли дальше)=0.48 — нужен 5-й уровень,False,4,0,1,0,302000.0,0.0,3,0,0.0,0.0,7,0,1,0,25.696487462777846,0.000305818442968074,0.0,0.00011365723210704084,0.0,True,0.48345116794070797,,0.0,,1.0,0,False,0,1.36,log_in,False,,0.0021,0.0225,0.0,0.0799,0.0441,0.0,0.0
100000000500040100,peripheral,0.452,8,0.1422,Обрыв выгрузки (колено 4): получил 20 тыс. от 1; P(ушли дальше)=0.28 — нужен 5-й уровень,False,4,0,1,0,20000.0,0.0,1,0,0.0,0.0,7,0,1,0,4.201181760000693,0.00030605044673656407,0.0,3.148497900522947e-05,0.0,True,0.28177672911160895,,0.0,,1.0,0,False,0,0.32,log_in,False,,0.0113,0.0066,0.0,0.0799,0.0443,0.0,0.0
100000008551752100,peripheral,0.061,11,0.1473,Обрыв выгрузки (колено 4): получил 406 тыс. от 1; P(ушли дальше)=0.35 — нужен 5-й уровень,False,4,0,1,0,406000.0,0.0,2,0,0.0,0.0,7,0,1,0,1.9381060103356493,0.0003415570643909764,0.0,3.8798761239758137e-256,0.0,True,0.3539217206552301,,0.0,,1.0,0,False,0,1.54,log_in,False,,0.0015,0.0049,0.0,0.0799,0.0609,0.0,0.0
100000002876914100,peripheral,0.48,20,0.0564,Обрыв выгрузки (колено 4): получил 12 тыс. от 1; P(ушли дальше)=0.29 — нужен 5-й уровень,False,4,0,1,0,12000.0,0.0,1,0,0.0,0.0,1,0,0,0,0.580619298553463,0.00029199108961479553,0.0,3.6873817911951947e-06,0.0,True,0.2928913822652733,,0.0,,1.0,0,False,0,0.63,log_in,False,,0.012,0.0022,0.0,0.0192,0.023,0.0,0.0
100000004571634100,peripheral,0.452,4,0.2924,Обрыв выгрузки (колено 4): получил 20 тыс. от 1; P(ушли дальше)=0.28 — нужен 5-й уровень,False,4,0,1,0,20000.0,0.0,1,0,0.0,0.0,8,0,1,0,965.5757957186305,0.0003741773489468036,0.0,1.23619985386e-313,0.0,True,0.28231558215089136,,0.0,,1.0,0,False,0,0.32,log_in,False,,0.0113,0.0888,0.0,0.1253,0.0669,0.0,0.0
100000004610802100,peripheral,0.107,4,0.2238,Обрыв выгрузки (колено 4): получил 241 тыс. от 1; P(ушли дальше)=0.99 — нужен 5-й уровень [дробление у порога: 10 перев.],False,4,0,1,0,241000.0,0.0,18,0,0.0,0.0,7,0,1,0,156.0442054213337,0.00047395222486411233,0.0,1.23619985386e-313,0.0,True,0.9876183166269805,,0.0,,1.0,10,True,0,1.22,log_in,False,,0.0027,0.0487,0.0,0.0799,0.0758,0.0,0.0167
100000001311175100,terminal,0.463,14,0.2319,"Колено 4, исходящие не выгружались; модель по 1–3 коленам: P(ушли дальше)=0.23; получил 300 тыс.",False,4,0,1,0,300000.0,0.0,1,0,0.0,0.0,2,0,1,0,149.80585937361218,0.0005315144876960898,0.0,0.0,0.0,True,0.22822313057590113,estimated,0.0,,1.0,0,False,0,1.35,log_in,False,,0.0637,0.048,0.0,0.0397,0.0806,0.0,0.0
100000008740295100,terminal,0.463,2,0.3059,"Колено 4, исходящие не выгружались; модель по 1–3 коленам: P(ушли дальше)=0.23; получил 300 тыс.",False,4,0,1,0,300000.0,0.0,1,0,0.0,0.0,8,0,1,0,263.6875823241029,0.000325036609326122,0.0,1.276147972494963e-06,0.0,True,0.22802789317926764,estimated,0.0,,1.0,0,False,0,1.35,log_in,False,,0.0637,0.0607,0.0,0.1253,0.0562,0.0,0.0
100000002596039100,terminal,0.462,8,0.2082,"Колено 4, исходящие не выгружались; модель по 1–3 коленам: P(ушли дальше)=0.23; получил 280 тыс.",False,4,0,1,0,280000.0,0.0,1,0,0.0,0.0,7,0,1,0,23.82455791250926,0.00030434333941669245,0.0,0.00011365723210704084,0.0,True,0.229697375527186,estimated,0.0,,1.0,0,False,0,1.31,log_in,False,,0.0635,0.0217,0.0,0.0799,0.0431,0.0,0.0
100000002126791100,peripheral,0.03,2,0.3159,Обрыв выгрузки (колено 4): получил 1.3 млн от 1; P(ушли дальше)=0.44 — нужен 5-й уровень,False,4,0,1,0,1313000.0,0.0,3,0,0.0,0.0,9,0,1,0,1104.4141502205946,0.000571680600606073,0.0,0.0,0.0,True,0.44460837039928475,,0.0,,1.0,0,False,0,2.26,log_in,False,,0.0008,0.0922,0.0,0.1361,0.0869,0.0,0.0
100000005783452100,terminal,0.394,2,0.2825,"Колено 4, исходящие не выгружались; модель по 1–3 коленам: P(ушли дальше)=0.34; получил 286 тыс. [аномалия для колена]",False,4,0,2,0,286500.0,0.0,2,0,0.0,0.0,8,0,2,0,76.86608863354587,0.0003144185669015849,0.0,1.4880649443369915e-06,0.0,True,0.3439593570564404,estimated,0.0,,2.0,0,False,0,4.88,in_deg,True,,0.0542,0.0355,0.0,0.1253,0.0509,0.0,0.0167
100000006693788100,peripheral,0.48,1,0.2398,Обрыв выгрузки (колено 4): получил 11 тыс. от 1; P(ушли дальше)=0.30 — нужен 5-й уровень,False,4,0,1,0,10764.0,0.0,1,0,0.0,0.0,7,0,1,0,333.0350762416473,0.0005320949120369108,0.0,0.0,0.0,True,0.29558296006111795,,0.0,,1.0,0,False,0,0.7,log_in,False,,0.012,0.0668,0.0,0.0799,0.081,0.0,0.0
100000002832753100,peripheral,0.48,3,0.2663,Обрыв выгрузки (колено 4): получил 12 тыс. от 1; P(ушли дальше)=0.29 — нужен 5-й уровень,False,4,0,1,0,12500.0,0.0,1,0,0.0,0.0,7,0,1,0,689.3674344819582,0.0007555331214190867,0.0,0.0,0.0,True,0.292784755048722,,0.0,,1.0,0,False,0,0.61,log_in,False,,0.012,0.0821,0.0,0.0799,0.0922,0.0,0.0
100000002981489100,peripheral,0.48,7,0.1103,Обрыв выгрузки (колено 4): получил 10 тыс. от 1; P(ушли дальше)=0.30 — нужен 5-й уровень,False,4,0,1,0,10000.0,0.0,1,0,0.0,0.0,7,0,1,0,7.213641496235045,0.00028833129648364,0.0,3.8798761239758137e-256,0.0,True,0.2978432961355251,,0.0,,1.0,0,False,0,0.75,log_in,False,,0.012,0.0085,0.0,0.0799,0.0098,0.0,0.0
100000003084870100,peripheral,0.48,14,0.1374,Обрыв выгрузки (колено 4): получил 6 тыс. от 1; P(ушли дальше)=0.31 — нужен 5-й уровень,False,4,0,1,0,6500.0,0.0,1,0,0.0,0.0,2,0,1,0,28.433643812315264,0.00034517865606512906,0.0,0.0,0.0,True,0.3071956926234391,,0.0,,1.0,1,False,0,1.01,log_in,False,,0.012,0.024,0.0,0.0397,0.0616,0.0,0.0
100000002791494100,peripheral,0.232,6,0.1998,Обрыв выгрузки (колено 4): получил 86 тыс. от 1; P(ушли дальше)=0.25 — нужен 5-й уровень,False,4,0,1,0,85860.0,0.0,1,0,0.0,0.0,7,0,1,0,266.9813771070869,0.00031770918329048745,0.0,2.758273854900145e-06,0.0,True,0.2519236187606062,,0.0,,1.0,0,False,0,0.58,log_in,False,,0.0058,0.0613,0.0,0.0799,0.0528,0.0,0.0
100000003345947100,peripheral,0.242,15,0.2243,Обрыв выгрузки (колено 4): получил 80 тыс. от 1; P(ушли дальше)=0.40 — нужен 5-й уровень,False,4,0,1,0,79500.0,0.0,6,0,0.0,0.0,7,0,1,0,265.47380436924436,0.000494765923207766,0.0,0.0,0.0,True,0.40254881970150214,,0.0,,1.0,1,False,0,0.53,log_in,False,,0.006,0.061,0.0,0.0799,0.0773,0.0,0.0
100000002733083100,peripheral,0.48,6,0.1426,Обрыв выгрузки (колено 4): получил 15 тыс. от 1; P(ушли дальше)=0.29 — нужен 5-й уровень,False,4,0,1,0,15200.0,0.0,1,0,0.0,0.0,7,0,1,0,47.264348148471015,0.00029125909521790337,0.0,2.758273854900145e-06,0.0,True,0.28800654453177094,,0.0,,1.0,0,False,0,0.49,log_in,False,,0.012,0.0294,0.0,0.0799,0.0213,0.0,0.0
100000003247600100,peripheral,0.277,4,0.2823,Обрыв выгрузки (колено 4): получил 58 тыс. от 1; P(ушли дальше)=0.26 — нужен 5-й уровень,False,4,0,1,0,58000.0,0.0,1,0,0.0,0.0,7,0,1,0,2057.924781044366,0.0008412090951663764,0.0,0.0,0.0,True,0.26036002779304,,0.0,,1.0,0,False,0,0.34,log_in,False,,0.0069,0.102,0.0,0.0799,0.0934,0.0,0.0
100000001378288100,peripheral,0.097,15,0.2266,Обрыв выгрузки (колено 4): получил 268 тыс. от 1; P(ушли дальше)=0.49 — нужен 5-й уровень,False,4,0,1,0,268000.0,0.0,3,0,0.0,0.0,7,0,1,0,309.5823114444382,0.0005234508868762802,0.0,0.0,0.0,True,0.4868041864854157,,0.0,,1.0,2,False,0,1.28,log_in,False,,0.0024,0.0654,0.0,0.0799,0.0788,0.0,0.0
100000002305477100,peripheral,0.452,17,0.2072,Обрыв выгрузки (колено 4): получил 20 тыс. от 1; P(ушли дальше)=0.28 — нужен 5-й уровень,False,4,0,1,0,20000.0,0.0,1,0,0.0,0.0,7,0,1,0,321.8934911242603,0.0003133060722146628,0.0,2.3749511394193016e-243,0.0,True,0.28222572991070205,,0.0,,1.0,0,False,0,0.32,log_in,False,,0.0113,0.066,0.0,0.0799,0.0499,0.0,0.0
100000006638021100,terminal,0.398,2,0.3338,"Колено 4, исходящие не выгружались; модель по 1–3 коленам: P(ушли дальше)=0.34; получил 388 тыс. [аномалия для колена]",False,4,0,2,0,388500.0,0.0,2,0,0.0,0.0,9,0,2,0,117.72518584196602,0.000544485696289975,0.0,8.085030393836755e-298,0.0,True,0.33663350138607934,estimated,0.0,,2.0,0,False,0,4.88,in_deg,True,,0.0547,0.0426,0.0,0.1361,0.0837,0.0,0.0167
100000008517061100,terminal,0.421,10,0.284,"Колено 4, исходящие не выгружались; модель по 1–3 коленам: P(ушли дальше)=0.30; получил 1.8 млн",False,4,0,1,0,1844000.0,0.0,4,0,0.0,0.0,7,0,1,0,465.57960396994304,0.00041305671798624714,0.0,5.9204628229038967e-08,0.0,True,0.297803000029358,estimated,0.0,,1.0,0,False,0,2.47,log_in,False,,0.0579,0.0744,0.0,0.0799,0.0718,0.0,0.0
100000005910895100,peripheral,0.48,12,0.2929,Обрыв выгрузки (колено 4): получил 5 тыс. от 1; P(ушли дальше)=0.31 — нужен 5-й уровень,False,4,0,1,0,5100.0,0.0,1,0,0.0,0.0,8,0,1,0,339.4644483571887,0.0005976000607837528,0.0,0.0,0.0,True,0.31159265588814866,,0.0,,1.0,1,False,0,1.16,log_in,False,,0.012,0.0675,0.0,0.1253,0.0881,0.0,0.0
100000002723439100,peripheral,0.468,12,0.3248,Обрыв выгрузки (колено 4): получил 18 тыс. от 1; P(ушли дальше)=0.43 — нужен 5-й уровень,False,4,0,1,0,18000.0,0.0,2,0,0.0,0.0,8,0,1,0,2118.5004804609816,0.0005526233540248644,0.0,6.728017735336456e-282,0.0,True,0.4315108958447111,,0.0,,1.0,1,False,0,0.38,log_in,False,,0.0117,0.1025,0.0,0.1253,0.0853,0.0,0.0
100000002320495100,peripheral,0.48,7,0.218,Обрыв выгрузки (колено 4): получил 14 тыс. от 1; P(ушли дальше)=0.29 — нужен 5-й уровень,False,4,0,1,0,13526.27,0.0,1,0,0.0,0.0,7,0,1,0,126.2265791872485,0.0005354179344206217,0.0,0.0,0.0,True,0.2910728144663254,,0.0,,1.0,0,False,0,0.56,log_in,False,,0.012,0.044,0.0,0.0799,0.0821,0.0,0.0
100000002229615100,peripheral,0.412,17,0.2997,Обрыв выгрузки (колено 4): получил 25 тыс. от 1; P(ушли дальше)=0.28 — нужен 5-й уровень,False,4,0,1,0,25000.0,0.0,1,0,0.0,0.0,7,0,1,0,5447.432855375209,0.0007184983881728359,0.0,0.0,0.0,True,0.2779500991884721,,0.0,,1.0,0,False,0,0.18,log_in,False,,0.0103,0.1179,0.0,0.0799,0.0916,0.0,0.0
100000008327791100,peripheral,0.48,16,0.2376,Обрыв выгрузки (колено 4): получил 11 тыс. от 1; P(ушли дальше)=0.29 — нужен 5-й уровень,False,4,0,1,0,11000.0,0.0,1,0,0.0,0.0,7,0,1,0,294.68258864307916,0.0005367685704661637,0.0,0.0,0.0,True,0.2946020385988276,,0.0,,1.0,0,False,0,0.69,log_in,False,,0.012,0.0633,0.0,0.0799,0.0823,0.0,0.0
100000002208836100,peripheral,0.226,7,0.1938,Обрыв выгрузки (колено 4): получил 90 тыс. от 1; P(ушли дальше)=0.25 — нужен 5-й уровень,False,4,0,1,0,90000.0,0.0,1,0,0.0,0.0,7,0,1,0,177.06250684681902,0.0003298185449195238,0.0,0.0,0.0,True,0.25082646835311667,,0.0,,1.0,0,False,0,0.61,log_in,False,,0.0057,0.0507,0.0,0.0799,0.0575,0.0,0.0
100000001724740100,peripheral,0.139,2,0.278,Обрыв выгрузки (колено 4): получил 185 тыс. от 1; P(ушли дальше)=0.43 — нужен 5-й уровень,False,4,0,1,0,185000.0,0.0,4,0,0.0,0.0,9,0,1,0,227.11747374279065,0.0005364804152149869,0.0,0.0,0.0,True,0.4336499315861276,,0.0,,1.0,1,False,0,1.05,log_in,False,,0.0035,0.0561,0.0,0.1361,0.0823,0.0,0.0
100000004386286100,peripheral,0.48,13,0.3729,Обрыв выгрузки (колено 4): получил 12 тыс. от 1; P(ушли дальше)=0.29 — нужен 5-й уровень,False,4,0,1,0,12500.0,0.0,1,0,0.0,0.0,9,0,1,0,12500.0,0.0005972866869113222,0.0,9.023756758629543e-290,0.0,True,0.29182143147758793,,0.0,,1.0,0,False,0,0.61,log_in,False,,0.012,0.1367,0.0,0.1361,0.0881,0.0,0.0
100000001714883100,peripheral,0.48,20,0.0467,Обрыв выгрузки (колено 4): получил 7 тыс. от 1; P(ушли дальше)=0.30 — нужен 5-й уровень,False,4,0,1,0,6900.0,0.0,1,0,0.0,0.0,1,0,0,0,0.3338560966682412,0.00028926182657085605,0.0,3.6873817911951947e-06,0.0,True,0.30487555336353694,,0.0,,1.0,1,False,0,0.97,log_in,False,,0.012,0.0013,0.0,0.0192,0.0141,0.0,0.0
100000008337304100,terminal,0.416,1,0.2533,"Колено 4, исходящие не выгружались; модель по 1–3 коленам: P(ушли дальше)=0.31; получил 105 тыс.",False,4,0,1,0,105465.0,0.0,2,0,0.0,0.0,7,0,1,0,193.69883522076327,0.00035426504692391266,0.0,9.023756758629543e-290,0.0,True,0.30731689286457703,estimated,0.0,,1.0,0,False,0,0.71,log_in,False,,0.0572,0.0528,0.0,0.0799,0.0634,0.0,0.0
100000000655469100,peripheral,0.452,17,0.2388,Обрыв выгрузки (колено 4): получил 20 тыс. от 1; P(ушли дальше)=0.43 — нужен 5-й уровень,False,4,0,1,0,20000.0,0.0,2,0,0.0,0.0,7,0,1,0,800.640512409928,0.0003454311507267085,0.0,7.577905051749476e-255,0.0,True,0.4292898960795417,,0.0,,1.0,0,False,0,0.32,log_in,False,,0.0113,0.0859,0.0,0.0799,0.0617,0.0,0.0
100000008722541100,peripheral,0.093,7,0.2037,Обрыв выгрузки (колено 4): получил 280 тыс. от 1; P(ушли дальше)=0.60 — нужен 5-й уровень,False,4,0,1,0,280000.0,0.0,4,0,0.0,0.0,7,0,1,0,199.0451810377446,0.000383638105897556,0.0,1.23619985386e-313,0.0,True,0.5967076221867901,,0.0,,1.0,0,False,0,1.31,log_in,False,,0.0023,0.0533,0.0,0.0799,0.0681,0.0,0.0
100000004222274100,peripheral,0.48,1,0.2061,Обрыв выгрузки (колено 4): получил 16 тыс. от 1; P(ушли дальше)=0.29 — нужен 5-й уровень,False,4,0,1,0,15500.0,0.0,1,0,0.0,0.0,7,0,1,0,51.49308301220836,0.0005454170226679215,0.0,0.0,0.0,True,0.2871773332525968,,0.0,,1.0,0,False,0,0.48,log_in,False,,0.012,0.0303,0.0,0.0799,0.0839,0.0,0.0
100000006232642100,peripheral,0.052,7,0.244,Обрыв выгрузки (колено 4): получил 456 тыс. от 1; P(ушли дальше)=0.58 — нужен 5-й уровень,False,4,0,1,0,456000.0,0.0,4,0,0.0,0.0,7,0,1,0,1012.8204220484537,0.00042785609111614025,0.0,1.207235573201223e-06,0.0,True,0.5849762100188273,,0.0,,1.0,0,False,0,1.61,log_in,False,,0.0013,0.09,0.0,0.0799,0.0727,0.0,0.0
100000004066370100,peripheral,0.265,31,0.2338,Обрыв выгрузки (колено 4): получил 65 тыс. от 1; P(ушли дальше)=0.40 — нужен 5-й уровень,False,4,0,1,0,65000.0,0.0,2,0,0.0,0.0,1,0,0,0,6315.02890173409,0.0005893461583954324,0.0,1.148544469993621e-281,0.0,True,0.3993381922251407,,0.0,,1.0,0,False,0,0.41,log_in,False,,0.0066,0.1202,0.0,0.0192,0.0877,0.0,0.0
100000005685783100,peripheral,0.402,9,0.129,Обрыв выгрузки (колено 4): получил 26 тыс. от 1; P(ушли дальше)=0.28 — нужен 5-й уровень,False,4,1,1,0,26150.0,0.0,1,0,0.0,0.0,1,0,0,0,19.154384699365398,0.0005320610913052177,0.0,0.0,0.0,True,0.2760720163300609,,0.0,,1.0,0,False,0,0.15,log_in,False,,0.0101,0.0187,0.0,0.0192,0.081,0.0,0.0
100000006171671100,peripheral,0.48,11,0.181,Обрыв выгрузки (колено 4): получил 10 тыс. от 1; P(ушли дальше)=0.30 — нужен 5-й уровень,False,4,0,1,0,10000.0,0.0,1,0,0.0,0.0,7,0,1,0,8.767683673044925,0.0005290656990407927,0.0,0.0,0.0,True,0.29770418650634,,0.0,,1.0,0,False,0,0.75,log_in,False,,0.012,0.0098,0.0,0.0799,0.0793,0.0,0.0
100000003481025100,peripheral,0.48,1,0.1811,Обрыв выгрузки (колено 4): получил 9 тыс. от 1; P(ушли дальше)=0.30 — нужен 5-й уровень,False,4,0,1,0,9000.0,0.0,1,0,0.0,0.0,7,0,1,0,7.464620217972551,0.0005310260909453555,0.0,0.0,0.0,True,0.29997485041878236,,0.0,,1.0,1,False,0,0.81,log_in,False,,0.012,0.0088,0.0,0.0799,0.0804,0.0,0.0
100000003646145100,peripheral,0.48,4,0.3377,Обрыв выгрузки (колено 4): получил 5 тыс. от 1; P(ушли дальше)=0.31 — нужен 5-й уровень,False,4,0,1,0,5000.0,0.0,1,0,0.0,0.0,8,0,1,0,3616.105464910812,0.0006536813277109187,0.0,9.380458298223593e-242,0.0,True,0.31342081043908593,,0.0,,1.0,1,False,0,1.17,log_in,False,,0.012,0.1103,0.0,0.1253,0.0901,0.0,0.0
100000002659265100,terminal,0.455,2,0.2448,"Колено 4, исходящие не выгружались; модель по 1–3 коленам: P(ушли дальше)=0.24; получил 141 тыс.",False,4,0,1,0,141000.0,0.0,1,0,0.0,0.0,8,0,1,0,0.7324073413915869,0.00031969973198944335,0.0,3.090697396070124e-08,0.0,True,0.2422381056933221,estimated,0.0,,1.0,0,False,0,0.89,log_in,False,,0.0626,0.0029,0.0,0.1253,0.0541,0.0,0.0
100000003289281100,peripheral,0.341,1,0.3142,Обрыв выгрузки (колено 4): получил 40 тыс. от 1; P(ушли дальше)=0.27 — нужен 5-й уровень,False,4,0,1,0,40000.0,0.0,1,0,0.0,0.0,7,0,1,0,13000.0,0.0005967179150727089,0.0,0.0,0.0,True,0.26741902377200977,,0.0,,1.0,0,False,0,0.11,log_in,False,,0.0085,0.1377,0.0,0.0799,0.088,0.0,0.0
100000004840086100,terminal,0.415,1,0.3095,"Колено 4, исходящие не выгружались; модель по 1–3 коленам: P(ушли дальше)=0.31; получил 100 тыс.",False,4,0,1,0,100000.0,0.0,2,0,0.0,0.0,7,0,1,0,1003.376746875928,0.0005391572563123895,0.0,0.0,0.0,True,0.30879096656835714,estimated,0.0,,1.0,0,False,0,0.67,log_in,False,,0.0571,0.0896,0.0,0.0799,0.0829,0.0,0.0
100000008554390100,peripheral,0.48,20,0.0597,Обрыв выгрузки (колено 4): получил 14 тыс. от 1; P(ушли дальше)=0.29 — нужен 5-й уровень,False,4,0,1,0,14000.0,0.0,1,0,0.0,0.0,1,0,0,0,0.6773891816457067,0.00029306138884771293,0.0,3.6873817911951947e-06,0.0,True,0.2895973089448615,,0.0,,1.0,0,False,0,0.54,log_in,False,,0.012,0.0026,0.0,0.0192,0.0258,0.0,0.0
100000004691350100,peripheral,0.48,1,0.3068,Обрыв выгрузки (колено 4): получил 13 тыс. от 1; P(ушли дальше)=0.29 — нужен 5-й уровень,False,4,0,1,0,13300.0,0.0,1,0,0.0,0.0,7,0,1,0,6368.1446698950585,0.0008870591048616337,0.0,0.0,0.0,True,0.291575724685885,,0.0,,1.0,0,False,0,0.57,log_in,False,,0.012,0.1207,0.0,0.0799,0.0942,0.0,0.0
100000004652395100,peripheral,0.203,4,0.2323,Обрыв выгрузки (колено 4): получил 102 тыс. от 3; P(ушли дальше)=0.52 — нужен 5-й уровень [3 плательщ. в 1 день; аномалия для колена],False,4,0,3,0,101528.0,0.0,5,0,0.0,0.0,7,0,3,0,215.01408568554922,0.00033570670989277517,0.0,0.00017022149527287276,0.0,True,0.5160728573157974,,0.0,,3.0,1,False,0,9.76,in_deg,True,,0.0051,0.0548,0.0,0.0799,0.0592,0.0,0.0333
100000004979264100,peripheral,0.344,2,0.2543,Обрыв выгрузки (колено 4): получил 40 тыс. от 1; P(ушли дальше)=0.27 — нужен 5-й уровень,False,4,0,1,0,39800.0,0.0,1,0,0.0,0.0,8,0,1,0,156.8521425316186,0.00041137922183340155,0.0,0.0,0.0,True,0.26769596340564444,,0.0,,1.0,0,False,0,0.11,log_in,False,,0.0086,0.0489,0.0,0.1253,0.0715,0.0,0.0
100000008074304100,peripheral,0.48,7,0.1875,Обрыв выгрузки (колено 4): получил 6 тыс. от 1; P(ушли дальше)=0.31 — нужен 5-й уровень,False,4,0,1,0,5500.0,0.0,1,0,0.0,0.0,7,0,1,0,86.25431063239265,0.00033242119278309483,0.0,0.0,0.0,True,0.31117728557525465,,0.0,,1.0,1,False,0,1.11,log_in,False,,0.012,0.0372,0.0,0.0799,0.0584,0.0,0.0
100000002227989100,peripheral,0.452,17,0.2371,Обрыв выгрузки (колено 4): получил 20 тыс. от 1; P(ушли дальше)=0.28 — нужен 5-й уровень,False,4,0,1,0,20000.0,0.0,1,0,0.0,0.0,7,0,1,0,494.5454545454545,0.00039446042046132154,0.0,5.122433452555066e-255,0.0,True,0.28200117524691715,,0.0,,1.0,0,False,0,0.32,log_in,False,,0.0113,0.076,0.0,0.0799,0.0699,0.0,0.0
100000003207060100,peripheral,0.289,1,0.2663,Обрыв выгрузки (колено 4): получил 53 тыс. от 1; P(ушли дальше)=0.26 — нужен 5-й уровень,False,4,0,1,0,53000.0,0.0,1,0,0.0,0.0,7,0,1,0,2663.439339997517,0.00042744311258669713,0.0,5.04730745361861e-07,0.0,True,0.26248685683308337,,0.0,,1.0,0,False,0,0.28,log_in,False,,0.0072,0.1064,0.0,0.0799,0.0726,0.0,0.0
100000004601193100,peripheral,0.235,4,0.3251,Обрыв выгрузки (колено 4): получил 84 тыс. от 1; P(ушли дальше)=0.52 — нужен 5-й уровень,False,4,0,1,0,84000.0,0.0,3,0,0.0,0.0,8,0,1,0,2525.9826343658924,0.0006034150427286833,0.0,0.0,0.0,True,0.5165725190137594,,0.0,,1.0,0,False,0,0.57,log_in,False,,0.0059,0.1056,0.0,0.1253,0.0884,0.0,0.0
100000004991593100,peripheral,0.326,4,0.1737,Обрыв выгрузки (колено 4): получил 45 тыс. от 1; P(ушли дальше)=0.41 — нужен 5-й уровень,False,4,0,1,0,45000.0,0.0,2,0,0.0,0.0,7,0,1,0,24.778989682661063,0.00035489105110696656,0.0,2.995296467708153e-05,0.0,True,0.40938116993066614,,0.0,,1.0,0,False,0,0.18,log_in,False,,0.0082,0.0221,0.0,0.0799,0.0634,0.0,0.0
100000003128638100,terminal,0.463,2,0.2576,"Колено 4, исходящие не выгружались; модель по 1–3 коленам: P(ушли дальше)=0.23; получил 300 тыс.",False,4,0,1,0,300000.0,0.0,1,0,0.0,0.0,8,0,1,0,1.5583134923225253,0.0003581872469239982,0.0,3.090697396070124e-08,0.0,True,0.22791080724324367,estimated,0.0,,1.0,0,False,0,1.35,log_in,False,,0.0637,0.0044,0.0,0.1253,0.0643,0.0,0.0
100000005878334100,peripheral,0.245,15,0.2329,Обрыв выгрузки (колено 4): получил 76 тыс. от 1; P(ушли дальше)=0.39 — нужен 5-й уровень,False,4,0,1,0,76400.0,0.0,2,0,0.0,0.0,7,0,1,0,502.067667125109,0.0003989642564463486,0.0,0.0,0.0,True,0.39469394816426534,,0.0,,1.0,0,False,0,0.51,log_in,False,,0.0061,0.0764,0.0,0.0799,0.0704,0.0,0.0
100000002878483100,peripheral,0.48,20,0.0441,Обрыв выгрузки (колено 4): получил 6 тыс. от 1; P(ушли дальше)=0.31 — нужен 5-й уровень,False,4,0,1,0,6000.0,0.0,1,0,0.0,0.0,1,0,0,0,0.2903096492767315,0.00028878019191604315,0.0,3.6873817911951947e-06,0.0,True,0.3082294295415429,,0.0,,1.0,1,False,0,1.06,log_in,False,,0.012,0.001,0.0,0.0192,0.0118,0.0,0.0
100000000981693100,peripheral,0.48,11,0.1821,Обрыв выгрузки (колено 4): получил 16 тыс. от 1; P(ушли дальше)=0.29 — нужен 5-й уровень,False,4,0,1,0,16500.0,0.0,1,0,0.0,0.0,7,0,1,0,9.057017234255406,0.000529081521154152,0.0,0.0,0.0,True,0.28601696317929204,,0.0,,1.0,0,False,0,0.44,log_in,False,,0.012,0.0109,0.0,0.0799,0.0793,0.0,0.0
100000006416061100,peripheral,0.381,8,0.2489,Обрыв выгрузки (колено 4): получил 30 тыс. от 1; P(ушли дальше)=0.27 — нужен 5-й уровень,False,4,0,1,0,30000.0,0.0,1,0,0.0,0.0,7,0,1,0,793.0092103358644,0.0004348563786213132,0.0,1.23619985386e-313,0.0,True,0.27324406582287786,,0.0,,1.0,0,False,0,0.07,log_in,False,,0.0095,0.0858,0.0,0.0799,0.0736,0.0,0.0
100000008168850100,peripheral,0.137,7,0.2238,Обрыв выгрузки (колено 4): получил 188 тыс. от 1; P(ушли дальше)=0.37 — нужен 5-й уровень,False,4,0,1,0,187910.0,0.0,2,0,0.0,0.0,7,0,1,0,251.07296803925175,0.0005330795799856522,0.0,0.0,0.0,True,0.3727787640829097,,0.0,,1.0,0,False,0,1.06,log_in,False,,0.0034,0.0591,0.0,0.0799,0.0813,0.0,0.0
100000004747154100,peripheral,0.261,29,0.1506,Обрыв выгрузки (колено 4): получил 67 тыс. от 1; P(ушли дальше)=0.26 — нужен 5-й уровень,False,4,0,1,0,67000.0,0.0,1,0,0.0,0.0,7,0,1,0,3.261841840160982,0.0003323513206939182,0.0,1.4075358594693281e-08,0.0,True,0.2578364892451433,,0.0,,1.0,0,False,0,0.43,log_in,False,,0.0065,0.0058,0.0,0.0799,0.0584,0.0,0.0
100000008524903100,peripheral,0.48,11,0.1634,Обрыв выгрузки (колено 4): получил 15 тыс. от 1; P(ушли дальше)=0.29 — нужен 5-й уровень,False,4,0,1,0,15000.0,0.0,1,0,0.0,0.0,7,0,1,0,11.671978889741055,0.0003317732501869909,0.0,0.0,0.0,True,0.28847374497300143,,0.0,,1.0,0,False,0,0.5,log_in,False,,0.012,0.0132,0.0,0.0799,0.0582,0.0,0.0
100000005049404100,peripheral,0.214,7,0.1695,Обрыв выгрузки (колено 4): получил 98 тыс. от 1; P(ушли дальше)=0.39 — нужен 5-й уровень,False,4,0,1,0,98000.0,0.0,2,0,0.0,0.0,7,0,1,0,70.69368666310343,0.0003126369164275119,0.0,3.8798761239758137e-256,0.0,True,0.38941649813965085,,0.0,,1.0,1,False,0,0.66,log_in,False,,0.0054,0.0349,0.0,0.0799,0.0493,0.0,0.0
100000002258492100,peripheral,0.48,10,0.2954,Обрыв выгрузки (колено 4): получил 9 тыс. от 1; P(ушли дальше)=0.30 — нужен 5-й уровень,False,4,0,1,0,9000.0,0.0,1,0,0.0,0.0,8,0,1,0,474.4186046511628,0.0005401265380892354,0.0,0.0,0.0,True,0.30002141870251164,,0.0,,1.0,1,False,0,0.81,log_in,False,,0.012,0.0749,0.0,0.1253,0.0833,0.0,0.0
100000005497148100,peripheral,0.422,7,0.2374,Обрыв выгрузки (колено 4): получил 24 тыс. от 1; P(ушли дальше)=0.42 — нужен 5-й уровень,False,4,0,1,0,24000.0,0.0,2,0,0.0,0.0,7,0,1,0,376.38244639589516,0.0004900139425044355,0.0,0.0,0.0,True,0.42487999976853097,,0.0,,1.0,0,False,0,0.21,log_in,False,,0.0106,0.07,0.0,0.0799,0.077,0.0,0.0
100000004596284100,peripheral,0.381,3,0.2817,Обрыв выгрузки (колено 4): получил 30 тыс. от 1; P(ушли дальше)=0.27 — нужен 5-й уровень,False,4,0,1,0,30000.0,0.0,1,0,0.0,0.0,7,0,1,0,2346.3177141637425,0.0005914888430857142,0.0,0.0,0.0,True,0.2739933242228407,,0.0,,1.0,0,False,0,0.07,log_in,False,,0.0095,0.1044,0.0,0.0799,0.0878,0.0,0.0
100000007960337100,peripheral,0.356,7,0.1479,Обрыв выгрузки (колено 4): получил 36 тыс. от 1; P(ушли дальше)=0.27 — нужен 5-й уровень,False,4,0,1,0,35500.0,0.0,1,0,0.0,0.0,7,0,1,0,17.07832905066111,0.00030276808937766193,0.0,1.23619985386e-313,0.0,True,0.27005518861031064,,0.0,,1.0,0,False,0,0.04,log_in,False,,0.0089,0.0175,0.0,0.0799,0.0415,0.0,0.0
100000003180305100,terminal,0.454,11,0.3216,"Колено 4, исходящие не выгружались; модель по 1–3 коленам: P(ушли дальше)=0.24; получил 144 тыс.",False,4,0,1,0,144000.0,0.0,1,0,0.0,0.0,7,0,1,0,1874.6150946282244,0.0005280565512084164,0.0,0.0,0.0,True,0.24285059947255522,estimated,0.0,,1.0,0,False,0,0.9,log_in,False,,0.0624,0.1002,0.0,0.0799,0.079,0.0,0.0
100000007653094100,peripheral,0.48,4,0.3122,Обрыв выгрузки (колено 4): получил 16 тыс. от 1; P(ушли дальше)=0.29 — нужен 5-й уровень,False,4,0,1,0,16000.0,0.0,1,0,0.0,0.0,7,0,1,0,10619.698086168186,0.0005754742432917503,0.0,0.0,0.0,True,0.28749394590164473,,0.0,,1.0,0,False,0,0.46,log_in,False,,0.012,0.1332,0.0,0.0799,0.0871,0.0,0.0
100000008175078100,peripheral,0.03,7,0.1983,Обрыв выгрузки (колено 4): получил 1.8 млн от 1; P(ушли дальше)=0.88 — нужен 5-й уровень,False,4,0,1,0,1846711.0,0.0,15,0,0.0,0.0,7,0,1,0,115.13843317167354,0.00046907194584128284,0.0,2.3749511394193016e-243,0.0,True,0.8815851824941939,,0.0,,1.0,0,False,0,2.47,log_in,False,,0.0008,0.0422,0.0,0.0799,0.0755,0.0,0.0
100000004263867100,peripheral,0.48,20,0.051,Обрыв выгрузки (колено 4): получил 9 тыс. от 1; P(ушли дальше)=0.30 — нужен 5-й уровень,False,4,0,1,0,9000.0,0.0,1,0,0.0,0.0,1,0,0,0,0.4354644739150972,0.00029038564076541934,0.0,3.6873817911951947e-06,0.0,True,0.29895139437775814,,0.0,,1.0,1,False,0,0.81,log_in,False,,0.012,0.0016,0.0,0.0192,0.0181,0.0,0.0
100000002194320100,terminal,0.462,3,0.2881,"Колено 4, исходящие не выгружались; модель по 1–3 коленам: P(ушли дальше)=0.23; получил 275 тыс.",False,4,0,1,0,275000.0,0.0,1,0,0.0,0.0,7,0,1,0,341.19332121096784,0.00048656793463182596,0.0,0.0,0.0,True,0.2304645296687199,estimated,0.0,,1.0,0,False,0,1.3,log_in,False,,0.0635,0.0679,0.0,0.0799,0.0767,0.0,0.0
100000001222245100,peripheral,0.059,7,0.2592,Обрыв выгрузки (колено 4): получил 420 тыс. от 1; P(ушли дальше)=0.68 — нужен 5-й уровень,False,4,0,1,0,420000.0,0.0,5,0,0.0,0.0,7,0,1,0,1149.760289791935,0.0005491629789918046,0.0,0.0,0.0,True,0.6845738886206857,,0.0,,1.0,2,False,0,1.56,log_in,False,,0.0015,0.0931,0.0,0.0799,0.0847,0.0,0.0
100000008151098100,peripheral,0.381,25,0.1772,Обрыв выгрузки (колено 4): получил 30 тыс. от 1; P(ушли дальше)=0.27 — нужен 5-й уровень,False,4,0,1,0,30000.0,0.0,1,0,0.0,0.0,7,0,1,0,106.92687911268723,0.0003093477246134631,0.0,1.23619985386e-313,0.0,True,0.27364057273249065,,0.0,,1.0,0,False,0,0.07,log_in,False,,0.0095,0.041,0.0,0.0799,0.0468,0.0,0.0
100000008735802100,peripheral,0.233,11,0.1824,Обрыв выгрузки (колено 4): получил 85 тыс. от 1; P(ушли дальше)=0.39 — нужен 5-й уровень,False,4,0,1,0,85000.0,0.0,2,0,0.0,0.0,7,0,1,0,18.685018083196795,0.0005087033417052578,0.0,0.0,0.0,True,0.3919694440216958,,0.0,,1.0,0,False,0,0.57,log_in,False,,0.0058,0.0184,0.0,0.0799,0.0782,0.0,0.0
100000004047887100,peripheral,0.381,7,0.1041,Обрыв выгрузки (колено 4): получил 30 тыс. от 1; P(ушли дальше)=0.27 — нужен 5-й уровень,False,4,0,1,0,30000.0,0.0,1,0,0.0,0.0,7,0,1,0,4.209889241726375,0.00028801399269163874,0.0,3.8798761239758137e-256,0.0,True,0.2732000316373803,,0.0,,1.0,0,False,0,0.07,log_in,False,,0.0095,0.0067,0.0,0.0799,0.0079,0.0,0.0
100000003146511100,peripheral,0.48,4,0.1653,Обрыв выгрузки (колено 4): получил 10 тыс. от 1; P(ушли дальше)=0.30 — нужен 5-й уровень,False,4,0,1,0,10000.0,0.0,1,0,0.0,0.0,7,0,1,0,31.725823599688248,0.000311813667487197,0.0,1.23619985386e-313,0.0,True,0.2977505522237623,,0.0,,1.0,0,False,0,0.75,log_in,False,,0.012,0.0247,0.0,0.0799,0.0487,0.0,0.0
100000007511780100,peripheral,0.157,4,0.276,Обрыв выгрузки (колено 4): получил 155 тыс. от 1; P(ушли дальше)=0.38 — нужен 5-й уровень,False,4,0,1,0,155000.0,0.0,2,0,0.0,0.0,7,0,1,0,2586.280435401824,0.0005577703986813199,0.0,1.9156428371476834e-06,0.0,True,0.377151417302765,,0.0,,1.0,1,False,0,0.94,log_in,False,,0.0039,0.1062,0.0,0.0799,0.0859,0.0,0.0
100000007867364100,peripheral,0.334,19,0.2354,Обрыв выгрузки (колено 4): получил 42 тыс. от 1; P(ушли дальше)=0.27 — нужен 5-й уровень,False,4,0,1,0,41852.0,0.0,1,0,0.0,0.0,7,0,1,0,430.9161161873983,0.0004487382371459403,0.0,1.23619985386e-313,0.0,True,0.26731373869579816,,0.0,,1.0,0,False,0,0.14,log_in,False,,0.0084,0.0726,0.0,0.0799,0.0745,0.0,0.0
100000006288612100,peripheral,0.374,12,0.1523,Обрыв выгрузки (колено 4): получил 31 тыс. от 1; P(ушли дальше)=0.54 — нужен 5-й уровень,False,4,0,1,0,30805.0,0.0,3,0,0.0,0.0,7,0,1,0,44.484435443523154,0.0002976242451746879,0.0,2.369785348115211e-06,0.0,True,0.5432862910987344,,0.0,,1.0,1,False,0,0.05,log_in,False,,0.0094,0.0285,0.0,0.0799,0.0345,0.0,0.0
100000006735545100,peripheral,0.48,4,0.1237,Обрыв выгрузки (колено 4): получил 5 тыс. от 1; P(ушли дальше)=0.31 — нужен 5-й уровень,False,4,0,1,0,5000.0,0.0,1,0,0.0,0.0,7,0,1,0,2.753221075851229,0.0002932717116494771,0.0,2.995296467708153e-05,0.0,True,0.3133253804226289,,0.0,,1.0,1,False,0,1.17,log_in,False,,0.012,0.0054,0.0,0.0799,0.0263,0.0,0.0
100000004403641100,terminal,0.457,2,0.2296,"Колено 4, исходящие не выгружались; модель по 1–3 коленам: P(ушли дальше)=0.24; получил 172 тыс.",False,4,0,1,0,171500.0,0.0,1,0,0.0,0.0,8,0,1,0,0.7170149718908285,0.0003005494163305608,0.0,2.1191697184202844e-07,0.0,True,0.2383642008559209,estimated,0.0,,1.0,0,False,0,1.01,log_in,False,,0.0628,0.0027,0.0,0.1253,0.0388,0.0,0.0
100000003370425100,peripheral,0.452,4,0.3192,Обрыв выгрузки (колено 4): получил 20 тыс. от 1; P(ушли дальше)=0.28 — нужен 5-й уровень,False,4,0,1,0,20000.0,0.0,1,0,0.0,0.0,7,0,1,0,13274.622607710231,0.000647950480560365,0.0,0.0,0.0,True,0.2820909840923358,,0.0,,1.0,0,False,0,0.32,log_in,False,,0.0113,0.1382,0.0,0.0799,0.0898,0.0,0.0
100000004350094100,peripheral,0.452,19,0.2977,Обрыв выгрузки (колено 4): получил 20 тыс. от 1; P(ушли дальше)=0.28 — нужен 5-й уровень,False,4,0,1,0,20000.0,0.0,1,0,0.0,0.0,7,0,1,0,4000.0,0.0008939457051040855,0.0,1.656170058256313e-06,0.0,True,0.28276510354414836,,0.0,,1.0,0,False,0,0.32,log_in,False,,0.0113,0.112,0.0,0.0799,0.0945,0.0,0.0
100000004911971100,peripheral,0.358,7,0.1071,Обрыв выгрузки (колено 4): получил 35 тыс. от 1; P(ушли дальше)=0.45 — нужен 5-й уровень,False,4,0,1,0,35000.0,0.0,3,0,0.0,0.0,7,0,1,0,2.1821742335474115,0.00028904714906671764,0.0,2.3749511394193016e-243,0.0,True,0.4527676153942207,,0.0,,1.0,1,False,0,0.03,log_in,False,,0.009,0.0051,0.0,0.0799,0.0131,0.0,0.0
100000001202787100,peripheral,0.36,4,0.1941,Обрыв выгрузки (колено 4): получил 15 тыс. от 2; P(ушли дальше)=0.50 — нужен 5-й уровень [аномалия для колена],False,4,0,2,0,14850.0,0.0,2,0,0.0,0.0,7,0,2,0,34.105390832394974,0.00035114494940795553,0.0,1.2658184091880164e-05,0.0,True,0.5047617398024442,,0.0,,1.0,2,False,0,4.88,in_deg,True,,0.009,0.0256,0.0,0.0799,0.0629,0.0,0.0167
100000008469048100,peripheral,0.099,1,0.2814,Обрыв выгрузки (колено 4): получил 265 тыс. от 1; P(ушли дальше)=0.78 — нужен 5-й уровень,False,4,0,1,0,265200.0,0.0,7,0,0.0,0.0,7,0,1,0,3968.84191762747,0.0005788057669614711,0.0,0.0,0.0,True,0.7827774178286763,,0.0,,1.0,1,False,0,1.28,log_in,False,,0.0025,0.1117,0.0,0.0799,0.0872,0.0,0.0
100000002635746100,peripheral,0.48,20,0.042,Обрыв выгрузки (колено 4): получил 5 тыс. от 1; P(ушли дальше)=0.31 — нужен 5-й уровень,False,4,0,1,0,5300.0,0.0,1,0,0.0,0.0,1,0,0,0,0.25644019019444614,0.0002884055871845221,0.0,3.6873817911951947e-06,0.0,True,0.31072736362718034,,0.0,,1.0,1,False,0,1.14,log_in,False,,0.012,0.0006,0.0,0.0192,0.0101,0.0,0.0
100000008321975100,peripheral,0.48,17,0.1914,Обрыв выгрузки (колено 4): получил 6 тыс. от 1; P(ушли дальше)=0.31 — нужен 5-й уровень,False,4,0,1,0,5900.0,0.0,1,0,0.0,0.0,7,0,1,0,236.18895116092872,0.00030322854188756906,0.0,7.577905051749476e-255,0.0,True,0.3092211106394132,,0.0,,1.0,1,False,0,1.07,log_in,False,,0.012,0.0573,0.0,0.0799,0.0421,0.0,0.0
100000003078839100,peripheral,0.48,1,0.1892,Обрыв выгрузки (колено 4): получил 14 тыс. от 1; P(ушли дальше)=0.44 — нужен 5-й уровень,False,4,0,1,0,14000.0,0.0,2,0,0.0,0.0,7,0,1,0,139.34611407445817,0.0003147926722848661,0.0,0.0,0.0,True,0.4382089095252092,,0.0,,1.0,2,False,0,0.54,log_in,False,,0.012,0.046,0.0,0.0799,0.0512,0.0,0.0
100000004006327100,peripheral,0.086,2,0.2931,Обрыв выгрузки (колено 4): получил 300 тыс. от 1; P(ушли дальше)=0.48 — нужен 5-й уровень,False,4,0,1,0,300000.0,0.0,3,0,0.0,0.0,8,0,1,0,647.3579914512407,0.0005549673062458663,0.0,0.0,0.0,True,0.4839022408126989,,0.0,,1.0,0,False,0,1.35,log_in,False,,0.0022,0.0801,0.0,0.1253,0.0855,0.0,0.0
100000007865484100,terminal,0.392,11,0.2053,"Колено 4, исходящие не выгружались; модель по 1–3 коленам: P(ушли дальше)=0.35; получил 585 тыс.",False,4,0,1,0,584600.0,0.0,2,0,0.0,0.0,7,0,1,0,2.7906817084783757,0.00036618616723092773,0.0,3.8798761239758137e-256,0.0,True,0.34602330809490006,estimated,0.0,,1.0,0,False,0,1.76,log_in,False,,0.0539,0.0055,0.0,0.0799,0.0659,0.0,0.0
100000005367180100,peripheral,0.48,1,0.2972,Обрыв выгрузки (колено 4): получил 8 тыс. от 1; P(ушли дальше)=0.30 — нужен 5-й уровень,False,4,0,1,0,7700.0,0.0,1,0,0.0,0.0,7,0,1,0,4194.555362921086,0.0007828047220453434,0.0,0.0,0.0,True,0.3027218122760377,,0.0,,1.0,1,False,0,0.91,log_in,False,,0.012,0.1127,0.0,0.0799,0.0925,0.0,0.0
100000001669260100,terminal,0.468,15,0.2628,"Колено 4, исходящие не выгружались; модель по 1–3 коленам: P(ушли дальше)=0.22; получил 500 тыс.",False,4,0,1,0,500000.0,0.0,1,0,0.0,0.0,1,0,0,0,1138.3504849530123,0.000560115378020431,0.0,0.0,0.0,True,0.2194096462397883,estimated,0.0,,1.0,0,False,0,1.67,log_in,False,,0.0644,0.093,0.0,0.0192,0.0862,0.0,0.0
100000001297206100,peripheral,0.48,1,0.1651,Обрыв выгрузки (колено 4): получил 7 тыс. от 1; P(ушли дальше)=0.31 — нужен 5-й уровень,False,4,0,1,0,6758.0,0.0,1,0,0.0,0.0,7,0,1,0,88.54039428599008,0.00029851097242758,0.0,1.821719827915924e-06,0.0,True,0.3059500788187508,,0.0,,1.0,1,False,0,0.99,log_in,False,,0.012,0.0377,0.0,0.0799,0.0355,0.0,0.0
100000002645046100,peripheral,0.48,20,0.0564,Обрыв выгрузки (колено 4): получил 12 тыс. от 1; P(ушли дальше)=0.29 — нужен 5-й уровень,False,4,0,1,0,12000.0,0.0,1,0,0.0,0.0,1,0,0,0,0.580619298553463,0.00029199108961479553,0.0,3.6873817911951947e-06,0.0,True,0.2927536211626577,,0.0,,1.0,0,False,0,0.63,log_in,False,,0.012,0.0022,0.0,0.0192,0.023,0.0,0.0
100000006308406100,peripheral,0.14,17,0.2743,Обрыв выгрузки (колено 4): получил 183 тыс. от 1; P(ушли дальше)=0.37 — нужен 5-й уровень,False,4,0,1,0,183000.0,0.0,2,0,0.0,0.0,7,0,1,0,2945.325443786982,0.0005393608128932442,0.0,2.3749511394193016e-243,0.0,True,0.37342880457707317,,0.0,,1.0,0,False,0,1.05,log_in,False,,0.0035,0.1078,0.0,0.0799,0.083,0.0,0.0
100000002728246100,peripheral,0.48,7,0.253,Обрыв выгрузки (колено 4): получил 10 тыс. от 1; P(ушли дальше)=0.30 — нужен 5-й уровень,False,4,0,1,0,10000.0,0.0,1,0,0.0,0.0,7,0,1,0,561.733550383747,0.0005386393313923881,0.0,0.0,0.0,True,0.29677774647421895,,0.0,,1.0,0,False,0,0.75,log_in,False,,0.012,0.0783,0.0,0.0799,0.0827,0.0,0.0
100000001590795100,peripheral,0.48,20,0.041,Обрыв выгрузки (колено 4): получил 5 тыс. от 1; P(ушли дальше)=0.31 — нужен 5-й уровень,False,4,0,1,0,5060.0,0.0,1,0,0.0,0.0,1,0,0,0,0.24482780422337685,0.00028827715127657203,0.0,3.6873817911951947e-06,0.0,True,0.31191270627474693,,0.0,,1.0,1,False,0,1.17,log_in,False,,0.012,0.0005,0.0,0.0192,0.0093,0.0,0.0
100000006257675100,peripheral,0.257,17,0.2471,Обрыв выгрузки (колено 4): получил 70 тыс. от 1; P(ушли дальше)=0.32 — нужен 5-й уровень,False,4,0,1,0,70000.0,0.0,2,0,0.0,0.0,7,0,1,0,1126.627218934911,0.0003826480172080926,0.0,2.3749511394193016e-243,0.0,True,0.31683809693652265,,0.0,,1.0,0,False,0,0.45,log_in,False,,0.0064,0.0927,0.0,0.0799,0.068,0.0,0.0
100000002130400100,peripheral,0.48,31,0.1648,Обрыв выгрузки (колено 4): получил 10 тыс. от 1; P(ушли дальше)=0.30 — нужен 5-й уровень,False,4,0,1,0,10000.0,0.0,1,0,0.0,0.0,1,0,0,0,664.7398843930622,0.00031754580623604263,0.0,1.6242871664535976e-281,0.0,True,0.2965926585422586,,0.0,,1.0,0,False,0,0.75,log_in,False,,0.012,0.081,0.0,0.0192,0.0526,0.0,0.0
100000000557536100,peripheral,0.159,7,0.1512,Обрыв выгрузки (колено 4): получил 153 тыс. от 1; P(ушли дальше)=0.79 — нужен 5-й уровень [дробление у порога: 4 перев.],False,4,0,1,0,153000.0,0.0,7,0,0.0,0.0,7,0,1,0,9.539218792364398,0.00030077248827335636,0.0,2.3749511394193016e-243,0.0,True,0.7929429929063242,,0.0,,1.0,4,True,0,0.94,log_in,False,,0.004,0.0113,0.0,0.0799,0.0392,0.0,0.0167
100000002689717100,peripheral,0.315,6,0.1774,Обрыв выгрузки (колено 4): получил 48 тыс. от 1; P(ушли дальше)=0.26 — нужен 5-й уровень,False,4,0,1,0,47500.0,0.0,1,0,0.0,0.0,7,0,1,0,147.70108796397193,0.0003033499223442049,0.0,2.758273854900145e-06,0.0,True,0.2638138527328478,,0.0,,1.0,0,False,0,0.22,log_in,False,,0.0079,0.0472,0.0,0.0799,0.0423,0.0,0.0
100000005189258100,peripheral,0.303,4,0.2265,Обрыв выгрузки (колено 4): получил 50 тыс. от 1; P(ушли дальше)=0.26 — нужен 5-й уровень,False,4,0,1,0,50000.0,0.0,1,0,0.0,0.0,7,0,1,0,853.9666694482444,0.00031597643294580327,0.0,4.837478286409815e-05,0.0,True,0.2632423162936164,,0.0,,1.0,0,False,0,0.25,log_in,False,,0.0076,0.0871,0.0,0.0799,0.0519,0.0,0.0
100000002748511100,peripheral,0.452,3,0.2881,Обрыв выгрузки (колено 4): получил 20 тыс. от 1; P(ушли дальше)=0.28 — нужен 5-й уровень,False,4,0,1,0,20000.0,0.0,1,0,0.0,0.0,7,0,1,0,3543.5928647953724,0.0005674892808776474,0.0,2.1155338218666927e-08,0.0,True,0.28186649453852164,,0.0,,1.0,0,False,0,0.32,log_in,False,,0.0113,0.1102,0.0,0.0799,0.0866,0.0,0.0
100000002371892100,peripheral,0.331,3,0.1667,Обрыв выгрузки (колено 4): получил 44 тыс. от 1; P(ушли дальше)=0.27 — нужен 5-й уровень,False,4,0,1,0,43830.0,0.0,1,0,0.0,0.0,7,0,1,0,64.56811381490846,0.00030653262004379635,0.0,0.0,0.0,True,0.26571592958970375,,0.0,,1.0,0,False,0,0.17,log_in,False,,0.0083,0.0337,0.0,0.0799,0.0447,0.0,0.0
100000008130868100,peripheral,0.433,14,0.1208,Обрыв выгрузки (колено 4): получил 23 тыс. от 1; P(ушли дальше)=0.28 — нужен 5-й уровень,False,4,0,1,0,22782.0,0.0,1,0,0.0,0.0,1,0,0,0,15.011883342956445,0.0004516044976627326,0.0,0.0,0.0,True,0.2802244463843264,,0.0,,1.0,0,False,0,0.24,log_in,False,,0.0108,0.0161,0.0,0.0192,0.0746,0.0,0.0
100000007153161100,peripheral,0.328,11,0.1967,Обрыв выгрузки (колено 4): получил 45 тыс. от 1; P(ушли дальше)=0.27 — нужен 5-й уровень,False,4,0,1,0,44997.0,0.0,1,0,0.0,0.0,7,0,1,0,43.137003671381024,0.0005309451743246838,0.0,0.0,0.0,True,0.2658267785276283,,0.0,,1.0,0,False,0,0.18,log_in,False,,0.0082,0.0282,0.0,0.0799,0.0803,0.0,0.0
100000002994441100,peripheral,0.48,1,0.2783,Обрыв выгрузки (колено 4): получил 5 тыс. от 1; P(ушли дальше)=0.31 — нужен 5-й уровень,False,4,0,1,0,5000.0,0.0,1,0,0.0,0.0,7,0,1,0,1925.9052973725495,0.0005532703163220673,0.0,0.0,0.0,True,0.31284846745472034,,0.0,,1.0,1,False,0,1.17,log_in,False,,0.012,0.101,0.0,0.0799,0.0854,0.0,0.0
100000001065481100,peripheral,0.48,21,0.2071,Обрыв выгрузки (колено 4): получил 16 тыс. от 1; P(ушли дальше)=0.43 — нужен 5-й уровень,False,4,0,1,0,16000.0,0.0,2,0,0.0,0.0,7,0,1,0,110.95145654162447,0.00043226569249872176,0.0,4.153092959529905e-06,0.0,True,0.43476298671153507,,0.0,,1.0,1,False,0,0.46,log_in,False,,0.012,0.0418,0.0,0.0799,0.0733,0.0,0.0
100000007731977100,peripheral,0.303,8,0.159,Обрыв выгрузки (колено 4): получил 50 тыс. от 1; P(ушли дальше)=0.26 — нужен 5-й уровень,False,4,0,1,0,50000.0,0.0,1,0,0.0,0.0,7,0,1,0,10.502954400001732,0.0003367721755154738,0.0,3.148497900522947e-05,0.0,True,0.2638448757158335,,0.0,,1.0,0,False,0,0.25,log_in,False,,0.0076,0.0121,0.0,0.0799,0.0593,0.0,0.0
100000003252446100,terminal,0.451,2,0.2288,"Колено 4, исходящие не выгружались; модель по 1–3 коленам: P(ушли дальше)=0.25; получил 109 тыс.",False,4,0,1,0,108600.0,0.0,1,0,0.0,0.0,8,0,1,0,0.9220140760911967,0.00029998773072103645,0.0,4.916414278360674e-07,0.0,True,0.24784123260541238,estimated,0.0,,1.0,0,False,0,0.73,log_in,False,,0.062,0.0035,0.0,0.1253,0.038,0.0,0.0
100000002671326100,terminal,0.401,29,0.3147,"Колено 4, исходящие не выгружались; модель по 1–3 коленам: P(ушли дальше)=0.33; получил 1.1 млн",False,4,0,1,0,1050000.0,0.0,2,0,0.0,0.0,7,0,1,0,1023.6828115382831,0.0006294451129335774,0.0,0.0,0.0,True,0.33190326757396776,estimated,0.0,,1.0,0,False,0,2.12,log_in,False,,0.0551,0.0903,0.0,0.0799,0.0893,0.0,0.0
100000005087923100,peripheral,0.452,6,0.2454,Обрыв выгрузки (колено 4): получил 20 тыс. от 1; P(ушли дальше)=0.28 — нужен 5-й уровень,False,4,0,1,0,20000.0,0.0,1,0,0.0,0.0,1,0,0,0,14227.642276422765,0.0004605791647030636,0.0,0.0,0.0,True,0.2820909840923358,,0.0,,1.0,0,False,0,0.32,log_in,False,,0.0113,0.14,0.0,0.0192,0.0749,0.0,0.0
100000008770483100,peripheral,0.48,2,0.1653,Обрыв выгрузки (колено 4): получил 5 тыс. от 1; P(ушли дальше)=0.31 — нужен 5-й уровень,False,4,0,1,0,5000.0,0.0,1,0,0.0,0.0,9,0,1,0,1.5718316130487593,0.0002888920536538102,0.0,3.088206810369692e-298,0.0,True,0.31208623002254643,,0.0,,1.0,1,False,0,1.17,log_in,False,,0.012,0.0045,0.0,0.1361,0.0127,0.0,0.0
100000002748040100,peripheral,0.468,6,0.1476,Обрыв выгрузки (колено 4): получил 18 тыс. от 1; P(ушли дальше)=0.28 — нужен 5-й уровень,False,4,0,1,0,18000.0,0.0,1,0,0.0,0.0,7,0,1,0,55.97093859687357,0.0002923072164548583,0.0,2.758273854900145e-06,0.0,True,0.2846519875074949,,0.0,,1.0,0,False,0,0.38,log_in,False,,0.0117,0.0319,0.0,0.0799,0.0241,0.0,0.0
100000004800648100,terminal,0.453,12,0.2539,"Колено 4, исходящие не выгружались; модель по 1–3 коленам: P(ушли дальше)=0.24; получил 131 тыс.",False,4,0,1,0,131000.0,0.0,1,0,0.0,0.0,7,0,1,0,189.17257078725962,0.0003368336531012062,0.0,2.369785348115211e-06,0.0,True,0.24472243709584088,estimated,0.0,,1.0,0,False,0,0.84,log_in,False,,0.0623,0.0522,0.0,0.0799,0.0594,0.0,0.0
100000005025629100,peripheral,0.48,7,0.1771,Обрыв выгрузки (колено 4): получил 5 тыс. от 1; P(ушли дальше)=0.31 — нужен 5-й уровень,False,4,0,1,0,5227.0,0.0,1,0,0.0,0.0,7,0,1,0,67.39022014683803,0.0003141510108848508,0.0,1.0823443362913924e-05,0.0,True,0.3111817799865678,,0.0,,1.0,1,False,0,1.15,log_in,False,,0.012,0.0345,0.0,0.0799,0.0507,0.0,0.0
100000000581682100,peripheral,0.48,22,0.1358,Обрыв выгрузки (колено 4): получил 5 тыс. от 1; P(ушли дальше)=0.31 — нужен 5-й уровень,False,4,0,1,0,5000.0,0.0,1,0,0.0,0.0,7,0,1,0,30.02132999221211,0.0002908621872233397,0.0,3.0386804526261044e-11,0.0,True,0.3129438184148834,,0.0,,1.0,1,False,0,1.17,log_in,False,,0.012,0.0242,0.0,0.0799,0.0197,0.0,0.0
100000004976946100,terminal,0.461,11,0.2014,"Колено 4, исходящие не выгружались; модель по 1–3 коленам: P(ушли дальше)=0.23; получил 246 тыс.",False,4,0,1,0,246000.0,0.0,1,0,0.0,0.0,7,0,1,0,1.1743203904989403,0.000319492918509721,0.0,3.8798761239758137e-256,0.0,True,0.23238740226981164,estimated,0.0,,1.0,0,False,0,1.23,log_in,False,,0.0634,0.0041,0.0,0.0799,0.054,0.0,0.0
100000000957746100,peripheral,0.48,16,0.2192,Обрыв выгрузки (колено 4): получил 5 тыс. от 1; P(ушли дальше)=0.31 — нужен 5-й уровень,False,4,0,1,0,5300.0,0.0,1,0,0.0,0.0,7,0,1,0,308.1462034646468,0.00034730735985062075,0.0,0.0,0.0,True,0.31186837752182434,,0.0,,1.0,1,False,0,1.14,log_in,False,,0.012,0.0651,0.0,0.0799,0.0622,0.0,0.0
100000003001138100,peripheral,0.381,22,0.1931,Обрыв выгрузки (колено 4): получил 30 тыс. от 1; P(ушли дальше)=0.27 — нужен 5-й уровень,False,4,0,1,0,30000.0,0.0,1,0,0.0,0.0,7,0,1,0,180.12797995327264,0.0003173266522535839,0.0,3.0386804526261044e-11,0.0,True,0.273816913091669,,0.0,,1.0,0,False,0,0.07,log_in,False,,0.0095,0.0512,0.0,0.0799,0.0524,0.0,0.0
100000001325618100,peripheral,0.48,20,0.052,Обрыв выгрузки (колено 4): получил 9 тыс. от 1; P(ушли дальше)=0.30 — нужен 5-й уровень,False,4,0,1,0,9300.0,0.0,1,0,0.0,0.0,1,0,0,0,0.44997995637893373,0.000290546185650357,0.0,3.6873817911951947e-06,0.0,True,0.2982770256045179,,0.0,,1.0,1,False,0,0.79,log_in,False,,0.012,0.0017,0.0,0.0192,0.019,0.0,0.0
100000003792647100,peripheral,0.48,7,0.2416,Обрыв выгрузки (колено 4): получил 8 тыс. от 1; P(ушли дальше)=0.30 — нужен 5-й уровень,False,4,0,1,0,8000.0,0.0,1,0,0.0,0.0,7,0,1,0,598.0868515724104,0.0004002731421119268,0.0,1.23619985386e-313,0.0,True,0.301595387145114,,0.0,,1.0,1,False,0,0.88,log_in,False,,0.012,0.0791,0.0,0.0799,0.0706,0.0,0.0
100000004107228100,peripheral,0.48,8,0.116,Обрыв выгрузки (колено 4): получил 5 тыс. от 1; P(ушли дальше)=0.31 — нужен 5-й уровень,False,4,0,1,0,5000.0,0.0,1,0,0.0,0.0,7,0,1,0,11.183996986283352,0.0002887085719064815,0.0,1.1987358305559333e-05,0.0,True,0.3133730934561546,,0.0,,1.0,1,False,0,1.17,log_in,False,,0.012,0.0126,0.0,0.0799,0.0115,0.0,0.0
100000003500764100,peripheral,0.441,16,0.2648,Обрыв выгрузки (колено 4): получил 21 тыс. от 1; P(ушли дальше)=0.28 — нужен 5-й уровень,False,4,0,1,0,21000.0,0.0,1,0,0.0,0.0,7,0,1,0,1220.9566552372798,0.0005301918184248244,0.0,0.0,0.0,True,0.2817276259972523,,0.0,,1.0,0,False,0,0.29,log_in,False,,0.011,0.094,0.0,0.0799,0.0798,0.0,0.0
100000004261340100,peripheral,0.313,4,0.2137,Обрыв выгрузки (колено 4): получил 48 тыс. от 1; P(ушли дальше)=0.64 — нужен 5-й уровень,False,4,0,1,0,48500.0,0.0,4,0,0.0,0.0,7,0,1,0,297.2251094901241,0.00034738504920153653,0.0,2.07017589941017e-05,0.0,True,0.6412154730284659,,0.0,,1.0,0,False,0,0.23,log_in,False,,0.0078,0.0637,0.0,0.0799,0.0622,0.0,0.0
100000008172721100,terminal,0.457,1,0.2781,"Колено 4, исходящие не выгружались; модель по 1–3 коленам: P(ушли дальше)=0.24; получил 168 тыс.",False,4,0,1,0,168335.0,0.0,1,0,0.0,0.0,7,0,1,0,309.1669599098012,0.00039521609203523213,0.0,9.023756758629543e-290,0.0,True,0.23904190712030216,estimated,0.0,,1.0,0,False,0,1.0,log_in,False,,0.0628,0.0653,0.0,0.0799,0.0701,0.0,0.0
100000005079473100,peripheral,0.345,15,0.1707,Обрыв выгрузки (колено 4): получил 39 тыс. от 1; P(ушли дальше)=0.27 — нужен 5-й уровень,False,4,0,1,0,39312.0,0.0,1,0,0.0,0.0,7,0,1,0,35.21562865823613,0.00032600590088597723,0.0,1.7212113966392227e-06,0.0,True,0.26808041621975615,,0.0,,1.0,0,False,0,0.1,log_in,False,,0.0086,0.0258,0.0,0.0799,0.0563,0.0,0.0
100000004850609100,peripheral,0.48,4,0.1468,Обрыв выгрузки (колено 4): получил 10 тыс. от 1; P(ушли дальше)=0.30 — нужен 5-й уровень,False,4,0,1,0,10000.0,0.0,1,0,0.0,0.0,7,0,1,0,2.3100245750839763,0.00031302949674031055,0.0,5.553943429951723e-06,0.0,True,0.29682402888686277,,0.0,,1.0,0,False,0,0.75,log_in,False,,0.012,0.0053,0.0,0.0799,0.0496,0.0,0.0
100000005042822100,terminal,0.476,30,0.2982,"Колено 4, исходящие не выгружались; модель по 1–3 коленам: P(ушли дальше)=0.21; получил 1.0 млн",False,4,0,1,0,1000000.0,0.0,1,0,0.0,0.0,7,0,1,0,554.8876816501307,0.00045261173566138284,0.0,0.0,0.0,True,0.2067660179770349,estimated,0.0,,1.0,0,False,0,2.09,log_in,False,,0.0655,0.0782,0.0,0.0799,0.0746,0.0,0.0
100000002794374100,terminal,0.452,2,0.2733,"Колено 4, исходящие не выгружались; модель по 1–3 коленам: P(ушли дальше)=0.25; получил 111 тыс.",False,4,0,1,0,111000.0,0.0,1,0,0.0,0.0,9,0,1,0,8.45787885814702,0.0003637625168388325,0.0,4.9968235834670635e-298,0.0,True,0.2467124764050109,estimated,0.0,,1.0,0,False,0,0.74,log_in,False,,0.0622,0.0096,0.0,0.1361,0.0654,0.0,0.0
100000002860934100,peripheral,0.094,22,0.2683,Обрыв выгрузки (колено 4): получил 280 тыс. от 1; P(ушли дальше)=0.60 — нужен 5-й уровень,False,4,0,1,0,279500.0,0.0,4,0,0.0,0.0,7,0,1,0,1678.1923465646569,0.0005814420132554212,0.0,3.0386804526261044e-11,0.0,True,0.5968594878129637,,0.0,,1.0,1,False,0,1.31,log_in,False,,0.0024,0.0986,0.0,0.0799,0.0874,0.0,0.0
100000003097947100,peripheral,0.29,1,0.1807,Обрыв выгрузки (колено 4): получил 53 тыс. от 1; P(ушли дальше)=0.26 — нужен 5-й уровень,False,4,0,1,0,52980.0,0.0,1,0,0.0,0.0,7,0,1,0,97.3039803725979,0.0003200783823355938,0.0,9.023756758629543e-290,0.0,True,0.26172252452062317,,0.0,,1.0,0,False,0,0.28,log_in,False,,0.0072,0.0393,0.0,0.0799,0.0542,0.0,0.0
100000004260869100,peripheral,0.48,3,0.2999,Обрыв выгрузки (колено 4): получил 10 тыс. от 1; P(ушли дальше)=0.30 — нужен 5-й уровень,False,4,0,1,0,10000.0,0.0,1,0,0.0,0.0,7,0,1,0,4742.064509865926,0.000842208480336415,0.0,0.0,0.0,True,0.29737974298974584,,0.0,,1.0,0,False,0,0.75,log_in,False,,0.012,0.1145,0.0,0.0799,0.0935,0.0,0.0
100000008762885100,peripheral,0.48,2,0.1431,Обрыв выгрузки (колено 4): получил 7 тыс. от 1; P(ушли дальше)=0.30 — нужен 5-й уровень,False,4,0,1,0,7000.0,0.0,1,0,0.0,0.0,8,0,1,0,0.03636064815419226,0.0002872637131137807,0.0,3.090697396070124e-08,0.0,True,0.30464954778601244,,0.0,,1.0,1,False,0,0.97,log_in,False,,0.012,0.0002,0.0,0.1253,0.0056,0.0,0.0
100000002986245100,peripheral,0.48,20,0.0433,Обрыв выгрузки (колено 4): получил 6 тыс. от 1; P(ушли дальше)=0.31 — нужен 5-й уровень,False,4,0,1,0,5750.0,0.0,1,0,0.0,0.0,1,0,0,0,0.278213413890201,0.0002886464045119285,0.0,3.6873817911951947e-06,0.0,True,0.3090879344339975,,0.0,,1.0,1,False,0,1.09,log_in,False,,0.012,0.0009,0.0,0.0192,0.0111,0.0,0.0
100000001471706100,peripheral,0.069,10,0.2849,Обрыв выгрузки (колено 4): получил 377 тыс. от 1; P(ушли дальше)=0.84 — нужен 5-й уровень,False,4,0,1,0,377000.0,0.0,8,0,0.0,0.0,8,0,1,0,474.41860465116275,0.0005401265380892354,0.0,0.0,0.0,True,0.8372922267742552,,0.0,,1.0,0,False,0,1.49,log_in,False,,0.0017,0.0747,0.0,0.1253,0.0833,0.0,0.0
100000002304943100,peripheral,0.48,17,0.1946,Обрыв выгрузки (колено 4): получил 15 тыс. от 1; P(ушли дальше)=0.29 — нужен 5-й уровень,False,4,0,1,0,15000.0,0.0,1,0,0.0,0.0,7,0,1,0,241.42011834319524,0.00030637187771531986,0.0,2.3749511394193016e-243,0.0,True,0.2888835671449459,,0.0,,1.0,0,False,0,0.5,log_in,False,,0.012,0.0581,0.0,0.0799,0.0446,0.0,0.0
100000002695812100,peripheral,0.217,6,0.2038,Обрыв выгрузки (колено 4): получил 95 тыс. от 1; P(ушли дальше)=0.25 — нужен 5-й уровень,False,4,0,1,0,95000.0,0.0,1,0,0.0,0.0,7,0,1,0,295.40217592794386,0.00032113055047111887,0.0,2.758273854900145e-06,0.0,True,0.2500940731106997,,0.0,,1.0,0,False,0,0.64,log_in,False,,0.0054,0.0635,0.0,0.0799,0.055,0.0,0.0
100000008761220100,peripheral,0.48,2,0.152,Обрыв выгрузки (колено 4): получил 10 тыс. от 1; P(ушли дальше)=0.30 — нужен 5-й уровень,False,4,0,1,0,10000.0,0.0,1,0,0.0,0.0,8,0,1,0,8.789586077470096,0.00028688487138758524,0.0,1.276147972494963e-06,0.0,True,0.29682402888686277,,0.0,,1.0,0,False,0,0.75,log_in,False,,0.012,0.0101,0.0,0.1253,0.0046,0.0,0.0
100000004890713100,peripheral,0.338,6,0.1712,Обрыв выгрузки (колено 4): получил 40 тыс. от 1; P(ушли дальше)=0.27 — нужен 5-й уровень,False,4,0,1,0,40485.0,0.0,1,0,0.0,0.0,7,0,1,0,125.8879693941348,0.0003007240043166196,0.0,2.758273854900145e-06,0.0,True,0.26764912481045583,,0.0,,1.0,0,False,0,0.12,log_in,False,,0.0085,0.0436,0.0,0.0799,0.0391,0.0,0.0
100000003083865100,peripheral,0.48,6,0.1418,Обрыв выгрузки (колено 4): получил 15 тыс. от 1; P(ушли дальше)=0.29 — нужен 5-й уровень,False,4,0,1,0,15000.0,0.0,1,0,0.0,0.0,7,0,1,0,46.64244883072797,0.00029118422941526375,0.0,2.758273854900145e-06,0.0,True,0.2886558454821797,,0.0,,1.0,0,False,0,0.5,log_in,False,,0.012,0.0291,0.0,0.0799,0.0208,0.0,0.0
100000004030553100,peripheral,0.257,15,0.1421,Обрыв выгрузки (колено 4): получил 70 тыс. от 1; P(ушли дальше)=0.26 — нужен 5-й уровень,False,4,0,1,0,70000.0,0.0,1,0,0.0,0.0,1,0,0,0,81.00020441105077,0.0005308297210537953,0.0,0.0,0.0,True,0.2564076027320031,,0.0,,1.0,0,False,0,0.45,log_in,False,,0.0064,0.0363,0.0,0.0192,0.0801,0.0,0.0
100000002653187100,peripheral,0.48,12,0.3137,Обрыв выгрузки (колено 4): получил 15 тыс. от 1; P(ушли дальше)=0.29 — нужен 5-й уровень,False,4,0,1,0,15000.0,0.0,1,0,0.0,0.0,8,0,1,0,1896.624181361882,0.0004732789140150342,0.0,3.088206810369692e-298,0.0,True,0.2877914768207396,,0.0,,1.0,0,False,0,0.5,log_in,False,,0.012,0.1006,0.0,0.1253,0.0758,0.0,0.0
100000006412162100,peripheral,0.48,20,0.0613,Обрыв выгрузки (колено 4): получил 15 тыс. от 1; P(ушли дальше)=0.35 — нужен 5-й уровень,False,4,0,1,0,15000.0,0.0,2,0,0.0,0.0,1,0,0,0,0.7257741231918287,0.00029359653846417166,0.0,3.6873817911951947e-06,0.0,True,0.3523103684672208,,0.0,,1.0,1,False,0,0.5,log_in,False,,0.012,0.0028,0.0,0.0192,0.0272,0.0,0.0
100000004674178100,peripheral,0.452,24,0.1509,Обрыв выгрузки (колено 4): получил 20 тыс. от 1; P(ушли дальше)=0.28 — нужен 5-й уровень,False,4,0,1,0,20000.0,0.0,1,0,0.0,0.0,7,0,1,0,17.957644278576996,0.00030274344180862404,0.0,2.0657129242753332e-08,0.0,True,0.28272013189828366,,0.0,,1.0,0,False,0,0.32,log_in,False,,0.0113,0.0181,0.0,0.0799,0.0415,0.0,0.0
100000004070530100,peripheral,0.452,7,0.1022,Обрыв выгрузки (колено 4): получил 20 тыс. от 1; P(ушли дальше)=0.28 — нужен 5-й уровень,False,4,0,1,0,20000.0,0.0,1,0,0.0,0.0,7,0,1,0,2.8065928278175836,0.00028719909320018945,0.0,3.8798761239758137e-256,0.0,True,0.2820460774992939,,0.0,,1.0,0,False,0,0.32,log_in,False,,0.0113,0.0056,0.0,0.0799,0.0053,0.0,0.0
100000006706519100,peripheral,0.354,11,0.1912,Обрыв выгрузки (колено 4): получил 36 тыс. от 1; P(ушли дальше)=0.54 — нужен 5-й уровень,False,4,0,1,0,36000.0,0.0,3,0,0.0,0.0,7,0,1,0,62.4233793967881,0.00039071092103657676,0.0,0.0,0.0,True,0.5388955709957014,,0.0,,1.0,1,False,0,0.04,log_in,False,,0.0088,0.0334,0.0,0.0799,0.069,0.0,0.0
100000005636951100,peripheral,0.341,6,0.2754,Обрыв выгрузки (колено 4): получил 40 тыс. от 1; P(ушли дальше)=0.27 — нужен 5-й уровень,False,4,0,1,0,40000.0,0.0,1,0,0.0,0.0,1,0,0,0,28455.28455284553,0.0006355890351888364,0.0,0.0,0.0,True,0.26820172446171675,,0.0,,1.0,0,False,0,0.11,log_in,False,,0.0085,0.158,0.0,0.0192,0.0896,0.0,0.0
100000003040087100,peripheral,0.388,6,0.1606,Обрыв выгрузки (колено 4): получил 29 тыс. от 1; P(ушли дальше)=0.27 — нужен 5-й уровень,False,4,0,1,0,29000.0,0.0,1,0,0.0,0.0,7,0,1,0,90.17540107274075,0.0002964248356000384,0.0,2.758273854900145e-06,0.0,True,0.27399540196039507,,0.0,,1.0,0,False,0,0.09,log_in,False,,0.0097,0.0381,0.0,0.0799,0.0328,0.0,0.0
100000008766764100,peripheral,0.48,2,0.1469,Обрыв выгрузки (колено 4): получил 5 тыс. от 1; P(ушли дальше)=0.31 — нужен 5-й уровень,False,4,0,1,0,5000.0,0.0,1,0,0.0,0.0,8,0,1,0,4.394793038735048,0.00028622708280243804,0.0,1.276147972494963e-06,0.0,True,0.31213384013279893,,0.0,,1.0,1,False,0,1.17,log_in,False,,0.012,0.007,0.0,0.1253,0.0026,0.0,0.0
100000000299820100,peripheral,0.48,1,0.2201,Обрыв выгрузки (колено 4): получил 10 тыс. от 1; P(ушли дальше)=0.30 — нужен 5-й уровень,False,4,0,1,0,10000.0,0.0,1,0,0.0,0.0,7,0,1,0,201.40981224095606,0.0004501620352243437,0.0,0.0,0.0,True,0.29761146755131507,,0.0,,1.0,0,False,0,0.75,log_in,False,,0.012,0.0537,0.0,0.0799,0.0745,0.0,0.0
100000008349740100,peripheral,0.257,7,0.1178,Обрыв выгрузки (колено 4): получил 70 тыс. от 1; P(ушли дальше)=0.40 — нужен 5-й уровень,False,4,0,1,0,70000.0,0.0,2,0,0.0,0.0,7,0,1,0,4.364348467094823,0.00029252500391614434,0.0,2.3749511394193016e-243,0.0,True,0.39784572877435914,,0.0,,1.0,0,False,0,0.45,log_in,False,,0.0064,0.0068,0.0,0.0799,0.0246,0.0,0.0
100000008761132100,peripheral,0.48,2,0.152,Обрыв выгрузки (колено 4): получил 10 тыс. от 1; P(ушли дальше)=0.30 — нужен 5-й уровень,False,4,0,1,0,10000.0,0.0,1,0,0.0,0.0,8,0,1,0,8.789586077470096,0.00028688487138758524,0.0,1.276147972494963e-06,0.0,True,0.29682402888686277,,0.0,,1.0,0,False,0,0.75,log_in,False,,0.012,0.0101,0.0,0.1253,0.0046,0.0,0.0
100000002540033100,peripheral,0.48,2,0.3421,Обрыв выгрузки (колено 4): получил 10 тыс. от 1; P(ушли дальше)=0.30 — нужен 5-й уровень,False,4,0,1,0,10000.0,0.0,1,0,0.0,0.0,9,0,1,0,2570.9426277803477,0.0005960851621180808,0.0,0.0,0.0,True,0.29668519416336864,,0.0,,1.0,0,False,0,0.75,log_in,False,,0.012,0.106,0.0,0.1361,0.088,0.0,0.0
100000001845505100,peripheral,0.452,1,0.2957,Обрыв выгрузки (колено 4): получил 20 тыс. от 1; P(ушли дальше)=0.28 — нужен 5-й уровень,False,4,0,1,0,20000.0,0.0,1,0,0.0,0.0,7,0,1,0,5012.562518368284,0.0005923838494805277,0.0,0.0,0.0,True,0.28186649453852164,,0.0,,1.0,0,False,0,0.32,log_in,False,,0.0113,0.1166,0.0,0.0799,0.0879,0.0,0.0
100000003782913100,terminal,0.458,10,0.2098,"Колено 4, исходящие не выгружались; модель по 1–3 коленам: P(ушли дальше)=0.24; получил 200 тыс.",False,4,0,1,0,200000.0,0.0,1,0,0.0,0.0,7,0,1,0,50.49670325053612,0.0002993965636065486,0.0,5.9204628229038967e-08,0.0,True,0.2360062158773396,estimated,0.0,,1.0,0,False,0,1.1,log_in,False,,0.063,0.0299,0.0,0.0799,0.0369,0.0,0.0
100000008778753100,peripheral,0.48,24,0.131,Обрыв выгрузки (колено 4): получил 10 тыс. от 1; P(ушли дальше)=0.30 — нужен 5-й уровень,False,4,0,1,0,10000.0,0.0,1,0,0.0,0.0,7,0,1,0,8.978822139288498,0.00029415636801295746,0.0,2.0657129242753332e-08,0.0,True,0.29663892426630944,,0.0,,1.0,0,False,0,0.75,log_in,False,,0.012,0.0105,0.0,0.0799,0.0286,0.0,0.0
100000008710913100,peripheral,0.48,2,0.1508,Обрыв выгрузки (колено 4): получил 14 тыс. от 1; P(ушли дальше)=0.29 — нужен 5-й уровень,False,4,0,1,0,14000.0,0.0,1,0,0.0,0.0,8,0,1,0,2.2583856424948214,0.00028811097479962785,0.0,3.309598923107044e-07,0.0,True,0.28996241884578666,,0.0,,1.0,0,False,0,0.54,log_in,False,,0.012,0.0052,0.0,0.1253,0.0084,0.0,0.0
100000005495211100,peripheral,0.48,1,0.2832,Обрыв выгрузки (колено 4): получил 14 тыс. от 1; P(ушли дальше)=0.29 — нужен 5-й уровень,False,4,0,1,0,14500.0,0.0,1,0,0.0,0.0,7,0,1,0,2484.4109881344766,0.0005599644833584307,0.0,0.0,0.0,True,0.28970637211110817,,0.0,,1.0,0,False,0,0.52,log_in,False,,0.012,0.1051,0.0,0.0799,0.0862,0.0,0.0
100000004013952100,peripheral,0.48,1,0.2461,Обрыв выгрузки (колено 4): получил 6 тыс. от 1; P(ушли дальше)=0.31 — нужен 5-й уровень,False,4,0,1,0,5500.0,0.0,1,0,0.0,0.0,7,0,1,0,432.3478732520739,0.0005331412160251213,0.0,0.0,0.0,True,0.31013254186344685,,0.0,,1.0,1,False,0,1.11,log_in,False,,0.012,0.0728,0.0,0.0799,0.0814,0.0,0.0
100000007330432100,terminal,0.47,3,0.3077,"Колено 4, исходящие не выгружались; модель по 1–3 коленам: P(ушли дальше)=0.22; получил 585 тыс.",False,4,0,1,0,584900.0,0.0,1,0,0.0,0.0,7,0,1,0,657.4154359767936,0.00053817599306743,0.0,2.065044922776866e-08,0.0,True,0.2168666441966489,estimated,0.0,,1.0,0,False,0,1.76,log_in,False,,0.0646,0.0805,0.0,0.0799,0.0827,0.0,0.0
100000000737152100,peripheral,0.358,11,0.2242,Обрыв выгрузки (колено 4): получил 35 тыс. от 1; P(ушли дальше)=0.27 — нужен 5-й уровень,False,4,0,1,0,35000.0,0.0,1,0,0.0,0.0,7,0,1,0,455.63561327769344,0.0003445071691804116,0.0,0.0,0.0,True,0.27100544366418244,,0.0,,1.0,0,False,0,0.03,log_in,False,,0.009,0.0739,0.0,0.0799,0.0614,0.0,0.0
100000004674389100,peripheral,0.48,4,0.2842,Обрыв выгрузки (колено 4): получил 15 тыс. от 1; P(ушли дальше)=0.29 — нужен 5-й уровень,False,4,0,1,0,15000.0,0.0,1,0,0.0,0.0,8,0,1,0,724.1818467889728,0.0003520253352644254,0.0,1.23619985386e-313,0.0,True,0.2884282305196215,,0.0,,1.0,0,False,0,0.5,log_in,False,,0.012,0.0839,0.0,0.1253,0.063,0.0,0.0
100000002529877100,terminal,0.46,2,0.2363,"Колено 4, исходящие не выгружались; модель по 1–3 коленам: P(ушли дальше)=0.23; получил 232 тыс.",False,4,0,1,0,232000.0,0.0,1,0,0.0,0.0,8,0,1,0,0.9699561135782637,0.0003058339492043382,0.0,2.1191697184202844e-07,0.0,True,0.23277275628761,estimated,0.0,,1.0,0,False,0,1.19,log_in,False,,0.0633,0.0036,0.0,0.1253,0.0441,0.0,0.0
100000004035925100,terminal,0.402,3,0.2565,"Колено 4, исходящие не выгружались; модель по 1–3 коленам: P(ушли дальше)=0.33; получил 1.1 млн",False,4,0,1,0,1111588.0,0.0,2,0,0.0,0.0,7,0,1,0,141.43826248673957,0.00046241262393565346,0.0,0.0,0.0,True,0.3304306699120388,estimated,0.0,,1.0,0,False,0,2.16,log_in,False,,0.0553,0.0463,0.0,0.0799,0.075,0.0,0.0
100000002188586100,peripheral,0.348,6,0.1694,Обрыв выгрузки (колено 4): получил 38 тыс. от 1; P(ушли дальше)=0.27 — нужен 5-й уровень,False,4,0,1,0,38310.0,0.0,1,0,0.0,0.0,7,0,1,0,119.12481431367925,0.0002999098387129135,0.0,2.758273854900145e-06,0.0,True,0.26817707887029074,,0.0,,1.0,0,False,0,0.08,log_in,False,,0.0087,0.0429,0.0,0.0799,0.0379,0.0,0.0
100000008050986100,peripheral,0.217,7,0.1685,Обрыв выгрузки (колено 4): получил 95 тыс. от 1; P(ушли дальше)=0.39 — нужен 5-й уровень,False,4,0,1,0,95000.0,0.0,2,0,0.0,0.0,7,0,1,0,68.52959421423293,0.00031180831574760716,0.0,3.8798761239758137e-256,0.0,True,0.3903510075434133,,0.0,,1.0,0,False,0,0.64,log_in,False,,0.0054,0.0345,0.0,0.0799,0.0486,0.0,0.0
100000004777215100,peripheral,0.274,17,0.2667,Обрыв выгрузки (колено 4): получил 60 тыс. от 1; P(ушли дальше)=0.26 — нужен 5-й уровень,False,4,0,1,0,60000.0,0.0,1,0,0.0,0.0,7,0,1,0,2401.9215372297836,0.00046515486374554374,0.0,7.577905051749476e-255,0.0,True,0.2593770219921998,,0.0,,1.0,0,False,0,0.36,log_in,False,,0.0069,0.1048,0.0,0.0799,0.0751,0.0,0.0
100000000926078100,terminal,0.461,1,0.3282,"Колено 4, исходящие не выгружались; модель по 1–3 коленам: P(ушли дальше)=0.23; получил 250 тыс.",False,4,0,1,0,250000.0,0.0,1,0,0.0,0.0,7,0,1,0,2597.599452848116,0.0005165635899862601,0.0,0.0,0.0,True,0.23133545904352024,estimated,0.0,,1.0,0,False,0,1.24,log_in,False,,0.0634,0.1063,0.0,0.0799,0.0786,0.0,0.0
100000003486846100,peripheral,0.395,3,0.211,Обрыв выгрузки (колено 4): получил 27 тыс. от 1; P(ушли дальше)=0.42 — нужен 5-й уровень,False,4,0,1,0,27000.0,0.0,2,0,0.0,0.0,7,0,1,0,104.3358528023306,0.0005311359663531782,0.0,0.0,0.0,True,0.4218084898492846,,0.0,,1.0,1,False,0,0.13,log_in,False,,0.0099,0.0407,0.0,0.0799,0.0805,0.0,0.0
100000002516862100,peripheral,0.238,4,0.1794,Обрыв выгрузки (колено 4): получил 82 тыс. от 1; P(ушли дальше)=0.56 — нужен 5-й уровень,False,4,0,1,0,81710.0,0.0,5,0,0.0,0.0,7,0,1,0,52.906107987457155,0.00034943970609758876,0.0,1.23619985386e-313,0.0,True,0.5607004862619513,,0.0,,1.0,2,False,0,0.55,log_in,False,,0.006,0.031,0.0,0.0799,0.0625,0.0,0.0
100000008730238100,terminal,0.452,2,0.3127,"Колено 4, исходящие не выгружались; модель по 1–3 коленам: P(ушли дальше)=0.25; получил 113 тыс.",False,4,0,1,0,113000.0,0.0,1,0,0.0,0.0,8,0,1,0,94.98644281516707,0.0005632359245676687,0.0,0.0,0.0,True,0.24689991509871806,estimated,0.0,,1.0,0,False,0,0.75,log_in,False,,0.0622,0.0389,0.0,0.1253,0.0864,0.0,0.0
100000000803368100,terminal,0.454,10,0.3207,"Колено 4, исходящие не выгружались; модель по 1–3 коленам: P(ушли дальше)=0.24; получил 140 тыс.",False,4,0,1,0,139503.0,0.0,1,0,0.0,0.0,7,0,1,0,1209.1280401775591,0.0005481144591336169,0.0,1.9677001758946957e-07,0.0,True,0.2430144823107471,estimated,0.0,,1.0,0,False,0,0.88,log_in,False,,0.0624,0.0939,0.0,0.0799,0.0844,0.0,0.0
100000002528978100,peripheral,0.48,6,0.1436,Обрыв выгрузки (колено 4): получил 16 тыс. от 1; P(ушли дальше)=0.29 — нужен 5-й уровень,False,4,0,1,0,15900.0,0.0,1,0,0.0,0.0,7,0,1,0,49.44099576057165,0.0002915211255271421,0.0,2.758273854900145e-06,0.0,True,0.2867662333698335,,0.0,,1.0,0,False,0,0.46,log_in,False,,0.012,0.0296,0.0,0.0799,0.022,0.0,0.0
100000002597074100,peripheral,0.48,11,0.1749,Обрыв выгрузки (колено 4): получил 8 тыс. от 1; P(ушли дальше)=0.30 — нужен 5-й уровень,False,4,0,1,0,8000.0,0.0,1,0,0.0,0.0,7,0,1,0,74.97417812393897,0.00031042832358882426,0.0,9.023756758629543e-290,0.0,True,0.3018289855023068,,0.0,,1.0,1,False,0,0.88,log_in,False,,0.012,0.0354,0.0,0.0799,0.0476,0.0,0.0
100000003631015100,terminal,0.462,11,0.203,"Колено 4, исходящие не выгружались; модель по 1–3 коленам: P(ушли дальше)=0.23; получил 266 тыс.",False,4,0,1,0,266000.0,0.0,1,0,0.0,0.0,7,0,1,0,1.269793592978529,0.00032225093674487795,0.0,3.8798761239758137e-256,0.0,True,0.2306514276797029,estimated,0.0,,1.0,0,False,0,1.28,log_in,False,,0.0635,0.0043,0.0,0.0799,0.0552,0.0,0.0
100000008255655100,peripheral,0.48,16,0.2108,Обрыв выгрузки (колено 4): получил 5 тыс. от 1; P(ушли дальше)=0.31 — нужен 5-й уровень,False,4,0,1,0,5400.0,0.0,1,0,0.0,0.0,7,0,1,0,93.8751368396719,0.0005311928331096004,0.0,0.0,0.0,True,0.31163778140505977,,0.0,,1.0,1,False,0,1.13,log_in,False,,0.012,0.0383,0.0,0.0799,0.0805,0.0,0.0
100000004265639100,peripheral,0.48,1,0.2771,Обрыв выгрузки (колено 4): получил 10 тыс. от 1; P(ушли дальше)=0.30 — нужен 5-й уровень,False,4,0,1,0,10000.0,0.0,1,0,0.0,0.0,7,0,1,0,1851.8060227961378,0.0005523205956514877,0.0,0.0,0.0,True,0.29677774647421895,,0.0,,1.0,0,False,0,0.75,log_in,False,,0.012,0.1,0.0,0.0799,0.0852,0.0,0.0
100000002726055100,peripheral,0.48,17,0.2113,Обрыв выгрузки (колено 4): получил 10 тыс. от 1; P(ушли дальше)=0.30 — нужен 5-й уровень,False,4,0,1,0,10000.0,0.0,1,0,0.0,0.0,7,0,1,0,247.27272727272725,0.00034001485733930624,0.0,5.122433452555066e-255,0.0,True,0.2965926585422586,,0.0,,1.0,0,False,0,0.75,log_in,False,,0.012,0.0588,0.0,0.0799,0.0605,0.0,0.0
100000003696422100,peripheral,0.188,30,0.2888,Обрыв выгрузки (колено 4): получил 118 тыс. от 1; P(ушли дальше)=0.38 — нужен 5-й уровень,False,4,0,1,0,118000.0,0.0,2,0,0.0,0.0,7,0,1,0,4213.450857135547,0.0007085171420194981,0.0,1.7229296300670405e-295,0.0,True,0.38368984947915213,,0.0,,1.0,0,False,0,0.78,log_in,False,,0.0047,0.113,0.0,0.0799,0.0912,0.0,0.0
100000007745062100,terminal,0.45,13,0.4154,"Колено 4, исходящие не выгружались; модель по 1–3 коленам: P(ушли дальше)=0.25; получил 100 тыс.",False,4,0,1,0,100000.0,0.0,1,0,0.0,0.0,9,0,1,0,9216.964758632428,0.0006252799425245716,0.0,0.0,0.0,True,0.24925159015851822,estimated,0.0,,1.0,0,False,0,0.67,log_in,False,,0.0619,0.1283,0.0,0.1361,0.0891,0.0,0.0
100000005041147100,peripheral,0.48,1,0.2451,Обрыв выгрузки (колено 4): получил 10 тыс. от 1; P(ушли дальше)=0.30 — нужен 5-й уровень,False,4,0,1,0,10000.0,0.0,1,0,0.0,0.0,7,0,1,0,409.8178833524482,0.0005337622626216141,0.0,0.0,0.0,True,0.29682402888686277,,0.0,,1.0,0,False,0,0.75,log_in,False,,0.012,0.0715,0.0,0.0799,0.0816,0.0,0.0
100000003819173100,terminal,0.455,8,0.1869,"Колено 4, исходящие не выгружались; модель по 1–3 коленам: P(ушли дальше)=0.24; получил 144 тыс.",False,4,0,1,0,143777.0,0.0,1,0,0.0,0.0,7,0,1,0,12.233655224953015,0.0002952095652766993,0.0,0.00011365723210704084,0.0,True,0.24231007278630073,estimated,0.0,,1.0,0,False,0,0.9,log_in,False,,0.0626,0.0138,0.0,0.0799,0.0306,0.0,0.0
100000001275557100,peripheral,0.452,27,0.2562,Обрыв выгрузки (колено 4): получил 20 тыс. от 1; P(ушли дальше)=0.28 — нужен 5-й уровень,False,4,0,1,0,20000.0,0.0,1,0,0.0,0.0,7,0,1,0,2138.2376270015448,0.0003475117995580225,0.0,0.0,0.0,True,0.28272013189828366,,0.0,,1.0,0,False,0,0.32,log_in,False,,0.0113,0.1026,0.0,0.0799,0.0623,0.0,0.0
100000002706810100,peripheral,0.326,20,0.0794,Обрыв выгрузки (колено 4): получил 45 тыс. от 1; P(ушли дальше)=0.26 — нужен 5-й уровень,False,4,0,1,0,45000.0,0.0,1,0,0.0,0.0,1,0,0,0,2.177322369575486,0.0003096510269579332,0.0,3.6873817911951947e-06,0.0,True,0.26483120575642244,,0.0,,1.0,0,False,0,0.18,log_in,False,,0.0082,0.005,0.0,0.0192,0.0471,0.0,0.0
100000002896506100,peripheral,0.326,15,0.1822,Обрыв выгрузки (колено 4): получил 45 тыс. от 1; P(ушли дальше)=0.27 — нужен 5-й уровень,False,4,0,1,0,45000.0,0.0,1,0,0.0,0.0,7,0,1,0,126.13024973104717,0.0003136296448083371,0.0,0.0,0.0,True,0.2652631772300355,,0.0,,1.0,0,False,0,0.18,log_in,False,,0.0082,0.0438,0.0,0.0799,0.0503,0.0,0.0
100000008766031100,peripheral,0.48,2,0.1438,Обрыв выгрузки (колено 4): получил 5 тыс. от 1; P(ушли дальше)=0.31 — нужен 5-й уровень,False,4,0,1,0,5000.0,0.0,1,0,0.0,0.0,8,0,1,0,0.8065663008910077,0.0002864770372824112,0.0,3.309598923107044e-07,0.0,True,0.31208623002254643,,0.0,,1.0,1,False,0,1.17,log_in,False,,0.012,0.0031,0.0,0.1253,0.0034,0.0,0.0
100000008758607100,peripheral,0.48,2,0.1469,Обрыв выгрузки (колено 4): получил 5 тыс. от 1; P(ушли дальше)=0.31 — нужен 5-й уровень,False,4,0,1,0,5000.0,0.0,1,0,0.0,0.0,8,0,1,0,4.394793038735048,0.00028622708280243804,0.0,1.276147972494963e-06,0.0,True,0.31213384013279893,,0.0,,1.0,1,False,0,1.17,log_in,False,,0.012,0.007,0.0,0.1253,0.0026,0.0,0.0
100000008648783100,peripheral,0.48,20,0.0417,Обрыв выгрузки (колено 4): получил 5 тыс. от 1; P(ушли дальше)=0.31 — нужен 5-й уровень,False,4,0,1,0,5200.0,0.0,1,0,0.0,0.0,1,0,0,0,0.2516016960398339,0.0002883520722228762,0.0,3.6873817911951947e-06,0.0,True,0.31125075406645136,,0.0,,1.0,1,False,0,1.15,log_in,False,,0.012,0.0005,0.0,0.0192,0.0099,0.0,0.0
100000004291663100,peripheral,0.412,8,0.1459,Обрыв выгрузки (колено 4): получил 25 тыс. от 1; P(ушли дальше)=0.28 — нужен 5-й уровень,False,4,0,1,0,25000.0,0.0,1,0,0.0,0.0,7,0,1,0,5.251477200000866,0.00031117073486638236,0.0,3.148497900522947e-05,0.0,True,0.2769276497317823,,0.0,,1.0,0,False,0,0.18,log_in,False,,0.0103,0.0075,0.0,0.0799,0.0481,0.0,0.0
100000003037476100,peripheral,0.037,2,0.2752,Обрыв выгрузки (колено 4): получил 555 тыс. от 3; P(ушли дальше)=0.52 — нужен 5-й уровень [аномалия для колена],False,4,0,3,0,555000.0,0.0,3,0,0.0,0.0,8,0,3,0,340.915720661866,0.0003593540563280306,0.0,1.8190248366476958e-06,0.0,True,0.5152769376392707,,0.0,,2.0,0,False,0,9.76,in_deg,True,,0.0009,0.0678,0.0,0.1253,0.0645,0.0,0.0167
100000008715513100,peripheral,0.367,20,0.0748,Обрыв выгрузки (колено 4): получил 32 тыс. от 1; P(ушли дальше)=0.27 — нужен 5-й уровень,False,4,0,1,0,32500.0,0.0,1,0,0.0,0.0,1,0,0,0,1.572510600248962,0.00030296165675219926,0.0,3.6873817911951947e-06,0.0,True,0.27144722009101985,,0.0,,1.0,0,False,0,0.02,log_in,False,,0.0092,0.0046,0.0,0.0192,0.0417,0.0,0.0
100000001276409100,peripheral,0.218,6,0.2034,Обрыв выгрузки (колено 4): получил 95 тыс. от 1; P(ушли дальше)=0.25 — нужен 5-й уровень,False,4,0,1,0,94760.0,0.0,1,0,0.0,0.0,7,0,1,0,294.6558967466522,0.00032104071150795133,0.0,2.758273854900145e-06,0.0,True,0.25051841473892356,,0.0,,1.0,0,False,0,0.64,log_in,False,,0.0054,0.0632,0.0,0.0799,0.0548,0.0,0.0
100000003232675100,peripheral,0.331,4,0.205,Обрыв выгрузки (колено 4): получил 44 тыс. от 1; P(ушли дальше)=0.33 — нужен 5-й уровень,False,4,0,1,0,44000.0,0.0,2,0,0.0,0.0,7,0,1,0,139.5936238386283,0.00040104453660487797,0.0,1.23619985386e-313,0.0,True,0.32816308675340905,,0.0,,1.0,0,False,0,0.17,log_in,False,,0.0083,0.0461,0.0,0.0799,0.0707,0.0,0.0
100000007988344100,peripheral,0.452,1,0.1997,Обрыв выгрузки (колено 4): получил 20 тыс. от 1; P(ушли дальше)=0.55 — нужен 5-й уровень,False,4,0,1,0,20000.0,0.0,3,0,0.0,0.0,7,0,1,0,99.77883226132346,0.00038745764148945846,0.0,0.0,0.0,True,0.5548350335665984,,0.0,,1.0,3,False,0,0.32,log_in,False,,0.0113,0.0398,0.0,0.0799,0.0686,0.0,0.0
100000003047800100,peripheral,0.48,14,0.1076,Обрыв выгрузки (колено 4): получил 12 тыс. от 1; P(ушли дальше)=0.29 — нужен 5-й уровень,False,4,0,1,0,12212.0,0.0,1,0,0.0,0.0,1,0,0,0,8.046928249678874,0.00037457034348758035,0.0,0.0,0.0,True,0.2936134568561769,,0.0,,1.0,0,False,0,0.62,log_in,False,,0.012,0.0092,0.0,0.0192,0.0671,0.0,0.0
100000003230328100,peripheral,0.24,4,0.1967,Обрыв выгрузки (колено 4): получил 27 тыс. от 3; P(ушли дальше)=0.68 — нужен 5-й уровень [аномалия для колена],False,4,0,3,0,26572.0,0.0,3,0,0.0,0.0,7,0,3,0,53.25263229380954,0.00035168013741866146,0.0,6.358533155793618e-05,0.0,True,0.6753866480360928,,0.0,,1.0,1,False,0,9.76,in_deg,True,,0.006,0.0311,0.0,0.0799,0.0629,0.0,0.0167
100000002702968100,peripheral,0.37,6,0.1631,Обрыв выгрузки (колено 4): получил 32 тыс. от 1; P(ушли дальше)=0.27 — нужен 5-й уровень,False,4,0,1,0,31600.0,0.0,1,0,0.0,0.0,7,0,1,0,98.26009220340026,0.00029739809103435365,0.0,2.758273854900145e-06,0.0,True,0.2728217460184081,,0.0,,1.0,0,False,0,0.04,log_in,False,,0.0092,0.0396,0.0,0.0799,0.0343,0.0,0.0
100000004788983100,peripheral,0.395,11,0.2156,Обрыв выгрузки (колено 4): получил 27 тыс. от 1; P(ушли дальше)=0.28 — нужен 5-й уровень,False,4,0,1,0,27000.0,0.0,1,0,0.0,0.0,7,0,1,0,253.03785116829403,0.000369468518346216,0.0,9.023756758629543e-290,0.0,True,0.2759328265222873,,0.0,,1.0,0,False,0,0.13,log_in,False,,0.0099,0.0594,0.0,0.0799,0.0664,0.0,0.0
100000006490615100,peripheral,0.335,4,0.2202,Обрыв выгрузки (колено 4): получил 42 тыс. от 1; P(ушли дальше)=0.75 — нужен 5-й уровень [дробление у порога: 5 перев.],False,4,0,1,0,41600.0,0.0,6,0,0.0,0.0,7,0,1,0,131.97942617470312,0.00039474588702010044,0.0,1.23619985386e-313,0.0,True,0.7459072447972522,,0.0,,1.0,5,True,0,0.13,log_in,False,,0.0084,0.0452,0.0,0.0799,0.0699,0.0,0.0167
100000008745676100,peripheral,0.361,9,0.1196,Обрыв выгрузки (колено 4): получил 35 тыс. от 1; P(ушли дальше)=0.27 — нужен 5-й уровень,False,4,1,1,0,34547.0,0.0,1,0,0.0,0.0,1,0,0,0,9.577192349682699,0.0005303236661827129,0.0,0.0,0.0,True,0.2705748495046718,,0.0,,1.0,0,False,0,0.02,log_in,False,,0.009,0.0115,0.0,0.0192,0.0798,0.0,0.0
100000001598625100,peripheral,0.412,1,0.2621,Обрыв выгрузки (колено 4): получил 25 тыс. от 1; P(ушли дальше)=0.28 — нужен 5-й уровень,False,4,0,1,0,25000.0,0.0,1,0,0.0,0.0,7,0,1,0,1701.2014774969075,0.00042888184355224774,0.0,0.0,0.0,True,0.2779500991884721,,0.0,,1.0,0,False,0,0.18,log_in,False,,0.0103,0.099,0.0,0.0799,0.0729,0.0,0.0
100000008461217100,peripheral,0.468,8,0.2948,Обрыв выгрузки (колено 4): получил 18 тыс. от 1; P(ушли дальше)=0.28 — нужен 5-й уровень,False,4,0,1,0,18000.0,0.0,1,0,0.0,0.0,10,0,1,0,217.3913043478261,0.0005455897895490721,0.0,0.0,0.0,True,0.2842006550636808,,0.0,,1.0,0,False,0,0.38,log_in,False,,0.0117,0.0551,0.0,0.1441,0.0839,0.0,0.0
100000005711521100,terminal,0.46,4,0.2787,"Колено 4, исходящие не выгружались; модель по 1–3 коленам: P(ушли дальше)=0.23; получил 238 тыс.",False,4,0,1,0,238000.0,0.0,1,0,0.0,0.0,7,0,1,0,202.36100847460673,0.0005338432844113278,0.0,0.0,0.0,True,0.23292778281589266,estimated,0.0,,1.0,0,False,0,1.21,log_in,False,,0.0633,0.0539,0.0,0.0799,0.0817,0.0,0.0
100000002713974100,peripheral,0.303,15,0.1775,Обрыв выгрузки (колено 4): получил 50 тыс. от 1; P(ушли дальше)=0.26 — нужен 5-й уровень,False,4,0,1,0,50000.0,0.0,1,0,0.0,0.0,7,0,1,0,57.75789392620115,0.0003299501883700874,0.0,0.0,0.0,True,0.263457414525471,,0.0,,1.0,0,False,0,0.25,log_in,False,,0.0076,0.0325,0.0,0.0799,0.0576,0.0,0.0
100000005272139100,terminal,0.456,3,0.3699,"Колено 4, исходящие не выгружались; модель по 1–3 коленам: P(ушли дальше)=0.24; получил 165 тыс.",False,4,0,1,0,165000.0,0.0,1,0,0.0,0.0,7,0,1,0,11959.703053492416,0.0007555290963517883,0.0,0.0,0.0,True,0.2394645817508796,estimated,0.0,,1.0,0,False,0,0.98,log_in,False,,0.0627,0.1351,0.0,0.0799,0.0922,0.0,0.0
100000002968096100,peripheral,0.257,7,0.1657,Обрыв выгрузки (колено 4): получил 70 тыс. от 1; P(ушли дальше)=0.26 — нужен 5-й уровень,False,4,0,1,0,70000.0,0.0,1,0,0.0,0.0,7,0,1,0,33.6755784097543,0.0003194824114349239,0.0,1.23619985386e-313,0.0,True,0.2559427955697858,,0.0,,1.0,0,False,0,0.45,log_in,False,,0.0064,0.0254,0.0,0.0799,0.0539,0.0,0.0
100000004449824100,peripheral,0.48,20,0.051,Обрыв выгрузки (колено 4): получил 9 тыс. от 1; P(ушли дальше)=0.30 — нужен 5-й уровень,False,4,0,1,0,9000.0,0.0,1,0,0.0,0.0,1,0,0,0,0.4354644739150972,0.00029038564076541934,0.0,3.6873817911951947e-06,0.0,True,0.29904435304950533,,0.0,,1.0,1,False,0,0.81,log_in,False,,0.012,0.0016,0.0,0.0192,0.0181,0.0,0.0
100000004502048100,peripheral,0.48,19,0.199,Обрыв выгрузки (колено 4): получил 14 тыс. от 1; P(ушли дальше)=0.29 — нужен 5-й уровень,False,4,0,1,0,13888.0,0.0,1,0,0.0,0.0,7,0,1,0,142.993477530598,0.00033971462250251223,0.0,1.23619985386e-313,0.0,True,0.2905929570232846,,0.0,,1.0,0,False,0,0.54,log_in,False,,0.012,0.0466,0.0,0.0799,0.0604,0.0,0.0
100000002660298100,peripheral,0.373,6,0.1623,Обрыв выгрузки (колено 4): получил 31 тыс. от 1; P(ушли дальше)=0.27 — нужен 5-й уровень,False,4,0,1,0,30900.0,0.0,1,0,0.0,0.0,7,0,1,0,96.08344459129962,0.00029713606072511497,0.0,2.758273854900145e-06,0.0,True,0.272848291543536,,0.0,,1.0,0,False,0,0.05,log_in,False,,0.0093,0.0392,0.0,0.0799,0.0339,0.0,0.0
100000001299828100,terminal,0.451,1,0.3258,"Колено 4, исходящие не выгружались; модель по 1–3 коленам: P(ушли дальше)=0.25; получил 100 тыс.",False,4,0,1,0,100000.0,0.0,1,0,0.0,0.0,7,0,1,0,1772.7517024268627,0.0005472629597932584,0.0,0.0,0.0,True,0.24904416851414954,estimated,0.0,,1.0,0,False,0,0.67,log_in,False,,0.062,0.0996,0.0,0.0799,0.0842,0.0,0.0
100000000581662100,peripheral,0.44,14,0.1048,Обрыв выгрузки (колено 4): получил 21 тыс. от 1; P(ушли дальше)=0.28 — нужен 5-й уровень,False,4,0,1,0,21160.0,0.0,1,0,0.0,0.0,2,0,1,0,10.566306614485445,0.00030291662853066217,0.0,0.0,0.0,True,0.2811180732657769,,0.0,,1.0,0,False,0,0.28,log_in,False,,0.011,0.0124,0.0,0.0397,0.0417,0.0,0.0
100000001249054100,peripheral,0.477,6,0.1468,Обрыв выгрузки (колено 4): получил 17 тыс. от 1; P(ушли дальше)=0.28 — нужен 5-й уровень,False,4,0,1,0,17375.0,0.0,1,0,0.0,0.0,7,0,1,0,54.02750322892657,0.00029207326082160943,0.0,2.758273854900145e-06,0.0,True,0.28486549623743107,,0.0,,1.0,0,False,0,0.4,log_in,False,,0.0119,0.0316,0.0,0.0799,0.0234,0.0,0.0
100000008759795100,peripheral,0.48,20,0.064,Обрыв выгрузки (колено 4): получил 17 тыс. от 1; P(ушли дальше)=0.29 — нужен 5-й уровень,False,4,0,1,0,17000.0,0.0,1,0,0.0,0.0,1,0,0,0,0.8225440062840724,0.0002946668376970891,0.0,3.6873817911951947e-06,0.0,True,0.28533228046543035,,0.0,,1.0,0,False,0,0.42,log_in,False,,0.012,0.0032,0.0,0.0192,0.0295,0.0,0.0
100000001299443100,peripheral,0.48,20,0.0493,Обрыв выгрузки (колено 4): получил 8 тыс. от 1; P(ушли дальше)=0.30 — нужен 5-й уровень,False,4,0,1,0,8000.0,0.0,1,0,0.0,0.0,1,0,0,0,0.38707953236897524,0.00028985049114896067,0.0,3.6873817911951947e-06,0.0,True,0.3018289855023068,,0.0,,1.0,1,False,0,0.88,log_in,False,,0.012,0.0015,0.0,0.0192,0.0166,0.0,0.0
100000007997939100,peripheral,0.48,2,0.2814,Обрыв выгрузки (колено 4): получил 13 тыс. от 1; P(ушли дальше)=0.29 — нужен 5-й уровень,False,4,0,1,0,13000.0,0.0,1,0,0.0,0.0,9,0,1,0,364.0376395187613,0.00035796308347988245,0.0,9.023756758629543e-290,0.0,True,0.29156650594092065,,0.0,,1.0,0,False,0,0.58,log_in,False,,0.012,0.0692,0.0,0.1361,0.0641,0.0,0.0
100000003470579100,peripheral,0.072,25,0.2633,Обрыв выгрузки (колено 4): получил 357 тыс. от 1; P(ушли дальше)=0.36 — нужен 5-й уровень,False,4,0,1,0,357000.0,0.0,2,0,0.0,0.0,7,0,1,0,1272.4298614409781,0.0005685326159317399,0.0,1.23619985386e-313,0.0,True,0.35721849856335613,,0.0,,1.0,1,False,0,1.46,log_in,False,,0.0018,0.0949,0.0,0.0799,0.0867,0.0,0.0
100000008649416100,peripheral,0.48,7,0.2122,Обрыв выгрузки (колено 4): получил 5 тыс. от 1; P(ушли дальше)=0.31 — нужен 5-й уровень,False,4,0,1,0,5000.0,0.0,1,0,0.0,0.0,7,0,1,0,94.97861488882508,0.000533726717629368,0.0,0.0,0.0,True,0.3130868745199678,,0.0,,1.0,1,False,0,1.17,log_in,False,,0.012,0.0387,0.0,0.0799,0.0815,0.0,0.0
100000008183752100,terminal,0.455,2,0.2736,"Колено 4, исходящие не выгружались; модель по 1–3 коленам: P(ушли дальше)=0.24; получил 140 тыс.",False,4,0,1,0,140000.0,0.0,1,0,0.0,0.0,8,0,1,0,3.5673007280151605,0.0005301890395310136,0.0,0.0,0.0,True,0.24241599438333603,estimated,0.0,,1.0,0,False,0,0.88,log_in,False,,0.0626,0.006,0.0,0.1253,0.0798,0.0,0.0
100000003950749100,peripheral,0.48,3,0.2547,Обрыв выгрузки (колено 4): получил 7 тыс. от 1; P(ушли дальше)=0.30 — нужен 5-й уровень,False,4,0,1,0,7000.0,0.0,1,0,0.0,0.0,7,0,1,0,1240.2575026783804,0.00038424128954841564,0.0,2.1155338218666927e-08,0.0,True,0.30450863786796845,,0.0,,1.0,1,False,0,0.97,log_in,False,,0.012,0.0946,0.0,0.0799,0.0682,0.0,0.0
100000005979037100,peripheral,0.272,1,0.1845,Обрыв выгрузки (колено 4): получил 60 тыс. от 1; P(ушли дальше)=0.26 — нужен 5-й уровень,False,4,0,1,0,60300.0,0.0,1,0,0.0,0.0,7,0,1,0,110.74801843087305,0.0003248463424153593,0.0,9.023756758629543e-290,0.0,True,0.2590635784376215,,0.0,,1.0,0,False,0,0.36,log_in,False,,0.0068,0.0417,0.0,0.0799,0.0561,0.0,0.0
100000008734279100,peripheral,0.37,15,0.1461,Обрыв выгрузки (колено 4): получил 32 тыс. от 1; P(ушли дальше)=0.27 — нужен 5-й уровень,False,4,0,1,0,31650.0,0.0,1,0,0.0,0.0,7,0,1,0,16.236723577956134,0.0003013329445693454,0.0,3.1784521125680773e-09,0.0,True,0.2723491394671513,,0.0,,1.0,0,False,0,0.03,log_in,False,,0.0092,0.0169,0.0,0.0799,0.04,0.0,0.0
100000005589319100,peripheral,0.404,4,0.1457,Обрыв выгрузки (колено 4): получил 26 тыс. от 1; P(ушли дальше)=0.28 — нужен 5-й уровень,False,4,0,1,0,26000.0,0.0,1,0,0.0,0.0,7,0,1,0,6.433779633746169,0.00030995557415139477,0.0,5.078517869942799e-05,0.0,True,0.27654750100838305,,0.0,,1.0,0,False,0,0.16,log_in,False,,0.0101,0.0083,0.0,0.0799,0.0473,0.0,0.0
100000003626268100,peripheral,0.48,1,0.2231,Обрыв выгрузки (колено 4): получил 5 тыс. от 1; P(ушли дальше)=0.31 — нужен 5-й уровень,False,4,0,1,0,5000.0,0.0,1,0,0.0,0.0,7,0,1,0,179.77386936634036,0.0005308903791336683,0.0,0.0,0.0,True,0.3132776713391915,,0.0,,1.0,1,False,0,1.17,log_in,False,,0.012,0.0509,0.0,0.0799,0.0803,0.0,0.0
100000001220124100,peripheral,0.341,1,0.2558,Обрыв выгрузки (колено 4): получил 40 тыс. от 1; P(ушли дальше)=0.27 — нужен 5-й уровень,False,4,0,1,0,40000.0,0.0,1,0,0.0,0.0,7,0,1,0,743.9546570470475,0.0005395565851958802,0.0,0.0,0.0,True,0.26785367837989643,,0.0,,1.0,0,False,0,0.11,log_in,False,,0.0085,0.0843,0.0,0.0799,0.0831,0.0,0.0
100000003904497100,peripheral,0.48,2,0.2709,Обрыв выгрузки (колено 4): получил 10 тыс. от 1; P(ушли дальше)=0.30 — нужен 5-й уровень,False,4,0,1,0,10000.0,0.0,1,0,0.0,0.0,9,0,1,0,280.02895347597024,0.0003412568244192844,0.0,9.023756758629543e-290,0.0,True,0.2979360566793066,,0.0,,1.0,0,False,0,0.75,log_in,False,,0.012,0.0619,0.0,0.1361,0.0609,0.0,0.0
100000001270470100,peripheral,0.391,1,0.209,Обрыв выгрузки (колено 4): получил 28 тыс. от 1; P(ушли дальше)=0.42 — нужен 5-й уровень,False,4,0,1,0,28300.0,0.0,2,0,0.0,0.0,7,0,1,0,141.1870476497727,0.000429741305607408,0.0,0.0,0.0,True,0.4209837416870162,,0.0,,1.0,0,False,0,0.1,log_in,False,,0.0098,0.0462,0.0,0.0799,0.073,0.0,0.0
100000003091142100,peripheral,0.341,11,0.2298,Обрыв выгрузки (колено 4): получил 40 тыс. от 1; P(ушли дальше)=0.27 — нужен 5-й уровень,False,4,0,1,0,40000.0,0.0,1,0,0.0,0.0,7,0,1,0,374.8708906196949,0.00040986444107495766,0.0,9.023756758629543e-290,0.0,True,0.2673321466131554,,0.0,,1.0,0,False,0,0.11,log_in,False,,0.0085,0.0699,0.0,0.0799,0.0714,0.0,0.0
100000001053894100,peripheral,0.03,7,0.2172,Обрыв выгрузки (колено 4): получил 2.0 млн от 1; P(ушли дальше)=0.81 — нужен 5-й уровень,False,4,0,1,0,2000000.0,0.0,7,0,0.0,0.0,7,0,1,0,280.65928278175835,0.0004485491925071488,0.0,3.8798761239758137e-256,0.0,True,0.8055435229433316,,0.0,,1.0,0,False,0,2.52,log_in,False,,0.0008,0.0621,0.0,0.0799,0.0744,0.0,0.0
100000004722630100,peripheral,0.077,1,0.2574,Обрыв выгрузки (колено 4): получил 340 тыс. от 1; P(ушли дальше)=0.36 — нужен 5-й уровень,False,4,0,1,0,340000.0,0.0,2,0,0.0,0.0,7,0,1,0,1631.8553296426007,0.0004921869960127064,0.0,0.0,0.0,True,0.3581403748343365,,0.0,,1.0,0,False,0,1.43,log_in,False,,0.0019,0.0984,0.0,0.0799,0.0771,0.0,0.0
100000004655046100,peripheral,0.422,6,0.323,Обрыв выгрузки (колено 4): получил 24 тыс. от 1; P(ушли дальше)=0.28 — нужен 5-й уровень,False,4,0,1,0,24000.0,0.0,1,0,0.0,0.0,9,0,1,0,1025.694860713719,0.0005575082914139779,0.0,0.0,0.0,True,0.2778754583626884,,0.0,,1.0,0,False,0,0.21,log_in,False,,0.0106,0.0904,0.0,0.1361,0.0859,0.0,0.0
100000004019056100,peripheral,0.303,4,0.246,Обрыв выгрузки (колено 4): получил 50 тыс. от 1; P(ушли дальше)=0.26 — нужен 5-й уровень,False,4,0,1,0,50000.0,0.0,1,0,0.0,0.0,7,0,1,0,474.82045261865454,0.0005409213827074575,0.0,0.0,0.0,True,0.26272654125709666,,0.0,,1.0,0,False,0,0.25,log_in,False,,0.0076,0.0751,0.0,0.0799,0.0834,0.0,0.0
100000008071749100,peripheral,0.417,6,0.1562,Обрыв выгрузки (колено 4): получил 25 тыс. от 1; P(ушли дальше)=0.28 — нужен 5-й уровень,False,4,0,1,0,24943.0,0.0,1,0,0.0,0.0,7,0,1,0,77.5601734123232,0.0002949061827934933,0.0,2.758273854900145e-06,0.0,True,0.27741993388557884,,0.0,,1.0,0,False,0,0.18,log_in,False,,0.0104,0.0357,0.0,0.0799,0.0301,0.0,0.0
100000008221765100,terminal,0.455,7,0.3067,"Колено 4, исходящие не выгружались; модель по 1–3 коленам: P(ушли дальше)=0.24; получил 156 тыс.",False,4,0,1,0,156354.0,0.0,1,0,0.0,0.0,7,0,1,0,662.4449460212348,0.0005404417175185718,0.0,0.0,0.0,True,0.2413060655393841,estimated,0.0,,1.0,0,False,0,0.95,log_in,False,,0.0626,0.0808,0.0,0.0799,0.0834,0.0,0.0
100000008778010100,peripheral,0.244,9,0.1125,Обрыв выгрузки (колено 4): получил 77 тыс. от 1; P(ушли дальше)=0.31 — нужен 5-й уровень,False,4,1,1,0,76950.0,0.0,2,0,0.0,0.0,1,0,0,0,5.823225941107262,0.0005296426486872762,0.0,0.0,0.0,True,0.3142134243278501,,0.0,,1.0,1,False,0,0.51,log_in,False,,0.0061,0.0077,0.0,0.0192,0.0795,0.0,0.0
100000004584730100,peripheral,0.318,4,0.1682,Обрыв выгрузки (колено 4): получил 47 тыс. от 1; P(ушли дальше)=0.26 — нужен 5-й уровень,False,4,0,1,0,47000.0,0.0,1,0,0.0,0.0,7,0,1,0,87.81542190369682,0.00030383982641037343,0.0,7.661109122360097e-07,0.0,True,0.26398655166915624,,0.0,,1.0,0,False,0,0.21,log_in,False,,0.008,0.0375,0.0,0.0799,0.0428,0.0,0.0
100000004797167100,peripheral,0.373,15,0.2,Обрыв выгрузки (колено 4): получил 31 тыс. от 1; P(ушли дальше)=0.27 — нужен 5-й уровень,False,4,0,1,0,31000.0,0.0,1,0,0.0,0.0,1,0,0,0,831.797077626262,0.0005516247027029544,0.0,0.0,0.0,True,0.27344135418268445,,0.0,,1.0,0,False,0,0.05,log_in,False,,0.0093,0.0865,0.0,0.0192,0.0849,0.0,0.0
100000005010159100,peripheral,0.48,15,0.2775,Обрыв выгрузки (колено 4): получил 7 тыс. от 1; P(ушли дальше)=0.30 — нужен 5-й уровень,False,4,0,1,0,7092.0,0.0,1,0,0.0,0.0,7,0,1,0,1515.4363416597268,0.0006143684568259249,0.0,0.0,0.0,True,0.30459412352415255,,0.0,,1.0,1,False,0,0.96,log_in,False,,0.012,0.0967,0.0,0.0799,0.0888,0.0,0.0
100000003025903100,peripheral,0.066,15,0.2522,Обрыв выгрузки (колено 4): получил 386 тыс. от 1; P(ушли дальше)=0.77 — нужен 5-й уровень,False,4,0,1,0,386300.0,0.0,6,0,0.0,0.0,7,0,1,0,1082.7581215800783,0.0005264518149577612,0.0,0.0,0.0,True,0.7674661357253045,,0.0,,1.0,1,False,0,1.51,log_in,False,,0.0017,0.0917,0.0,0.0799,0.079,0.0,0.0
100000003005167100,peripheral,0.48,20,0.047,Обрыв выгрузки (колено 4): получил 7 тыс. от 1; P(ушли дальше)=0.30 — нужен 5-й уровень,False,4,0,1,0,7000.0,0.0,1,0,0.0,0.0,1,0,0,0,0.33869459082285336,0.00028931534153250194,0.0,3.6873817911951947e-06,0.0,True,0.3046965258995141,,0.0,,1.0,1,False,0,0.97,log_in,False,,0.012,0.0014,0.0,0.0192,0.0144,0.0,0.0
100000002214383100,terminal,0.459,9,0.1769,"Колено 4, исходящие не выгружались; модель по 1–3 коленам: P(ушли дальше)=0.23; получил 213 тыс.",False,4,1,1,0,213000.0,0.0,1,0,0.0,0.0,1,0,0,0,12.59867750780439,0.0005308718022156257,0.0,0.0,0.0,True,0.23453759458415344,estimated,0.0,,1.0,0,False,0,1.14,log_in,False,,0.0631,0.0143,0.0,0.0192,0.0802,0.0,0.0
100000004800452100,peripheral,0.48,15,0.2808,Обрыв выгрузки (колено 4): получил 7 тыс. от 1; P(ушли дальше)=0.31 — нужен 5-й уровень,False,4,0,1,0,6544.53,0.0,1,0,0.0,0.0,7,0,1,0,1880.9224749472032,0.000607979765974599,0.0,0.0,0.0,True,0.3062888125404088,,0.0,,1.0,1,False,0,1.01,log_in,False,,0.012,0.1003,0.0,0.0799,0.0886,0.0,0.0
100000006903193100,peripheral,0.48,1,0.1852,Обрыв выгрузки (колено 4): получил 9 тыс. от 1; P(ушли дальше)=0.30 — нужен 5-й уровень,False,4,0,1,0,9000.0,0.0,1,0,0.0,0.0,7,0,1,0,196.01664524576623,0.0003016045268852538,0.0,2.910187022880294e-05,0.0,True,0.3001145676606698,,0.0,,1.0,1,False,0,0.81,log_in,False,,0.012,0.0529,0.0,0.0799,0.0403,0.0,0.0
100000007811950100,peripheral,0.303,24,0.2424,Обрыв выгрузки (колено 4): получил 50 тыс. от 1; P(ушли дальше)=0.26 — нужен 5-й уровень,False,4,0,1,0,50000.0,0.0,1,0,0.0,0.0,7,0,1,0,399.6024793090346,0.0005462285400719733,0.0,0.0,0.0,True,0.2626406420176349,,0.0,,1.0,0,False,0,0.25,log_in,False,,0.0076,0.0709,0.0,0.0799,0.084,0.0,0.0
100000000375150100,terminal,0.463,21,0.4702,"Колено 4, исходящие не выгружались; модель по 1–3 коленам: P(ушли дальше)=0.23; получил 300 тыс.",False,4,0,1,0,300000.0,0.0,1,0,0.0,0.0,10,0,1,0,48481.95990095083,0.0007463802351751577,0.0,0.0,0.0,True,0.22877042140997342,estimated,0.0,,1.0,0,False,0,1.35,log_in,False,,0.0637,0.1704,0.0,0.1441,0.0921,0.0,0.0
100000008775747100,peripheral,0.48,2,0.1469,Обрыв выгрузки (колено 4): получил 5 тыс. от 1; P(ушли дальше)=0.31 — нужен 5-й уровень,False,4,0,1,0,5000.0,0.0,1,0,0.0,0.0,8,0,1,0,4.394793038735048,0.00028622708280243804,0.0,1.276147972494963e-06,0.0,True,0.3119910217059075,,0.0,,1.0,1,False,0,1.17,log_in,False,,0.012,0.007,0.0,0.1253,0.0026,0.0,0.0
100000006689603100,peripheral,0.062,8,0.1561,Обрыв выгрузки (колено 4): получил 400 тыс. от 1; P(ушли дальше)=0.35 — нужен 5-й уровень,False,4,0,1,0,400000.0,0.0,2,0,0.0,0.0,7,0,1,0,34.035082732156084,0.00031238935878786454,0.0,0.00011365723210704084,0.0,True,0.3548881526533864,,0.0,,1.0,0,False,0,1.53,log_in,False,,0.0016,0.0255,0.0,0.0799,0.0491,0.0,0.0
100000005075949100,peripheral,0.03,4,0.2976,Обрыв выгрузки (колено 4): получил 2.2 млн от 1; P(ушли дальше)=0.59 — нужен 5-й уровень,False,4,0,1,0,2226000.0,0.0,7,0,0.0,0.0,7,0,1,0,7775.172115608619,0.0007679113857379712,0.0,1.23619985386e-313,0.0,True,0.5881100030771731,,0.0,,1.0,0,False,0,2.59,log_in,False,,0.0008,0.1246,0.0,0.0799,0.0923,0.0,0.0
100000003985389100,peripheral,0.059,7,0.2125,Обрыв выгрузки (колено 4): получил 423 тыс. от 1; P(ушли дальше)=0.99 — нужен 5-й уровень,False,4,0,1,0,422698.0,0.0,16,0,0.0,0.0,7,0,1,0,203.35142346637608,0.0004903551059552773,0.0,1.23619985386e-313,0.0,True,0.9904273434294172,,0.0,,1.0,5,False,0,1.56,log_in,False,,0.0015,0.054,0.0,0.0799,0.077,0.0,0.0
100000002478829100,peripheral,0.363,17,0.2536,Обрыв выгрузки (колено 4): получил 34 тыс. от 1; P(ушли дальше)=0.27 — нужен 5-й уровень,False,4,0,1,0,34000.0,0.0,1,0,0.0,0.0,7,0,1,0,1361.0888710968775,0.0003873344502833008,0.0,7.577905051749476e-255,0.0,True,0.2715631190400032,,0.0,,1.0,0,False,0,0.01,log_in,False,,0.0091,0.096,0.0,0.0799,0.0686,0.0,0.0
100000003125997100,peripheral,0.23,2,0.291,Обрыв выгрузки (колено 4): получил 88 тыс. от 1; P(ушли дальше)=0.25 — нужен 5-й уровень,False,4,0,1,0,87750.0,0.0,1,0,0.0,0.0,8,0,1,0,485.51849358843054,0.0005483720399494517,0.0,0.0,0.0,True,0.25149312989909156,,0.0,,1.0,0,False,0,0.59,log_in,False,,0.0058,0.0755,0.0,0.1253,0.0844,0.0,0.0
100000003214786100,peripheral,0.48,1,0.2546,Обрыв выгрузки (колено 4): получил 5 тыс. от 1; P(ушли дальше)=0.31 — нужен 5-й уровень,False,4,0,1,0,5000.0,0.0,1,0,0.0,0.0,7,0,1,0,1045.4577325573462,0.00042028195414468963,0.0,0.0,0.0,True,0.31241958407885034,,0.0,,1.0,1,False,0,1.17,log_in,False,,0.012,0.0907,0.0,0.0799,0.072,0.0,0.0
100000008308418100,peripheral,0.303,11,0.198,Обрыв выгрузки (колено 4): получил 50 тыс. от 1; P(ушли дальше)=0.26 — нужен 5-й уровень,False,4,0,1,0,50000.0,0.0,1,0,0.0,0.0,7,0,1,0,86.69913805109458,0.00043159933146629903,0.0,0.0,0.0,True,0.2638018064230708,,0.0,,1.0,0,False,0,0.25,log_in,False,,0.0076,0.0373,0.0,0.0799,0.0732,0.0,0.0
100000008619159100,terminal,0.434,3,0.2355,"Колено 4, исходящие не выгружались; модель по 1–3 коленам: P(ушли дальше)=0.28; получил 446 тыс.",False,4,0,1,0,446400.0,0.0,2,0,0.0,0.0,7,0,1,0,56.79985783768856,0.00035658738939848845,0.0,0.0,0.0,True,0.27711458814879353,estimated,0.0,,1.0,0,False,0,1.6,log_in,False,,0.0597,0.0321,0.0,0.0799,0.0638,0.0,0.0
100000004418967100,terminal,0.45,2,0.3163,"Колено 4, исходящие не выгружались; модель по 1–3 коленам: P(ушли дальше)=0.25; получил 100 тыс.",False,4,0,1,0,100000.0,0.0,1,0,0.0,0.0,8,0,1,0,211.9845693148162,0.0004534748089525571,0.0,1.23619985386e-313,0.0,True,0.24916860765485538,estimated,0.0,,1.0,0,False,0,0.67,log_in,False,,0.0619,0.0545,0.0,0.1253,0.0747,0.0,0.0
100000003173783100,peripheral,0.428,14,0.2387,Обрыв выгрузки (колено 4): получил 24 тыс. от 1; P(ушли дальше)=0.43 — нужен 5-й уровень,False,4,0,1,0,23500.0,0.0,2,0,0.0,0.0,7,0,1,0,808.88444241972,0.0003468224290716631,0.0,4.5006020958930306e-05,0.0,True,0.42536573832723457,,0.0,,1.0,1,False,0,0.22,log_in,False,,0.0107,0.086,0.0,0.0799,0.0621,0.0,0.0
100000002242455100,terminal,0.451,7,0.2765,"Колено 4, исходящие не выгружались; модель по 1–3 коленам: P(ушли дальше)=0.25; получил 110 тыс.",False,4,0,1,0,110000.0,0.0,1,0,0.0,0.0,7,0,1,0,200.47592804559136,0.0005321740677312218,0.0,0.0,0.0,True,0.2480453694186634,estimated,0.0,,1.0,0,False,0,0.73,log_in,False,,0.062,0.0535,0.0,0.0799,0.081,0.0,0.0
100000004848236100,peripheral,0.48,11,0.1731,Обрыв выгрузки (колено 4): получил 8 тыс. от 1; P(ушли дальше)=0.30 — нужен 5-й уровень,False,4,0,1,0,7500.0,0.0,1,0,0.0,0.0,7,0,1,0,70.28829199119279,0.00030887463425310343,0.0,9.023756758629543e-290,0.0,True,0.30330516978405786,,0.0,,1.0,1,False,0,0.92,log_in,False,,0.012,0.0348,0.0,0.0799,0.0463,0.0,0.0
100000004674412100,peripheral,0.323,4,0.3136,Обрыв выгрузки (колено 4): получил 46 тыс. от 1; P(ушли дальше)=0.26 — нужен 5-й уровень,False,4,0,1,0,46000.0,0.0,1,0,0.0,0.0,8,0,1,0,2220.82433015285,0.00048936782009517,0.0,1.23619985386e-313,0.0,True,0.264296026529974,,0.0,,1.0,0,False,0,0.2,log_in,False,,0.0081,0.1034,0.0,0.1253,0.0769,0.0,0.0
100000007071852100,terminal,0.458,1,0.2903,"Колено 4, исходящие не выгружались; модель по 1–3 коленам: P(ушли дальше)=0.24; получил 195 тыс.",False,4,0,1,0,195000.0,0.0,1,0,0.0,0.0,7,0,1,0,441.13264564661904,0.0004435147927696225,0.0,2.717055020081585e-05,0.0,True,0.23616556439863928,estimated,0.0,,1.0,0,False,0,1.09,log_in,False,,0.063,0.0733,0.0,0.0799,0.0742,0.0,0.0
100000001498732100,peripheral,0.48,29,0.1075,Обрыв выгрузки (колено 4): получил 6 тыс. от 1; P(ушли дальше)=0.31 — нужен 5-й уровень,False,4,0,1,0,5500.0,0.0,1,0,0.0,0.0,7,0,1,0,0.26776313613261793,0.0002894096098235812,0.0,1.4075358594693281e-08,0.0,True,0.31036981407399516,,0.0,,1.0,1,False,0,1.11,log_in,False,,0.012,0.0008,0.0,0.0799,0.0148,0.0,0.0
100000000627521100,peripheral,0.48,7,0.0974,Обрыв выгрузки (колено 4): получил 6 тыс. от 1; P(ушли дальше)=0.31 — нужен 5-й уровень,False,4,0,1,0,6500.0,0.0,1,0,0.0,0.0,7,0,1,0,0.9121426690407146,0.00028609897888673294,0.0,3.8798761239758137e-256,0.0,True,0.3070541250722852,,0.0,,1.0,1,False,0,1.01,log_in,False,,0.012,0.0034,0.0,0.0799,0.002,0.0,0.0
100000003105089100,peripheral,0.48,17,0.1786,Обрыв выгрузки (колено 4): получил 10 тыс. от 1; P(ушли дальше)=0.30 — нужен 5-й уровень,False,4,0,1,0,10000.0,0.0,1,0,0.0,0.0,7,0,1,0,160.94674556213016,0.00029943768321597685,0.0,2.3749511394193016e-243,0.0,True,0.29682402888686277,,0.0,,1.0,0,False,0,0.75,log_in,False,,0.012,0.0495,0.0,0.0799,0.0371,0.0,0.0
100000003166017100,peripheral,0.48,6,0.1418,Обрыв выгрузки (колено 4): получил 15 тыс. от 1; P(ушли дальше)=0.29 — нужен 5-й уровень,False,4,0,1,0,15000.0,0.0,1,0,0.0,0.0,7,0,1,0,46.64244883072797,0.00029118422941526375,0.0,2.758273854900145e-06,0.0,True,0.2881552335001061,,0.0,,1.0,0,False,0,0.5,log_in,False,,0.012,0.0291,0.0,0.0799,0.0208,0.0,0.0
100000002506987100,peripheral,0.391,6,0.1593,Обрыв выгрузки (колено 4): получил 28 тыс. от 1; P(ушли дальше)=0.28 — нужен 5-й уровень,False,4,0,1,0,28200.0,0.0,1,0,0.0,0.0,7,0,1,0,87.6878038017686,0.0002961253723894798,0.0,2.758273854900145e-06,0.0,True,0.2752429367946254,,0.0,,1.0,0,False,0,0.11,log_in,False,,0.0098,0.0374,0.0,0.0799,0.0322,0.0,0.0
100000005767403100,terminal,0.402,22,0.3719,"Колено 4, исходящие не выгружались; модель по 1–3 коленам: P(ушли дальше)=0.33; получил 1.1 млн",False,4,0,1,0,1100000.0,0.0,2,0,0.0,0.0,7,0,1,0,14779.44834724204,0.0010818599457011425,0.0,1.4683800802737826e-07,0.0,True,0.3299873225144753,estimated,0.0,,1.0,0,False,0,2.15,log_in,False,,0.0553,0.1411,0.0,0.0799,0.0956,0.0,0.0
100000005553088100,peripheral,0.476,15,0.131,Обрыв выгрузки (колено 4): получил 18 тыс. от 1; P(ушли дальше)=0.29 — нужен 5-й уровень,False,4,0,1,0,17500.0,0.0,1,0,0.0,0.0,7,0,1,0,8.977651267432302,0.0002942853726110019,0.0,3.1784521125680773e-09,0.0,True,0.2854805902179712,,0.0,,1.0,0,False,0,0.4,log_in,False,,0.0119,0.0104,0.0,0.0799,0.0287,0.0,0.0
100000003632533100,peripheral,0.48,7,0.2495,Обрыв выгрузки (колено 4): получил 10 тыс. от 1; P(ушли дальше)=0.30 — нужен 5-й уровень,False,4,0,1,0,10000.0,0.0,1,0,0.0,0.0,7,0,1,0,747.6085644655129,0.00042894910408558583,0.0,1.23619985386e-313,0.0,True,0.2971481225231625,,0.0,,1.0,0,False,0,0.75,log_in,False,,0.012,0.0846,0.0,0.0799,0.073,0.0,0.0
100000008762005100,peripheral,0.48,2,0.1415,Обрыв выгрузки (колено 4): получил 5 тыс. от 1; P(ушли дальше)=0.31 — нужен 5-й уровень,False,4,0,1,0,5000.0,0.0,1,0,0.0,0.0,8,0,1,0,0.025971891538708755,0.0002867795934290693,0.0,3.090697396070124e-08,0.0,True,0.31218145421010723,,0.0,,1.0,1,False,0,1.17,log_in,False,,0.012,0.0001,0.0,0.1253,0.0041,0.0,0.0
100000002214207100,peripheral,0.216,31,0.2473,Обрыв выгрузки (колено 4): получил 97 тыс. от 1; P(ушли дальше)=0.25 — нужен 5-й уровень,False,4,0,1,0,97000.0,0.0,1,0,0.0,0.0,1,0,0,0,10104.046242774544,0.0006906066279546782,0.0,0.0,0.0,True,0.24985035836190556,,0.0,,1.0,0,False,0,0.66,log_in,False,,0.0054,0.1318,0.0,0.0192,0.0909,0.0,0.0
100000003180820100,terminal,0.45,2,0.2609,"Колено 4, исходящие не выгружались; модель по 1–3 коленам: P(ушли дальше)=0.25; получил 101 тыс.",False,4,0,1,0,101000.0,0.0,1,0,0.0,0.0,8,0,1,0,88.77481938244797,0.0002988566236372641,0.0,1.276147972494963e-06,0.0,True,0.24926362233299756,estimated,0.0,,1.0,0,False,0,0.68,log_in,False,,0.0619,0.0378,0.0,0.1253,0.0359,0.0,0.0
100000003786516100,peripheral,0.48,4,0.1269,Обрыв выгрузки (колено 4): получил 5 тыс. от 1; P(ушли дальше)=0.31 — нужен 5-й уровень,False,4,0,1,0,5000.0,0.0,1,0,0.0,0.0,7,0,1,0,7.529618231442313,0.0002931596479812034,0.0,2.77264042489674e-05,0.0,True,0.31213384013279893,,0.0,,1.0,1,False,0,1.17,log_in,False,,0.012,0.009,0.0,0.0799,0.026,0.0,0.0
100000005226217100,peripheral,0.476,2,0.2918,Обрыв выгрузки (колено 4): получил 18 тыс. от 1; P(ушли дальше)=0.29 — нужен 5-й уровень,False,4,0,1,0,17500.0,0.0,1,0,0.0,0.0,9,0,1,0,490.05066858294794,0.0003830224720707795,0.0,9.023756758629543e-290,0.0,True,0.2858425983113027,,0.0,,1.0,0,False,0,0.4,log_in,False,,0.0119,0.0757,0.0,0.1361,0.0681,0.0,0.0
100000001533161100,terminal,0.45,4,0.2498,"Колено 4, исходящие не выгружались; модель по 1–3 коленам: P(ушли дальше)=0.25; получил 100 тыс.",False,4,0,1,0,100000.0,0.0,1,0,0.0,0.0,7,0,1,0,186.84132319935495,0.0003244427669685303,0.0,7.661109122360097e-07,0.0,True,0.24916860765485538,estimated,0.0,,1.0,0,False,0,0.67,log_in,False,,0.0619,0.052,0.0,0.0799,0.0559,0.0,0.0
100000007034089100,peripheral,0.131,2,0.2269,Обрыв выгрузки (колено 4): получил 198 тыс. от 2; P(ушли дальше)=0.35 — нужен 5-й уровень [аномалия для колена],False,4,0,2,0,198000.0,0.0,2,0,0.0,0.0,8,0,2,0,37.68118829583437,0.00032111599242809935,0.0,1.6071078648056672e-06,0.0,True,0.3529146743875735,,0.0,,2.0,1,False,0,4.88,in_deg,True,,0.0033,0.0267,0.0,0.1253,0.0549,0.0,0.0167
100000008336318100,terminal,0.457,2,0.248,"Колено 4, исходящие не выгружались; модель по 1–3 коленам: P(ушли дальше)=0.24; получил 170 тыс.",False,4,0,1,0,170000.0,0.0,1,0,0.0,0.0,8,0,1,0,0.8830443123160977,0.00032671946741775836,0.0,3.090697396070124e-08,0.0,True,0.2386525077213549,estimated,0.0,,1.0,0,False,0,1.0,log_in,False,,0.0628,0.0034,0.0,0.1253,0.0565,0.0,0.0
100000005370558100,peripheral,0.48,4,0.1325,Обрыв выгрузки (колено 4): получил 5 тыс. от 1; P(ушли дальше)=0.31 — нужен 5-й уровень,False,4,0,1,0,5000.0,0.0,1,0,0.0,0.0,7,0,1,0,1.1550122875419881,0.00029929939547880074,0.0,5.553943429951723e-06,0.0,True,0.3130391851972015,,0.0,,1.0,1,False,0,1.17,log_in,False,,0.012,0.004,0.0,0.0799,0.0366,0.0,0.0
100000002729875100,peripheral,0.245,6,0.194,Обрыв выгрузки (колено 4): получил 76 тыс. от 1; P(ушли дальше)=0.25 — нужен 5-й уровень,False,4,0,1,0,76000.0,0.0,1,0,0.0,0.0,7,0,1,0,236.32174074235508,0.00031401829922035325,0.0,2.758273854900145e-06,0.0,True,0.254596817813822,,0.0,,1.0,0,False,0,0.51,log_in,False,,0.0061,0.0574,0.0,0.0799,0.0505,0.0,0.0
100000006512787100,peripheral,0.452,11,0.1939,Обрыв выгрузки (колено 4): получил 20 тыс. от 1; P(ушли дальше)=0.43 — нужен 5-й уровень,False,4,0,1,0,20000.0,0.0,2,0,0.0,0.0,7,0,1,0,26.697596784421794,0.0005300461906110881,0.0,0.0,0.0,True,0.4290182680259604,,0.0,,1.0,0,False,0,0.32,log_in,False,,0.0113,0.023,0.0,0.0799,0.0797,0.0,0.0
100000003186579100,peripheral,0.195,1,0.2554,Обрыв выгрузки (колено 4): получил 110 тыс. от 1; P(ушли дальше)=0.39 — нужен 5-й уровень,False,4,0,1,0,110000.0,0.0,2,0,0.0,0.0,7,0,1,0,1094.8623248707427,0.0005151815504625246,0.0,0.0,0.0,True,0.3860643895407822,,0.0,,1.0,0,False,0,0.73,log_in,False,,0.0049,0.092,0.0,0.0799,0.0785,0.0,0.0
100000004472936100,peripheral,0.48,4,0.2172,Обрыв выгрузки (колено 4): получил 5 тыс. от 1; P(ушли дальше)=0.31 — нужен 5-й уровень,False,4,0,1,0,5000.0,0.0,1,0,0.0,0.0,7,0,1,0,127.38552691746825,0.0005318955309395101,0.0,0.0,0.0,True,0.3124672219443077,,0.0,,1.0,1,False,0,1.17,log_in,False,,0.012,0.0444,0.0,0.0799,0.0808,0.0,0.0
100000002231144100,peripheral,0.48,17,0.2277,Обрыв выгрузки (колено 4): получил 15 тыс. от 1; P(ушли дальше)=0.29 — нужен 5-й уровень,False,4,0,1,0,15000.0,0.0,1,0,0.0,0.0,7,0,1,0,370.9090909090909,0.0003672376389003139,0.0,5.122433452555066e-255,0.0,True,0.28792785350596856,,0.0,,1.0,0,False,0,0.5,log_in,False,,0.012,0.0696,0.0,0.0799,0.0661,0.0,0.0
100000002505277100,peripheral,0.274,11,0.1704,Обрыв выгрузки (колено 4): получил 60 тыс. от 1; P(ушли дальше)=0.26 — нужен 5-й уровень,False,4,0,1,0,60000.0,0.0,1,0,0.0,0.0,7,0,1,0,10.521220407653908,0.0004076531172154509,0.0,0.0,0.0,True,0.25988853929060146,,0.0,,1.0,0,False,0,0.36,log_in,False,,0.0069,0.0123,0.0,0.0799,0.0713,0.0,0.0
100000003177533100,peripheral,0.452,15,0.1854,Обрыв выгрузки (колено 4): получил 20 тыс. от 1; P(ушли дальше)=0.38 — нужен 5-й уровень,False,4,0,1,0,20000.0,0.0,3,0,0.0,0.0,7,0,1,0,66.78586273440109,0.0003381973769821903,0.0,0.0,0.0,True,0.3816197874341482,,0.0,,1.0,2,False,0,0.32,log_in,False,,0.0113,0.0343,0.0,0.0799,0.0599,0.0,0.0
100000005888829100,terminal,0.458,2,0.2871,"Колено 4, исходящие не выгружались; модель по 1–3 коленам: P(ушли дальше)=0.24; получил 197 тыс.",False,4,0,1,0,197000.0,0.0,1,0,0.0,0.0,8,0,1,0,173.1548457261609,0.00031148616447209,0.0,1.276147972494963e-06,0.0,True,0.2364124606214217,estimated,0.0,,1.0,0,False,0,1.09,log_in,False,,0.063,0.0505,0.0,0.1253,0.0484,0.0,0.0
100000002242066100,peripheral,0.274,16,0.1948,Обрыв выгрузки (колено 4): получил 60 тыс. от 1; P(ушли дальше)=0.26 — нужен 5-й уровень,False,4,0,1,0,60000.0,0.0,1,0,0.0,0.0,7,0,1,0,36.83534009304942,0.0005337841025658814,0.0,0.0,0.0,True,0.26010186457630635,,0.0,,1.0,0,False,0,0.36,log_in,False,,0.0069,0.0264,0.0,0.0799,0.0816,0.0,0.0
100000008027922100,peripheral,0.257,27,0.2879,Обрыв выгрузки (колено 4): получил 70 тыс. от 1; P(ушли дальше)=0.26 — нужен 5-й уровень,False,4,0,1,0,70000.0,0.0,1,0,0.0,0.0,7,0,1,0,7483.831694505407,0.0005023680629098515,0.0,0.0,0.0,True,0.2564076027320031,,0.0,,1.0,0,False,0,0.45,log_in,False,,0.0064,0.1238,0.0,0.0799,0.0778,0.0,0.0
100000002686226100,peripheral,0.057,7,0.2761,Обрыв выгрузки (колено 4): получил 430 тыс. от 1; P(ушли дальше)=0.35 — нужен 5-й уровень,False,4,0,1,0,430000.0,0.0,2,0,0.0,0.0,7,0,1,0,2372.4177434459775,0.0006546162523072483,0.0,0.0,0.0,True,0.352493833701674,,0.0,,1.0,0,False,0,1.57,log_in,False,,0.0014,0.1045,0.0,0.0799,0.0902,0.0,0.0
100000001065234100,terminal,0.465,3,0.3018,"Колено 4, исходящие не выгружались; модель по 1–3 коленам: P(ушли дальше)=0.23; получил 360 тыс.",False,4,0,1,0,360000.0,0.0,1,0,0.0,0.0,7,0,1,0,446.65307503981245,0.0005486947871235914,0.0,0.0,0.0,True,0.22548876924660707,estimated,0.0,,1.0,0,False,0,1.46,log_in,False,,0.0639,0.0733,0.0,0.0799,0.0845,0.0,0.0
100000000424935100,peripheral,0.48,22,0.1701,Обрыв выгрузки (колено 4): получил 15 тыс. от 1; P(ушли дальше)=0.29 — нужен 5-й уровень,False,4,0,1,0,15000.0,0.0,1,0,0.0,0.0,7,0,1,0,90.06398997663632,0.0003014479732354374,0.0,3.0386804526261044e-11,0.0,True,0.28897468567155016,,0.0,,1.0,0,False,0,0.5,log_in,False,,0.012,0.038,0.0,0.0799,0.0401,0.0,0.0
100000005723580100,peripheral,0.358,2,0.2308,Обрыв выгрузки (колено 4): получил 35 тыс. от 1; P(ушли дальше)=0.27 — нужен 5-й уровень,False,4,0,1,0,35000.0,0.0,1,0,0.0,0.0,8,0,1,0,74.19459926018567,0.00034433622437463404,0.0,1.23619985386e-313,0.0,True,0.270655104846106,,0.0,,1.0,0,False,0,0.03,log_in,False,,0.009,0.0353,0.0,0.1253,0.0613,0.0,0.0
100000000704700100,peripheral,0.48,23,0.1467,Обрыв выгрузки (колено 4): получил 10 тыс. от 1; P(ушли дальше)=0.30 — нужен 5-й уровень,False,4,2,1,0,10000.0,0.0,1,0,0.0,0.0,1,0,0,0,66.6503810497929,0.000533255171856773,0.0,0.0,0.0,True,0.29682402888686277,,0.0,,1.0,0,False,0,0.75,log_in,False,,0.012,0.0341,0.0,0.0192,0.0814,0.0,0.0
100000005293969100,peripheral,0.48,1,0.1797,Обрыв выгрузки (колено 4): получил 5 тыс. от 1; P(ушли дальше)=0.31 — нужен 5-й уровень,False,4,0,1,0,5466.97,0.0,1,0,0.0,0.0,7,0,1,0,5.824963068379037,0.0005304901604905838,0.0,0.0,0.0,True,0.3113603517406346,,0.0,,1.0,1,False,0,1.12,log_in,False,,0.012,0.0078,0.0,0.0799,0.0799,0.0,0.0
100000002512742100,peripheral,0.48,20,0.0441,Обрыв выгрузки (колено 4): получил 6 тыс. от 1; P(ушли дальше)=0.31 — нужен 5-й уровень,False,4,0,1,0,6000.0,0.0,1,0,0.0,0.0,1,0,0,0,0.2903096492767315,0.00028878019191604315,0.0,3.6873817911951947e-06,0.0,True,0.30813487079239366,,0.0,,1.0,1,False,0,1.06,log_in,False,,0.012,0.001,0.0,0.0192,0.0118,0.0,0.0
100000001816678100,peripheral,0.274,8,0.1546,Обрыв выгрузки (колено 4): получил 60 тыс. от 1; P(ушли дальше)=0.26 — нужен 5-й уровень,False,4,0,1,0,60000.0,0.0,1,0,0.0,0.0,7,0,1,0,21.063136905352938,0.0003096552220398208,0.0,2.3085824487559636e-05,0.0,True,0.25916408296274834,,0.0,,1.0,0,False,0,0.36,log_in,False,,0.0069,0.0207,0.0,0.0799,0.0471,0.0,0.0
100000004586598100,peripheral,0.03,21,0.1983,Обрыв выгрузки (колено 4): получил 761 тыс. от 1; P(ушли дальше)=0.57 — нужен 5-й уровень,False,4,0,1,0,761255.0,0.0,4,0,0.0,0.0,7,0,1,0,69.3446603385153,0.0005392658410384634,0.0,0.0,0.0,True,0.5713709945294052,,0.0,,1.0,0,False,0,1.93,log_in,False,,0.0008,0.0346,0.0,0.0799,0.083,0.0,0.0
100000005782886100,peripheral,0.48,2,0.284,Обрыв выгрузки (колено 4): получил 14 тыс. от 1; P(ушли дальше)=0.29 — нужен 5-й уровень,False,4,0,1,0,14000.0,0.0,1,0,0.0,0.0,9,0,1,0,392.0405348663583,0.00036353183650008177,0.0,9.023756758629543e-290,0.0,True,0.2896429327877598,,0.0,,1.0,0,False,0,0.54,log_in,False,,0.012,0.0706,0.0,0.1361,0.0653,0.0,0.0
100000002622822100,terminal,0.473,2,0.3377,"Колено 4, исходящие не выгружались; модель по 1–3 коленам: P(ушли дальше)=0.21; получил 750 тыс.",False,4,0,1,0,750000.0,0.0,1,0,0.0,0.0,9,0,1,0,113.73894142614436,0.0009076861139921067,0.0,0.0,0.0,True,0.21135587557225832,estimated,0.0,,1.0,0,False,0,1.92,log_in,False,,0.065,0.042,0.0,0.1361,0.0946,0.0,0.0
100000003718715100,peripheral,0.03,21,0.2324,Обрыв выгрузки (колено 4): получил 915 тыс. от 1; P(ушли дальше)=0.45 — нужен 5-й уровень,False,4,0,1,0,915000.0,0.0,3,0,0.0,0.0,7,0,1,0,305.1165054894673,0.000575576480964531,0.0,0.0,0.0,True,0.45404282662766704,,0.0,,1.0,0,False,0,2.04,log_in,False,,0.0008,0.0646,0.0,0.0799,0.0871,0.0,0.0
100000006491963100,peripheral,0.48,20,0.0627,Обрыв выгрузки (колено 4): получил 16 тыс. от 1; P(ушли дальше)=0.56 — нужен 5-й уровень,False,4,0,1,0,16000.0,0.0,3,0,0.0,0.0,1,0,0,0,0.7741590647379505,0.0002941316880806304,0.0,3.6873817911951947e-06,0.0,True,0.5597887573059063,,0.0,,1.0,3,False,0,0.46,log_in,False,,0.012,0.003,0.0,0.0192,0.0285,0.0,0.0
100000004526651100,peripheral,0.366,2,0.1752,Обрыв выгрузки (колено 4): получил 33 тыс. от 1; P(ушли дальше)=0.27 — нужен 5-й уровень,False,4,0,1,0,33000.0,0.0,1,0,0.0,0.0,8,0,1,0,29.005634055651317,0.0002899106988792623,0.0,1.276147972494963e-06,0.0,True,0.2717443608749187,,0.0,,1.0,0,False,0,0.01,log_in,False,,0.0092,0.0241,0.0,0.1253,0.0167,0.0,0.0
100000008331280100,peripheral,0.337,25,0.1883,Обрыв выгрузки (колено 4): получил 41 тыс. от 1; P(ушли дальше)=0.41 — нужен 5-й уровень,False,4,0,1,0,41000.0,0.0,2,0,0.0,0.0,7,0,1,0,146.13340145400588,0.00031806648242539286,0.0,1.23619985386e-313,0.0,True,0.4104570480566062,,0.0,,1.0,0,False,0,0.12,log_in,False,,0.0084,0.047,0.0,0.0799,0.053,0.0,0.0
100000004177936100,peripheral,0.48,1,0.207,Обрыв выгрузки (колено 4): получил 10 тыс. от 1; P(ушли дальше)=0.30 — нужен 5-й уровень,False,4,0,1,0,10000.0,0.0,1,0,0.0,0.0,7,0,1,0,221.14889298516502,0.00033700711990315843,0.0,1.964772812673273e-05,0.0,True,0.29779692210035086,,0.0,,1.0,0,False,0,0.75,log_in,False,,0.012,0.0556,0.0,0.0799,0.0595,0.0,0.0
100000002922000100,terminal,0.467,4,0.3057,"Колено 4, исходящие не выгружались; модель по 1–3 коленам: P(ушли дальше)=0.22; получил 448 тыс.",False,4,0,1,0,448000.0,0.0,1,0,0.0,0.0,7,0,1,0,837.0491279331101,0.0004597224521428434,0.0,7.661109122360097e-07,0.0,True,0.22127563137596765,estimated,0.0,,1.0,0,False,0,1.6,log_in,False,,0.0642,0.0868,0.0,0.0799,0.0748,0.0,0.0
100000002404112100,peripheral,0.274,25,0.2126,Обрыв выгрузки (колено 4): получил 60 тыс. от 1; P(ушли дальше)=0.26 — нужен 5-й уровень,False,4,0,1,0,60000.0,0.0,1,0,0.0,0.0,7,0,1,0,350.08260067588327,0.0003300834785756558,0.0,4.0337773258533445e-08,0.0,True,0.25895125762610893,,0.0,,1.0,0,False,0,0.36,log_in,False,,0.0069,0.0682,0.0,0.0799,0.0576,0.0,0.0
100000000634341100,peripheral,0.422,1,0.2812,Обрыв выгрузки (колено 4): получил 24 тыс. от 1; P(ушли дальше)=0.42 — нужен 5-й уровень,False,4,0,1,0,24000.0,0.0,2,0,0.0,0.0,7,0,1,0,2501.2748904264204,0.00055493827193886,0.0,0.0,0.0,True,0.42439238763994513,,0.0,,1.0,1,False,0,0.21,log_in,False,,0.0106,0.1053,0.0,0.0799,0.0855,0.0,0.0
100000001822650100,terminal,0.452,2,0.2498,"Колено 4, исходящие не выгружались; модель по 1–3 коленам: P(ушли дальше)=0.25; получил 112 тыс.",False,4,0,1,0,112000.0,0.0,1,0,0.0,0.0,8,0,1,0,18.06708513995857,0.00030590273887598653,0.0,3.309598923107044e-07,0.0,True,0.24653755752343925,estimated,0.0,,1.0,0,False,0,0.74,log_in,False,,0.0622,0.0182,0.0,0.1253,0.0442,0.0,0.0
100000004791226100,peripheral,0.452,11,0.2319,Обрыв выгрузки (колено 4): получил 20 тыс. от 1; P(ушли дальше)=0.28 — нужен 5-й уровень,False,4,0,1,0,20000.0,0.0,1,0,0.0,0.0,7,0,1,0,235.85069080490848,0.0005414836607379305,0.0,0.0,0.0,True,0.28272013189828366,,0.0,,1.0,0,False,0,0.32,log_in,False,,0.0113,0.0571,0.0,0.0799,0.0835,0.0,0.0
100000007841978100,terminal,0.468,7,0.3099,"Колено 4, исходящие не выгружались; модель по 1–3 коленам: P(ушли дальше)=0.22; получил 449 тыс.",False,4,0,1,0,449000.0,0.0,1,0,0.0,0.0,7,0,1,0,883.3451730469081,0.0005063238893873195,0.0,0.0,0.0,True,0.22047212691508716,estimated,0.0,,1.0,0,False,0,1.6,log_in,False,,0.0644,0.0876,0.0,0.0799,0.0781,0.0,0.0
100000006866831100,peripheral,0.48,8,0.2311,Обрыв выгрузки (колено 4): получил 16 тыс. от 1; P(ушли дальше)=0.29 — нужен 5-й уровень,False,4,0,1,0,16500.0,0.0,1,0,0.0,0.0,7,0,1,0,436.1550656847254,0.00036767719063950316,0.0,1.23619985386e-313,0.0,True,0.2861075413139734,,0.0,,1.0,0,False,0,0.44,log_in,False,,0.012,0.073,0.0,0.0799,0.0662,0.0,0.0
100000002999140100,peripheral,0.48,12,0.1228,Обрыв выгрузки (колено 4): получил 10 тыс. от 1; P(ушли дальше)=0.45 — нужен 5-й уровень,False,4,0,1,0,10000.0,0.0,2,0,0.0,0.0,7,0,1,0,14.440654258569436,0.0002894826040557577,0.0,2.369785348115211e-06,0.0,True,0.44762921283121104,,0.0,,1.0,2,False,0,0.75,log_in,False,,0.012,0.0159,0.0,0.0799,0.015,0.0,0.0
100000002884708100,terminal,0.403,2,0.3074,"Колено 4, исходящие не выгружались; модель по 1–3 коленам: P(ушли дальше)=0.33; получил 1.2 млн",False,4,0,1,0,1171644.0,0.0,2,0,0.0,0.0,8,0,1,0,102.96609045701344,0.0005625754563953265,0.0,0.0,0.0,True,0.3285245899426911,estimated,0.0,,1.0,0,False,0,2.19,log_in,False,,0.0554,0.0403,0.0,0.1253,0.0863,0.0,0.0
100000001130553100,peripheral,0.468,7,0.271,Обрыв выгрузки (колено 4): получил 18 тыс. от 1; P(ушли дальше)=0.35 — нужен 5-й уровень,False,4,0,1,0,18000.0,0.0,2,0,0.0,0.0,7,0,1,0,1345.6954160379232,0.0005436529519802218,0.0,1.23619985386e-313,0.0,True,0.348964580291226,,0.0,,1.0,1,False,0,0.38,log_in,False,,0.0117,0.0956,0.0,0.0799,0.0837,0.0,0.0
100000006351075100,peripheral,0.341,11,0.1093,Обрыв выгрузки (колено 4): получил 40 тыс. от 1; P(ушли дальше)=0.33 — нужен 5-й уровень,False,4,0,1,0,40000.0,0.0,2,0,0.0,0.0,7,0,1,0,0.19094640495917728,0.0002910853306876047,0.0,3.8798761239758137e-256,0.0,True,0.3291469364140658,,0.0,,1.0,0,False,0,0.11,log_in,False,,0.0085,0.0004,0.0,0.0799,0.0205,0.0,0.0
100000005616568100,terminal,0.469,7,0.2881,"Колено 4, исходящие не выгружались; модель по 1–3 коленам: P(ушли дальше)=0.22; получил 530 тыс.",False,4,0,1,0,530000.0,0.0,1,0,0.0,0.0,7,0,1,0,382.3229993004574,0.0004319554143337925,0.0,3.8798761239758137e-256,0.0,True,0.2185531892490665,estimated,0.0,,1.0,0,False,0,1.7,log_in,False,,0.0645,0.0704,0.0,0.0799,0.0733,0.0,0.0
100000006381453100,peripheral,0.326,2,0.2762,Обрыв выгрузки (колено 4): получил 45 тыс. от 1; P(ушли дальше)=0.27 — нужен 5-й уровень,False,4,0,1,0,45000.0,0.0,1,0,0.0,0.0,8,0,1,0,222.46138478311366,0.0005761677704875264,0.0,0.0,0.0,True,0.2659985611780578,,0.0,,1.0,0,False,0,0.18,log_in,False,,0.0082,0.0557,0.0,0.1253,0.0871,0.0,0.0
100000004616845100,peripheral,0.444,10,0.1079,Обрыв выгрузки (колено 4): получил 20 тыс. от 1; P(ушли дальше)=0.43 — нужен 5-й уровень,False,4,0,1,0,20200.0,0.0,2,0,0.0,0.0,7,0,1,0,1.924095058601442,0.000288817668252161,0.0,1.23619985386e-313,0.0,True,0.4285452835251875,,0.0,,1.0,1,False,0,0.31,log_in,False,,0.0111,0.0048,0.0,0.0799,0.0121,0.0,0.0
100000004908173100,peripheral,0.441,2,0.2195,Обрыв выгрузки (колено 4): получил 21 тыс. от 1; P(ушли дальше)=0.28 — нужен 5-й уровень,False,4,0,1,0,21000.0,0.0,1,0,0.0,0.0,8,0,1,0,44.5167595561114,0.0003208294523116968,0.0,1.23619985386e-313,0.0,True,0.28114463621470487,,0.0,,1.0,0,False,0,0.29,log_in,False,,0.011,0.0286,0.0,0.1253,0.0547,0.0,0.0
100000004433250100,peripheral,0.48,11,0.1414,Обрыв выгрузки (колено 4): получил 8 тыс. от 1; P(ушли дальше)=0.30 — нужен 5-й уровень,False,4,0,1,0,8000.0,0.0,1,0,0.0,0.0,7,0,1,0,1.7585899372420515,0.0003065701457455701,0.0,0.0,0.0,True,0.30178225761419114,,0.0,,1.0,1,False,0,0.88,log_in,False,,0.012,0.0047,0.0,0.0799,0.0448,0.0,0.0
100000003664994100,peripheral,0.077,7,0.2358,Обрыв выгрузки (колено 4): получил 338 тыс. от 1; P(ушли дальше)=0.36 — нужен 5-й уровень,False,4,0,1,0,338271.0,0.0,2,0,0.0,0.0,7,0,1,0,751.3328442691941,0.0003911208228878406,0.0,1.207235573201223e-06,0.0,True,0.3584163684208395,,0.0,,1.0,0,False,0,1.43,log_in,False,,0.0019,0.0848,0.0,0.0799,0.0692,0.0,0.0
100000004673335100,peripheral,0.241,14,0.27,Обрыв выгрузки (колено 4): получил 80 тыс. от 1; P(ушли дальше)=0.25 — нужен 5-й уровень,False,4,0,1,0,80000.0,0.0,1,0,0.0,0.0,7,0,1,0,2753.649165684153,0.0004940906043598346,0.0,4.5006020958930306e-05,0.0,True,0.25424852406751347,,0.0,,1.0,0,False,0,0.54,log_in,False,,0.006,0.1069,0.0,0.0799,0.0772,0.0,0.0
100000002487222100,peripheral,0.226,7,0.1671,Обрыв выгрузки (колено 4): получил 90 тыс. от 1; P(ушли дальше)=0.39 — нужен 5-й уровень,False,4,0,1,0,90000.0,0.0,2,0,0.0,0.0,7,0,1,0,64.9227734661154,0.0003104273146144327,0.0,3.8798761239758137e-256,0.0,True,0.3918080380819582,,0.0,,1.0,0,False,0,0.61,log_in,False,,0.0057,0.0339,0.0,0.0799,0.0476,0.0,0.0
100000000018102100,peripheral,0.48,8,0.1981,Обрыв выгрузки (колено 4): получил 7 тыс. от 1; P(ушли дальше)=0.31 — нужен 5-й уровень,False,4,0,1,0,7000.0,0.0,1,0,0.0,0.0,7,0,1,0,185.03548241170168,0.0003204029472448961,0.0,1.23619985386e-313,0.0,True,0.3050724972520591,,0.0,,1.0,1,False,0,0.97,log_in,False,,0.012,0.0517,0.0,0.0799,0.0545,0.0,0.0
100000008638859100,peripheral,0.363,19,0.3416,Обрыв выгрузки (колено 4): получил 34 тыс. от 1; P(ушли дальше)=0.27 — нужен 5-й уровень,False,4,0,1,0,34000.0,0.0,1,0,0.0,0.0,9,0,1,0,4302.501456629475,0.0005396486131466575,0.0,3.5536461203501896e-05,0.0,True,0.27178250820212496,,0.0,,1.0,0,False,0,0.01,log_in,False,,0.0091,0.1133,0.0,0.1361,0.0831,0.0,0.0
100000001131403100,peripheral,0.03,10,0.2111,Обрыв выгрузки (колено 4): получил 1.6 млн от 1; P(ушли дальше)=0.44 — нужен 5-й уровень,False,4,0,1,0,1570000.0,0.0,3,0,0.0,0.0,7,0,1,0,149.54600207941903,0.0005380419296007599,0.0,1.23619985386e-313,0.0,True,0.44019838055122557,,0.0,,1.0,0,False,0,2.37,log_in,False,,0.0008,0.0479,0.0,0.0799,0.0825,0.0,0.0
100000001733216100,peripheral,0.274,11,0.1704,Обрыв выгрузки (колено 4): получил 60 тыс. от 1; P(ушли дальше)=0.32 — нужен 5-й уровень,False,4,0,1,0,60000.0,0.0,2,0,0.0,0.0,7,0,1,0,10.521220407653908,0.0004076531172154509,0.0,0.0,0.0,True,0.3202539124047863,,0.0,,1.0,0,False,0,0.36,log_in,False,,0.0069,0.0123,0.0,0.0799,0.0713,0.0,0.0
100000004400480100,peripheral,0.438,14,0.1658,Обрыв выгрузки (колено 4): получил 22 тыс. от 1; P(ушли дальше)=0.28 — нужен 5-й уровень,False,4,0,1,0,21700.0,0.0,1,0,0.0,0.0,2,0,1,0,94.92462626572943,0.0004845728560785352,0.0,0.0,0.0,True,0.28076292239224976,,0.0,,1.0,0,False,0,0.27,log_in,False,,0.011,0.0386,0.0,0.0397,0.0765,0.0,0.0
100000007539296100,peripheral,0.323,4,0.2153,Обрыв выгрузки (колено 4): получил 46 тыс. от 1; P(ушли дальше)=0.41 — нужен 5-й уровень,False,4,0,1,0,46000.0,0.0,2,0,0.0,0.0,7,0,1,0,110.23318336157514,0.0005573238796527794,0.0,0.0,0.0,True,0.40753788621744935,,0.0,,1.0,0,False,0,0.2,log_in,False,,0.0081,0.0414,0.0,0.0799,0.0858,0.0,0.0
100000008757301100,peripheral,0.277,1,0.2186,Обрыв выгрузки (колено 4): получил 58 тыс. от 1; P(ушли дальше)=0.53 — нужен 5-й уровень,False,4,0,1,0,58398.0,0.0,3,0,0.0,0.0,7,0,1,0,186.06188375461403,0.0005305464848242216,0.0,0.0,0.0,True,0.5262588832163417,,0.0,,1.0,1,False,0,0.34,log_in,False,,0.0069,0.0518,0.0,0.0799,0.08,0.0,0.0
100000002752565100,peripheral,0.279,1,0.2258,Обрыв выгрузки (колено 4): получил 57 тыс. от 1; P(ушли дальше)=0.26 — нужен 5-й уровень,False,4,0,1,0,57000.0,0.0,1,0,0.0,0.0,7,0,1,0,592.2526752493704,0.00033823599365261585,0.0,0.0,0.0,True,0.2601564851210862,,0.0,,1.0,0,False,0,0.33,log_in,False,,0.007,0.079,0.0,0.0799,0.0599,0.0,0.0
100000002734815100,terminal,0.452,2,0.2382,"Колено 4, исходящие не выгружались; модель по 1–3 коленам: P(ушли дальше)=0.25; получил 110 тыс.",False,4,0,1,0,110000.0,0.0,1,0,0.0,0.0,8,0,1,0,0.5713816138515926,0.00031219587687641694,0.0,3.090697396070124e-08,0.0,True,0.24713653751700554,estimated,0.0,,1.0,0,False,0,0.73,log_in,False,,0.0622,0.002,0.0,0.1253,0.0488,0.0,0.0
100000008333492100,terminal,0.46,2,0.2903,"Колено 4, исходящие не выгружались; модель по 1–3 коленам: P(ушли дальше)=0.23; получил 216 тыс.",False,4,0,1,0,216400.0,0.0,1,0,0.0,0.0,9,0,1,0,16.48905391804518,0.00043801085615694494,0.0,4.9968235834670635e-298,0.0,True,0.2339212270019289,estimated,0.0,,1.0,0,False,0,1.15,log_in,False,,0.0633,0.017,0.0,0.1361,0.0738,0.0,0.0
100000006527156100,peripheral,0.313,4,0.1701,Обрыв выгрузки (колено 4): получил 48 тыс. от 1; P(ушли дальше)=0.26 — нужен 5-й уровень,False,4,0,1,0,48500.0,0.0,1,0,0.0,0.0,7,0,1,0,169.40514268060107,0.0002960785446390128,0.0,1.23619985386e-313,0.0,True,0.2642076068205152,,0.0,,1.0,0,False,0,0.23,log_in,False,,0.0078,0.0502,0.0,0.0799,0.0321,0.0,0.0
100000003448713100,terminal,0.462,8,0.2071,"Колено 4, исходящие не выгружались; модель по 1–3 коленам: P(ушли дальше)=0.23; получил 267 тыс.",False,4,0,1,0,266750.0,0.0,1,0,0.0,0.0,7,0,1,0,22.69714579700659,0.00030345492477779225,0.0,0.00011365723210704084,0.0,True,0.23059898614210192,estimated,0.0,,1.0,0,False,0,1.28,log_in,False,,0.0635,0.0212,0.0,0.0799,0.0424,0.0,0.0
100000004780083100,peripheral,0.48,4,0.1271,Обрыв выгрузки (колено 4): получил 10 тыс. от 1; P(ушли дальше)=0.30 — нужен 5-й уровень,False,4,0,1,0,9999.0,0.0,1,0,0.0,0.0,7,0,1,0,6.474215809161475,0.00029338523165935545,0.0,1.23619985386e-313,0.0,True,0.2968262197059909,,0.0,,1.0,1,False,0,0.75,log_in,False,,0.012,0.0084,0.0,0.0799,0.0267,0.0,0.0
100000004798515100,peripheral,0.127,12,0.2112,Обрыв выгрузки (колено 4): получил 200 тыс. от 1; P(ушли дальше)=0.37 — нужен 5-й уровень,False,4,0,1,0,200000.0,0.0,2,0,0.0,0.0,7,0,1,0,288.81308517138876,0.0003638354909866272,0.0,2.369785348115211e-06,0.0,True,0.37124971112616084,,0.0,,1.0,0,False,0,1.1,log_in,False,,0.0032,0.0626,0.0,0.0799,0.0655,0.0,0.0
100000004232712100,peripheral,0.48,7,0.1984,Обрыв выгрузки (колено 4): получил 12 тыс. от 1; P(ушли дальше)=0.29 — нужен 5-й уровень,False,4,0,1,0,12500.0,0.0,1,0,0.0,0.0,7,0,1,0,38.553063085690646,0.0005292762077277109,0.0,0.0,0.0,True,0.29250932962860926,,0.0,,1.0,0,False,0,0.61,log_in,False,,0.012,0.0271,0.0,0.0799,0.0794,0.0,0.0
100000005209352100,peripheral,0.48,1,0.2546,Обрыв выгрузки (колено 4): получил 5 тыс. от 1; P(ушли дальше)=0.31 — нужен 5-й уровень,False,4,0,1,0,5000.0,0.0,1,0,0.0,0.0,7,0,1,0,1045.4577325573462,0.00042028195414468963,0.0,0.0,0.0,True,0.3131345677962313,,0.0,,1.0,1,False,0,1.17,log_in,False,,0.012,0.0907,0.0,0.0799,0.072,0.0,0.0
100000000561160100,terminal,0.461,8,0.2945,"Колено 4, исходящие не выгружались; модель по 1–3 коленам: P(ушли дальше)=0.23; получил 240 тыс.",False,4,0,1,0,240000.0,0.0,1,0,0.0,0.0,7,0,1,0,536.8318553416009,0.00043625462329844033,0.0,1.1987358305559333e-05,0.0,True,0.23201926570489734,estimated,0.0,,1.0,0,False,0,1.21,log_in,False,,0.0634,0.0774,0.0,0.0799,0.0737,0.0,0.0
100000003568904100,peripheral,0.311,4,0.2114,Обрыв выгрузки (колено 4): получил 49 тыс. от 1; P(ушли дальше)=0.26 — нужен 5-й уровень,False,4,0,1,0,49000.0,0.0,1,0,0.0,0.0,7,0,1,0,121.05264643642839,0.000531731011956939,0.0,0.0,0.0,True,0.26361076087290747,,0.0,,1.0,0,False,0,0.23,log_in,False,,0.0078,0.0431,0.0,0.0799,0.0806,0.0,0.0
100000000470237100,peripheral,0.367,3,0.3283,Обрыв выгрузки (колено 4): получил 32 тыс. от 1; P(ушли дальше)=0.27 — нужен 5-й уровень,False,4,0,1,0,32500.0,0.0,1,0,0.0,0.0,7,0,1,0,22404.004750928736,0.0005846333941764128,0.0,2.4980708508529283e-257,0.0,True,0.27149107729183575,,0.0,,1.0,0,False,0,0.02,log_in,False,,0.0092,0.1516,0.0,0.0799,0.0875,0.0,0.0
100000008560263100,terminal,0.45,7,0.2266,"Колено 4, исходящие не выгружались; модель по 1–3 коленам: P(ушли дальше)=0.25; получил 100 тыс.",False,4,0,1,0,100000.0,0.0,1,0,0.0,0.0,7,0,1,0,72.13641496235046,0.0003131893168807817,0.0,3.8798761239758137e-256,0.0,True,0.24999926309966897,estimated,0.0,,1.0,0,False,0,0.67,log_in,False,,0.0619,0.035,0.0,0.0799,0.0498,0.0,0.0
100000000542087100,peripheral,0.48,7,0.0971,Обрыв выгрузки (колено 4): получил 9 тыс. от 1; P(ушли дальше)=0.30 — нужен 5-й уровень,False,4,0,1,0,8506.91,0.0,1,0,0.0,0.0,7,0,1,0,0.5303874231173374,0.0002864146027372091,0.0,2.3749511394193016e-243,0.0,True,0.30089155097526255,,0.0,,1.0,1,False,0,0.85,log_in,False,,0.012,0.0019,0.0,0.0799,0.0032,0.0,0.0
100000004403548100,peripheral,0.48,1,0.1983,Обрыв выгрузки (колено 4): получил 5 тыс. от 1; P(ушли дальше)=0.31 — нужен 5-й уровень,False,4,0,1,0,5000.0,0.0,1,0,0.0,0.0,7,0,1,0,100.70490612047803,0.0003678656647208173,0.0,0.0,0.0,True,0.3133730934561546,,0.0,,1.0,1,False,0,1.17,log_in,False,,0.012,0.0401,0.0,0.0799,0.0663,0.0,0.0
100000003010908100,peripheral,0.48,6,0.1993,Обрыв выгрузки (колено 4): получил 17 тыс. от 1; P(ушли дальше)=0.29 — нужен 5-й уровень,False,4,0,1,0,17000.0,0.0,1,0,0.0,0.0,7,0,1,0,83.31721580429976,0.00039940942699817443,0.0,2.167803345925361e-06,0.0,True,0.2857394319527725,,0.0,,1.0,0,False,0,0.42,log_in,False,,0.012,0.0368,0.0,0.0799,0.0706,0.0,0.0
100000006756956100,peripheral,0.185,4,0.2136,Обрыв выгрузки (колено 4): получил 121 тыс. от 1; P(ушли дальше)=0.75 — нужен 5-й уровень [дробление у порога: 6 перев.],False,4,0,1,0,121200.0,0.0,9,0,0.0,0.0,7,0,1,0,303.1967794034653,0.00031094703412755853,0.0,9.170991232447734e-05,0.0,True,0.7483982341906529,,0.0,,1.0,6,True,0,0.79,log_in,False,,0.0046,0.0644,0.0,0.0799,0.048,0.0,0.0167
100000007357489100,peripheral,0.153,2,0.2283,Обрыв выгрузки (колено 4): получил 164 тыс. от 2; P(ушли дальше)=0.36 — нужен 5-й уровень [аномалия для колена],False,4,0,2,0,164500.0,0.0,2,0,0.0,0.0,8,0,2,0,62.059476003970154,0.00031295949170801585,0.0,1.6071078648056672e-06,0.0,True,0.3574722386683398,,0.0,,2.0,0,False,0,4.88,in_deg,True,,0.0038,0.033,0.0,0.1253,0.0496,0.0,0.0167
100000002599729100,peripheral,0.265,11,0.1932,Обрыв выгрузки (колено 4): получил 65 тыс. от 1; P(ушли дальше)=0.40 — нужен 5-й уровень,False,4,0,1,0,65000.0,0.0,2,0,0.0,0.0,7,0,1,0,50.578575188877906,0.00048578643675265784,0.0,0.0,0.0,True,0.3987000639031725,,0.0,,1.0,0,False,0,0.41,log_in,False,,0.0066,0.03,0.0,0.0799,0.0766,0.0,0.0
100000005849862100,peripheral,0.48,4,0.2656,Обрыв выгрузки (колено 4): получил 13 тыс. от 1; P(ушли дальше)=0.44 — нужен 5-й уровень,False,4,0,1,0,13000.0,0.0,2,0,0.0,0.0,7,0,1,0,992.9109888088619,0.0005484355639203493,0.0,0.0,0.0,True,0.44017848459429787,,0.0,,1.0,2,False,0,0.58,log_in,False,,0.012,0.0892,0.0,0.0799,0.0845,0.0,0.0
100000008762843100,peripheral,0.48,2,0.1431,Обрыв выгрузки (колено 4): получил 7 тыс. от 1; P(ушли дальше)=0.30 — нужен 5-й уровень,False,4,0,1,0,7000.0,0.0,1,0,0.0,0.0,8,0,1,0,0.03636064815419226,0.0002872637131137807,0.0,3.090697396070124e-08,0.0,True,0.30464954778601244,,0.0,,1.0,1,False,0,0.97,log_in,False,,0.012,0.0002,0.0,0.1253,0.0056,0.0,0.0
100000002723674100,peripheral,0.381,17,0.2216,Обрыв выгрузки (колено 4): получил 30 тыс. от 1; P(ушли дальше)=0.27 — нужен 5-й уровень,False,4,0,1,0,30000.0,0.0,1,0,0.0,0.0,7,0,1,0,482.8402366863905,0.00032717446121334877,0.0,2.3749511394193016e-243,0.0,True,0.2741256789992042,,0.0,,1.0,0,False,0,0.07,log_in,False,,0.0095,0.0754,0.0,0.0799,0.0567,0.0,0.0
100000008758106100,peripheral,0.48,2,0.152,Обрыв выгрузки (колено 4): получил 10 тыс. от 1; P(ушли дальше)=0.30 — нужен 5-й уровень,False,4,0,1,0,10000.0,0.0,1,0,0.0,0.0,8,0,1,0,8.789586077470096,0.00028688487138758524,0.0,1.276147972494963e-06,0.0,True,0.29687031547022025,,0.0,,1.0,0,False,0,0.75,log_in,False,,0.012,0.0101,0.0,0.1253,0.0046,0.0,0.0
100000001286703100,peripheral,0.443,7,0.1023,Обрыв выгрузки (колено 4): получил 20 тыс. от 1; P(ушли дальше)=0.28 — нужен 5-й уровень,False,4,0,1,0,20500.0,0.0,1,0,0.0,0.0,7,0,1,0,2.876757648513023,0.0002872398381747619,0.0,3.8798761239758137e-256,0.0,True,0.2815663904965035,,0.0,,1.0,0,False,0,0.3,log_in,False,,0.0111,0.0057,0.0,0.0799,0.0056,0.0,0.0
